case_id,sample_id,architecture,workload,N,shape,source,activity_min,activity_max,activity_mean,temp_min,temp_max,temp_mean
0,synthetic_standard_stripes_2_00000,standard,stripes,2,2x2,synthetic,0.43887844681739807,10.434391975402832,5.436635494232178,27.049236297607422,27.299121856689453,27.174179077148438
1,synthetic_standard_uniform_2_00001,standard,uniform,2,2x2,synthetic,11.90248966217041,11.90248966217041,11.90248966217041,29.760522842407227,29.760522842407227,29.760522842407227
2,synthetic_standard_stripes_2_00002,standard,stripes,2,2x2,synthetic,0.7860643267631531,7.512454509735107,4.149259567260742,26.575157165527344,26.743316650390625,26.659236907958984
3,synthetic_standard_hotspot_2_00003,standard,hotspot,2,2x2,synthetic,9.483192443847656,9.483192443847656,9.483192443847656,28.792728424072266,28.792728424072266,28.792728424072266
4,synthetic_standard_multihotspot_2_00004,standard,multihotspot,2,2x2,synthetic,8.13619327545166,8.13619327545166,8.13619327545166,28.25400161743164,28.25400161743164,28.25400161743164
5,synthetic_standard_hotspot_2_00005,standard,hotspot,2,2x2,synthetic,8.255269050598145,8.255269050598145,8.255269050598145,28.30158233642578,28.30158233642578,28.30158233642578
6,synthetic_standard_multihotspot_2_00006,standard,multihotspot,2,2x2,synthetic,11.853489875793457,11.853489875793457,11.853489875793457,29.740869522094727,29.740869522094727,29.740869522094727
7,synthetic_standard_quadrant_2_00007,standard,quadrant,2,2x2,synthetic,1.1675752401351929,7.973193645477295,2.8689796924591064,26.083961486816406,26.25410270690918,26.147077560424805
8,synthetic_standard_uniform_2_00008,standard,uniform,2,2x2,synthetic,8.617157936096191,8.617157936096191,8.617157936096191,28.446359634399414,28.446359634399414,28.446359634399414
9,synthetic_standard_multihotspot_2_00009,standard,multihotspot,2,2x2,synthetic,8.62912654876709,8.62912654876709,8.62912654876709,28.451126098632812,28.451126098632812,28.451126098632812
10,synthetic_standard_hotspot_2_00010,standard,hotspot,2,2x2,synthetic,9.878223419189453,9.878223419189453,9.878223419189453,28.95075225830078,28.95075225830078,28.95075225830078
11,synthetic_standard_uniform_2_00011,standard,uniform,2,2x2,synthetic,9.902819633483887,9.902819633483887,9.902819633483887,28.9605712890625,28.9605712890625,28.9605712890625
12,synthetic_standard_checkerboard_2_00012,standard,checkerboard,2,2x2,synthetic,0.4371519088745117,10.679256439208984,5.558204174041748,27.156734466552734,27.288888931274414,27.222810745239258
13,synthetic_standard_stripes_2_00013,standard,stripes,2,2x2,synthetic,0.700265109539032,8.249466896057129,4.4748663902282715,26.69502830505371,26.883758544921875,26.78939437866211
14,synthetic_standard_stripes_2_00014,standard,stripes,2,2x2,synthetic,0.8047643303871155,8.54991340637207,4.677338600158691,26.77361488342285,26.96724510192871,26.87042999267578
15,synthetic_standard_multihotspot_2_00015,standard,multihotspot,2,2x2,synthetic,7.036811351776123,7.036811351776123,7.036811351776123,27.814254760742188,27.814254760742188,27.814254760742188
16,synthetic_standard_stripes_2_00016,standard,stripes,2,2x2,synthetic,0.6648508310317993,9.820661544799805,5.242755889892578,26.982189178466797,27.211078643798828,27.096633911132812
17,synthetic_standard_stripes_2_00017,standard,stripes,2,2x2,synthetic,0.4589157700538635,9.274964332580566,4.866940021514893,26.836074829101562,27.05647087097168,26.946273803710938
18,synthetic_standard_uniform_2_00018,standard,uniform,2,2x2,synthetic,10.673611640930176,10.673611640930176,10.673611640930176,29.268901824951172,29.268901824951172,29.268901824951172
19,synthetic_standard_hotspot_2_00019,standard,hotspot,2,2x2,synthetic,10.260944366455078,10.260944366455078,10.260944366455078,29.10391616821289,29.10391616821289,29.10391616821289
20,synthetic_standard_multihotspot_2_00020,standard,multihotspot,2,2x2,synthetic,8.519750595092773,8.519750595092773,8.519750595092773,28.407352447509766,28.407352447509766,28.407352447509766
21,synthetic_standard_uniform_2_00021,standard,uniform,2,2x2,synthetic,9.746869087219238,9.746869087219238,9.746869087219238,28.898208618164062,28.898208618164062,28.898208618164062
22,synthetic_standard_checkerboard_2_00022,standard,checkerboard,2,2x2,synthetic,0.8534030914306641,9.634114265441895,5.243758678436279,27.040353775024414,27.153654098510742,27.097003936767578
23,synthetic_standard_checkerboard_2_00023,standard,checkerboard,2,2x2,synthetic,0.2813839018344879,8.233210563659668,4.257297039031982,26.651168823242188,26.753774642944336,26.702472686767578
24,synthetic_standard_checkerboard_2_00024,standard,checkerboard,2,2x2,synthetic,0.5570321679115295,10.647665977478027,5.602349281311035,27.175378799438477,27.30558204650879,27.240480422973633
25,synthetic_standard_stripes_2_00025,standard,stripes,2,2x2,synthetic,0.664313554763794,8.625547409057617,4.644930839538574,26.75787925720215,26.9569091796875,26.85739517211914
26,synthetic_standard_stripes_2_00026,standard,stripes,2,2x2,synthetic,0.16697292029857635,7.090848445892334,3.628910779953003,26.364486694335938,26.537578582763672,26.451032638549805
27,synthetic_standard_multihotspot_2_00027,standard,multihotspot,2,2x2,synthetic,9.505224227905273,9.505224227905273,9.505224227905273,28.801593780517578,28.801593780517578,28.801593780517578
28,synthetic_standard_uniform_2_00028,standard,uniform,2,2x2,synthetic,10.78528118133545,10.78528118133545,10.78528118133545,29.313629150390625,29.313629150390625,29.313629150390625
29,synthetic_standard_hotspot_2_00029,standard,hotspot,2,2x2,synthetic,9.52408504486084,9.52408504486084,9.52408504486084,28.809127807617188,28.809127807617188,28.809127807617188
30,synthetic_standard_multihotspot_2_00030,standard,multihotspot,2,2x2,synthetic,7.590029716491699,7.590029716491699,7.590029716491699,28.035511016845703,28.035511016845703,28.035511016845703
31,synthetic_standard_quadrant_2_00031,standard,quadrant,2,2x2,synthetic,1.3628710508346558,10.498536109924316,3.646787405014038,26.373476028442383,26.601869583129883,26.458202362060547
32,synthetic_standard_checkerboard_2_00032,standard,checkerboard,2,2x2,synthetic,0.7787508964538574,11.876705169677734,6.327728271484375,27.459014892578125,27.602216720581055,27.530616760253906
33,synthetic_standard_multihotspot_2_00033,standard,multihotspot,2,2x2,synthetic,7.481954574584961,7.481954574584961,7.481954574584961,27.9923152923584,27.9923152923584,27.9923152923584
34,synthetic_standard_quadrant_2_00034,standard,quadrant,2,2x2,synthetic,0.6836644411087036,8.01181697845459,2.515702486038208,25.93781280517578,26.12101936340332,26.00577735900879
35,synthetic_standard_hotspot_2_00035,standard,hotspot,2,2x2,synthetic,8.707091331481934,8.707091331481934,8.707091331481934,28.482311248779297,28.482311248779297,28.482311248779297
36,synthetic_standard_stripes_2_00036,standard,stripes,2,2x2,synthetic,0.7194629311561584,8.728372573852539,4.7239179611206055,26.788972854614258,26.989187240600586,26.889080047607422
37,synthetic_standard_multihotspot_2_00037,standard,multihotspot,2,2x2,synthetic,7.422221660614014,7.422221660614014,7.422221660614014,27.96837615966797,27.96837615966797,27.96837615966797
38,synthetic_standard_hotspot_2_00038,standard,hotspot,2,2x2,synthetic,8.16645622253418,8.16645622253418,8.16645622253418,28.26611328125,28.26611328125,28.26611328125
39,synthetic_standard_checkerboard_2_00039,standard,checkerboard,2,2x2,synthetic,0.10340296477079391,8.578096389770508,4.340749740600586,26.681137084960938,26.79048728942871,26.73581314086914
40,synthetic_standard_hotspot_2_00040,standard,hotspot,2,2x2,synthetic,8.682372093200684,8.682372093200684,8.682372093200684,28.472488403320312,28.472488403320312,28.472488403320312
41,synthetic_standard_hotspot_2_00041,standard,hotspot,2,2x2,synthetic,9.387478828430176,9.387478828430176,9.387478828430176,28.75448989868164,28.75448989868164,28.75448989868164
42,synthetic_standard_uniform_2_00042,standard,uniform,2,2x2,synthetic,11.834237098693848,11.834237098693848,11.834237098693848,29.7331485748291,29.7331485748291,29.7331485748291
43,synthetic_standard_hotspot_2_00043,standard,hotspot,2,2x2,synthetic,11.130940437316895,11.130940437316895,11.130940437316895,29.4519100189209,29.4519100189209,29.4519100189209
44,synthetic_standard_hotspot_2_00044,standard,hotspot,2,2x2,synthetic,9.962827682495117,9.962827682495117,9.962827682495117,28.98461151123047,28.98461151123047,28.98461151123047
45,synthetic_standard_hotspot_2_00045,standard,hotspot,2,2x2,synthetic,9.893957138061523,9.893957138061523,9.893957138061523,28.957042694091797,28.957042694091797,28.957042694091797
46,synthetic_standard_checkerboard_2_00046,standard,checkerboard,2,2x2,synthetic,0.43891146779060364,10.08268928527832,5.260800361633301,27.0416202545166,27.16605567932129,27.103837966918945
47,synthetic_standard_uniform_2_00047,standard,uniform,2,2x2,synthetic,11.305168151855469,11.305168151855469,11.305168151855469,29.521530151367188,29.521530151367188,29.521530151367188
48,synthetic_standard_quadrant_2_00048,standard,quadrant,2,2x2,synthetic,0.2103736400604248,9.770180702209473,2.600325584411621,25.95095443725586,26.189950942993164,26.03961181640625
49,synthetic_standard_multihotspot_2_00049,standard,multihotspot,2,2x2,synthetic,10.634973526000977,10.634973526000977,10.634973526000977,29.25345230102539,29.25345230102539,29.25345230102539
50,synthetic_standard_stripes_2_00050,standard,stripes,2,2x2,synthetic,0.10774094611406326,10.664047241210938,5.385893821716309,27.021936416625977,27.28584098815918,27.153888702392578
51,synthetic_standard_checkerboard_2_00051,standard,checkerboard,2,2x2,synthetic,0.5548524856567383,8.149650573730469,4.3522515296936035,26.691408157348633,26.789405822753906,26.740406036376953
52,synthetic_standard_hotspot_2_00052,standard,hotspot,2,2x2,synthetic,11.319158554077148,11.319158554077148,11.319158554077148,29.527156829833984,29.527156829833984,29.527156829833984
53,synthetic_standard_checkerboard_2_00053,standard,checkerboard,2,2x2,synthetic,0.29091784358024597,11.81159782409668,6.051257610321045,27.345643997192383,27.494298934936523,27.419971466064453
54,synthetic_standard_hotspot_2_00054,standard,hotspot,2,2x2,synthetic,9.023859977722168,9.023859977722168,9.023859977722168,28.609054565429688,28.609054565429688,28.609054565429688
55,synthetic_standard_uniform_2_00055,standard,uniform,2,2x2,synthetic,8.179642677307129,8.179642677307129,8.179642677307129,28.271358489990234,28.271358489990234,28.271358489990234
56,synthetic_standard_hotspot_2_00056,standard,hotspot,2,2x2,synthetic,11.969502449035645,11.969502449035645,11.969502449035645,29.78731918334961,29.78731918334961,29.78731918334961
57,synthetic_standard_stripes_2_00057,standard,stripes,2,2x2,synthetic,0.8907924890518188,10.573786735534668,5.732289791107178,27.1713924407959,27.413469314575195,27.292430877685547
58,synthetic_standard_checkerboard_2_00058,standard,checkerboard,2,2x2,synthetic,0.6616612672805786,11.08804988861084,5.8748555183410645,27.282209396362305,27.416746139526367,27.349477767944336
59,synthetic_standard_hotspot_2_00059,standard,hotspot,2,2x2,synthetic,8.377866744995117,8.377866744995117,8.377866744995117,28.350608825683594,28.350608825683594,28.350608825683594
60,synthetic_standard_checkerboard_2_00060,standard,checkerboard,2,2x2,synthetic,0.24097058176994324,11.747252464294434,5.99411153793335,27.322940826416016,27.471410751342773,27.39717674255371
61,synthetic_standard_uniform_2_00061,standard,uniform,2,2x2,synthetic,11.324450492858887,11.324450492858887,11.324450492858887,29.529254913330078,29.529254913330078,29.529254913330078
62,synthetic_standard_uniform_2_00062,standard,uniform,2,2x2,synthetic,8.717073440551758,8.717073440551758,8.717073440551758,28.486316680908203,28.486316680908203,28.486316680908203
63,synthetic_standard_hotspot_2_00063,standard,hotspot,2,2x2,synthetic,11.498248100280762,11.498248100280762,11.498248100280762,29.598777770996094,29.598777770996094,29.598777770996094
64,synthetic_standard_checkerboard_2_00064,standard,checkerboard,2,2x2,synthetic,0.971826434135437,11.109619140625,6.040722846984863,27.350393295288086,27.481203079223633,27.41579818725586
65,synthetic_standard_hotspot_2_00065,standard,hotspot,2,2x2,synthetic,8.575590133666992,8.575590133666992,8.575590133666992,28.429759979248047,28.429759979248047,28.429759979248047
66,synthetic_standard_checkerboard_2_00066,standard,checkerboard,2,2x2,synthetic,0.6776586771011353,8.527288436889648,4.602473735809326,26.78983497619629,26.89112091064453,26.840476989746094
67,synthetic_standard_uniform_2_00067,standard,uniform,2,2x2,synthetic,10.025320053100586,10.025320053100586,10.025320053100586,29.009597778320312,29.009597778320312,29.009597778320312
68,synthetic_standard_multihotspot_2_00068,standard,multihotspot,2,2x2,synthetic,11.020622253417969,11.020622253417969,11.020622253417969,29.407756805419922,29.407756805419922,29.407756805419922
69,synthetic_standard_multihotspot_2_00069,standard,multihotspot,2,2x2,synthetic,7.61876916885376,7.61876916885376,7.61876916885376,28.046951293945312,28.046951293945312,28.046951293945312
70,synthetic_standard_quadrant_2_00070,standard,quadrant,2,2x2,synthetic,0.5963672995567322,8.504743576049805,2.5734612941741943,25.955507278442383,26.153217315673828,26.028850555419922
71,synthetic_standard_hotspot_2_00071,standard,hotspot,2,2x2,synthetic,10.651456832885742,10.651456832885742,10.651456832885742,29.260032653808594,29.260032653808594,29.260032653808594
72,synthetic_standard_checkerboard_2_00072,standard,checkerboard,2,2x2,synthetic,0.024859491735696793,11.699234008789062,5.862046718597412,27.268985748291016,27.41962432861328,27.34430503845215
73,synthetic_standard_hotspot_2_00073,standard,hotspot,2,2x2,synthetic,10.535900115966797,10.535900115966797,10.535900115966797,29.2138671875,29.2138671875,29.2138671875
74,synthetic_standard_uniform_2_00074,standard,uniform,2,2x2,synthetic,9.676457405090332,9.676457405090332,9.676457405090332,28.870071411132812,28.870071411132812,28.870071411132812
75,synthetic_standard_quadrant_2_00075,standard,quadrant,2,2x2,synthetic,0.8940638303756714,11.665116310119629,3.586827039718628,26.3343505859375,26.60362434387207,26.434242248535156
76,synthetic_standard_hotspot_2_00076,standard,hotspot,2,2x2,synthetic,11.139053344726562,11.139053344726562,11.139053344726562,29.45515251159668,29.45515251159668,29.45515251159668
77,synthetic_standard_uniform_2_00077,standard,uniform,2,2x2,synthetic,11.31771469116211,11.31771469116211,11.31771469116211,29.52658462524414,29.52658462524414,29.52658462524414
78,synthetic_standard_stripes_2_00078,standard,stripes,2,2x2,synthetic,0.23264074325561523,9.123078346252441,4.677859783172607,26.759557723999023,26.9818172454834,26.87068748474121
79,synthetic_standard_multihotspot_2_00079,standard,multihotspot,2,2x2,synthetic,9.062857627868652,9.062857627868652,9.062857627868652,28.62459945678711,28.62459945678711,28.62459945678711
80,synthetic_standard_hotspot_2_00080,standard,hotspot,2,2x2,synthetic,9.70352840423584,9.70352840423584,9.70352840423584,28.880939483642578,28.880939483642578,28.880939483642578
81,synthetic_standard_stripes_2_00081,standard,stripes,2,2x2,synthetic,0.4538968801498413,7.991358280181885,4.222627639770508,26.594322204589844,26.782760620117188,26.688541412353516
82,synthetic_standard_stripes_2_00082,standard,stripes,2,2x2,synthetic,0.8165687918663025,7.421112537384033,4.11884069442749,26.56447982788086,26.72958755493164,26.64703369140625
83,synthetic_standard_uniform_2_00083,standard,uniform,2,2x2,synthetic,10.377734184265137,10.377734184265137,10.377734184265137,29.150550842285156,29.150550842285156,29.150550842285156
84,synthetic_standard_uniform_2_00084,standard,uniform,2,2x2,synthetic,11.298656463623047,11.298656463623047,11.298656463623047,29.51895523071289,29.51895523071289,29.51895523071289
85,synthetic_standard_checkerboard_2_00085,standard,checkerboard,2,2x2,synthetic,0.9209704995155334,8.575488090515137,4.748229503631592,26.849428176879883,26.94819450378418,26.89881134033203
86,synthetic_standard_uniform_2_00086,standard,uniform,2,2x2,synthetic,9.138880729675293,9.138880729675293,9.138880729675293,28.655014038085938,28.655014038085938,28.655014038085938
87,synthetic_standard_uniform_2_00087,standard,uniform,2,2x2,synthetic,8.461959838867188,8.461959838867188,8.461959838867188,28.384273529052734,28.384273529052734,28.384273529052734
88,synthetic_standard_uniform_2_00088,standard,uniform,2,2x2,synthetic,8.22158145904541,8.22158145904541,8.22158145904541,28.28814125061035,28.28814125061035,28.28814125061035
89,synthetic_standard_uniform_2_00089,standard,uniform,2,2x2,synthetic,8.21352767944336,8.21352767944336,8.21352767944336,28.284900665283203,28.284900665283203,28.284900665283203
90,synthetic_standard_hotspot_2_00090,standard,hotspot,2,2x2,synthetic,10.722858428955078,10.722858428955078,10.722858428955078,29.28863525390625,29.28863525390625,29.28863525390625
91,synthetic_standard_checkerboard_2_00091,standard,checkerboard,2,2x2,synthetic,0.8750049471855164,10.018104553222656,5.446554660797119,27.11912727355957,27.23710060119629,27.17811393737793
92,synthetic_standard_stripes_2_00092,standard,stripes,2,2x2,synthetic,0.043475061655044556,7.725993633270264,3.8847343921661377,26.4572811126709,26.64934539794922,26.553314208984375
93,synthetic_standard_checkerboard_2_00093,standard,checkerboard,2,2x2,synthetic,0.4162624180316925,10.284930229187012,5.3505964279174805,27.076108932495117,27.20344352722168,27.1397762298584
94,synthetic_standard_uniform_2_00094,standard,uniform,2,2x2,synthetic,9.49445629119873,9.49445629119873,9.49445629119873,28.79730224609375,28.79730224609375,28.79730224609375
95,synthetic_standard_hotspot_2_00095,standard,hotspot,2,2x2,synthetic,8.40668773651123,8.40668773651123,8.40668773651123,28.36214256286621,28.36214256286621,28.36214256286621
96,synthetic_standard_uniform_2_00096,standard,uniform,2,2x2,synthetic,11.69936752319336,11.69936752319336,11.69936752319336,29.67926788330078,29.67926788330078,29.67926788330078
97,synthetic_standard_uniform_2_00097,standard,uniform,2,2x2,synthetic,11.374300003051758,11.374300003051758,11.374300003051758,29.549182891845703,29.549182891845703,29.549182891845703
98,synthetic_standard_quadrant_2_00098,standard,quadrant,2,2x2,synthetic,1.4693560600280762,11.01012897491455,3.8545494079589844,26.452884674072266,26.691404342651367,26.541366577148438
99,synthetic_standard_stripes_2_00099,standard,stripes,2,2x2,synthetic,0.6424832940101624,10.115985870361328,5.379234313964844,27.032833099365234,27.269672393798828,27.15125274658203
100,synthetic_systolic_hotspot_2_00000,systolic,hotspot,2,2x2,synthetic,17.14543342590332,17.14543342590332,17.14543342590332,31.85765266418457,31.85765266418457,31.85765266418457
101,synthetic_systolic_checkerboard_2_00001,systolic,checkerboard,2,2x2,synthetic,7.4591264724731445,9.065853118896484,8.262489318847656,28.294145584106445,28.314876556396484,28.30451202392578
102,synthetic_systolic_uniform_2_00002,systolic,uniform,2,2x2,synthetic,11.91150951385498,13.111509323120117,12.769083023071289,30.08883285522461,30.118837356567383,30.107158660888672
103,synthetic_systolic_checkerboard_2_00003,systolic,checkerboard,2,2x2,synthetic,6.9150238037109375,9.465569496154785,8.190296173095703,28.25914764404297,28.29205322265625,28.27560043334961
104,synthetic_systolic_checkerboard_2_00004,systolic,checkerboard,2,2x2,synthetic,6.938928127288818,10.742973327636719,8.840950965881348,28.511337280273438,28.5604190826416,28.535877227783203
105,synthetic_systolic_checkerboard_2_00005,systolic,checkerboard,2,2x2,synthetic,8.077715873718262,11.66539192199707,9.871553421020508,28.924962997436523,28.971256256103516,28.948108673095703
106,synthetic_systolic_hotspot_2_00006,systolic,hotspot,2,2x2,synthetic,15.212608337402344,15.212608337402344,15.212608337402344,31.08450698852539,31.08450698852539,31.08450698852539
107,synthetic_systolic_hotspot_2_00007,systolic,hotspot,2,2x2,synthetic,15.196333885192871,15.196333885192871,15.196333885192871,31.078022003173828,31.078022003173828,31.078022003173828
108,synthetic_systolic_checkerboard_2_00008,systolic,checkerboard,2,2x2,synthetic,7.649786472320557,8.80961799621582,8.22970199584961,28.283954620361328,28.298917770385742,28.29143524169922
109,synthetic_systolic_wavefront_2_00009,systolic,wavefront,2,2x2,synthetic,9.051050186157227,14.11056900024414,10.846363067626953,29.314891815185547,29.397945404052734,29.338056564331055
110,synthetic_systolic_hotspot_2_00010,systolic,hotspot,2,2x2,synthetic,16.354293823242188,16.354293823242188,16.354293823242188,31.54121971130371,31.54121971130371,31.54121971130371
111,synthetic_systolic_banded_2_00011,systolic,banded,2,2x2,synthetic,14.794401168823242,14.794401168823242,14.794401168823242,30.91722869873047,30.91722869873047,30.91722869873047
112,synthetic_systolic_wavefront_2_00012,systolic,wavefront,2,2x2,synthetic,8.835407257080078,15.911541938781738,11.346293449401855,29.505603790283203,29.621761322021484,29.538002014160156
113,synthetic_systolic_wavefront_2_00013,systolic,wavefront,2,2x2,synthetic,9.416126251220703,14.851614952087402,11.3448486328125,29.512575149536133,29.60179901123047,29.537460327148438
114,synthetic_systolic_hotspot_2_00014,systolic,hotspot,2,2x2,synthetic,15.696993827819824,15.696993827819824,15.696993827819824,31.278291702270508,31.278291702270508,31.278291702270508
115,synthetic_systolic_hotspot_2_00015,systolic,hotspot,2,2x2,synthetic,14.795910835266113,14.795910835266113,14.795910835266113,30.917896270751953,30.917896270751953,30.917896270751953
116,synthetic_systolic_wavefront_2_00016,systolic,wavefront,2,2x2,synthetic,9.190671920776367,15.36634635925293,11.382040023803711,29.524005889892578,29.625381469726562,29.552282333374023
117,synthetic_systolic_hotspot_2_00017,systolic,hotspot,2,2x2,synthetic,12.718401908874512,12.718401908874512,12.718401908874512,30.086868286132812,30.086868286132812,30.086868286132812
118,synthetic_systolic_uniform_2_00018,systolic,uniform,2,2x2,synthetic,12.631453514099121,13.831453323364258,13.489593505859375,30.37699317932129,30.406991958618164,30.395322799682617
119,synthetic_systolic_wavefront_2_00019,systolic,wavefront,2,2x2,synthetic,8.663968086242676,14.348245620727539,10.68096923828125,29.245832443237305,29.339143753051758,29.27185821533203
120,synthetic_systolic_banded_2_00020,systolic,banded,2,2x2,synthetic,11.35267448425293,11.35267448425293,11.35267448425293,29.540603637695312,29.540603637695312,29.540603637695312
121,synthetic_systolic_checkerboard_2_00021,systolic,checkerboard,2,2x2,synthetic,6.808879852294922,8.630446434020996,7.719663619995117,28.075668334960938,28.099172592163086,28.087421417236328
122,synthetic_systolic_uniform_2_00022,systolic,uniform,2,2x2,synthetic,13.74450969696045,14.944509506225586,14.609018325805664,30.824743270874023,30.85474395751953,30.843154907226562
123,synthetic_systolic_checkerboard_2_00023,systolic,checkerboard,2,2x2,synthetic,7.639371395111084,10.2119722366333,8.925671577453613,28.553163528442383,28.58635711669922,28.569759368896484
124,synthetic_systolic_banded_2_00024,systolic,banded,2,2x2,synthetic,12.39684772491455,12.39684772491455,12.39684772491455,29.958219528198242,29.958219528198242,29.958219528198242
125,synthetic_systolic_checkerboard_2_00025,systolic,checkerboard,2,2x2,synthetic,8.153263092041016,10.871041297912598,9.512151718139648,28.78683090209961,28.8218994140625,28.804365158081055
126,synthetic_systolic_banded_2_00026,systolic,banded,2,2x2,synthetic,14.252668380737305,14.252668380737305,14.252668380737305,30.700550079345703,30.700550079345703,30.700550079345703
127,synthetic_systolic_hotspot_2_00027,systolic,hotspot,2,2x2,synthetic,15.529547691345215,15.529547691345215,15.529547691345215,31.211345672607422,31.211345672607422,31.211345672607422
128,synthetic_systolic_uniform_2_00028,systolic,uniform,2,2x2,synthetic,11.817272186279297,13.202035903930664,12.809654235839844,30.103300094604492,30.13330078125,30.123363494873047
129,synthetic_systolic_checkerboard_2_00029,systolic,checkerboard,2,2x2,synthetic,7.097095966339111,9.769256591796875,8.433176040649414,28.355506896972656,28.38998794555664,28.372745513916016
130,synthetic_systolic_checkerboard_2_00030,systolic,checkerboard,2,2x2,synthetic,8.016883850097656,11.125176429748535,9.571029663085938,28.807851791381836,28.847957611083984,28.827903747558594
131,synthetic_systolic_uniform_2_00031,systolic,uniform,2,2x2,synthetic,13.988138198852539,15.408411026000977,14.998275756835938,30.978557586669922,31.008556365966797,30.99884796142578
132,synthetic_systolic_checkerboard_2_00032,systolic,checkerboard,2,2x2,synthetic,7.853793144226074,8.425678253173828,8.13973617553711,28.2517147064209,28.25909423828125,28.25540542602539
133,synthetic_systolic_banded_2_00033,systolic,banded,2,2x2,synthetic,13.250624656677246,13.250624656677246,13.250624656677246,30.299728393554688,30.299728393554688,30.299728393554688
134,synthetic_systolic_uniform_2_00034,systolic,uniform,2,2x2,synthetic,13.588133811950684,14.78813362121582,14.317703247070312,30.70990562438965,30.739904403686523,30.72657585144043
135,synthetic_systolic_checkerboard_2_00035,systolic,checkerboard,2,2x2,synthetic,6.466043949127197,11.107071876525879,8.786558151245117,28.484220504760742,28.54410171508789,28.51416015625
136,synthetic_systolic_uniform_2_00036,systolic,uniform,2,2x2,synthetic,13.642553329467773,14.915690422058105,14.579121589660645,30.81182098388672,30.84181785583496,30.831161499023438
137,synthetic_systolic_uniform_2_00037,systolic,uniform,2,2x2,synthetic,10.021718978881836,11.221719741821289,10.758766174316406,29.28622817993164,29.316225051879883,29.302993774414062
138,synthetic_systolic_hotspot_2_00038,systolic,hotspot,2,2x2,synthetic,13.431317329406738,13.431317329406738,13.431317329406738,30.37200927734375,30.37200927734375,30.37200927734375
139,synthetic_systolic_uniform_2_00039,systolic,uniform,2,2x2,synthetic,13.203855514526367,14.656200408935547,14.23002815246582,30.671031951904297,30.701032638549805,30.691532135009766
140,synthetic_systolic_wavefront_2_00040,systolic,wavefront,2,2x2,synthetic,9.1985445022583,16.4462833404541,11.770322799682617,29.674468994140625,29.79344367980957,29.707653045654297
141,synthetic_systolic_uniform_2_00041,systolic,uniform,2,2x2,synthetic,10.80712890625,12.007128715515137,11.568353652954102,29.60975456237793,29.639759063720703,29.626834869384766
142,synthetic_systolic_hotspot_2_00042,systolic,hotspot,2,2x2,synthetic,15.780071258544922,15.780071258544922,15.780071258544922,31.311473846435547,31.311473846435547,31.311473846435547
143,synthetic_systolic_uniform_2_00043,systolic,uniform,2,2x2,synthetic,12.938484191894531,14.138484001159668,13.722187995910645,30.471010208129883,30.50101089477539,30.488380432128906
144,synthetic_systolic_checkerboard_2_00044,systolic,checkerboard,2,2x2,synthetic,7.599809169769287,11.920819282531738,9.760313987731934,28.875804901123047,28.931562423706055,28.903682708740234
145,synthetic_systolic_hotspot_2_00045,systolic,hotspot,2,2x2,synthetic,15.697854042053223,15.697854042053223,15.697854042053223,31.27867317199707,31.27867317199707,31.27867317199707
146,synthetic_systolic_banded_2_00046,systolic,banded,2,2x2,synthetic,10.865639686584473,10.865639686584473,10.865639686584473,29.345767974853516,29.345767974853516,29.345767974853516
147,synthetic_systolic_uniform_2_00047,systolic,uniform,2,2x2,synthetic,10.734132766723633,12.220951080322266,11.777541160583496,29.68977165222168,29.719772338867188,29.710491180419922
148,synthetic_systolic_hotspot_2_00048,systolic,hotspot,2,2x2,synthetic,15.818449974060059,15.818449974060059,15.818449974060059,31.32683563232422,31.32683563232422,31.32683563232422
149,synthetic_systolic_uniform_2_00049,systolic,uniform,2,2x2,synthetic,13.784097671508789,14.984097480773926,14.603540420532227,30.823129653930664,30.853130340576172,30.840961456298828
150,synthetic_systolic_hotspot_2_00050,systolic,hotspot,2,2x2,synthetic,15.89539909362793,15.89539909362793,15.89539909362793,31.35763931274414,31.35763931274414,31.35763931274414
151,synthetic_systolic_uniform_2_00051,systolic,uniform,2,2x2,synthetic,12.033411026000977,13.233410835266113,12.88674259185791,30.135906219482422,30.165908813476562,30.1541748046875
152,synthetic_systolic_hotspot_2_00052,systolic,hotspot,2,2x2,synthetic,12.804567337036133,12.804567337036133,12.804567337036133,30.121295928955078,30.121295928955078,30.121295928955078
153,synthetic_systolic_checkerboard_2_00053,systolic,checkerboard,2,2x2,synthetic,7.035806655883789,10.443950653076172,8.73987865447998,28.473451614379883,28.517427444458008,28.495439529418945
154,synthetic_systolic_hotspot_2_00054,systolic,hotspot,2,2x2,synthetic,14.452698707580566,14.452698707580566,14.452698707580566,30.78057098388672,30.78057098388672,30.78057098388672
155,synthetic_systolic_hotspot_2_00055,systolic,hotspot,2,2x2,synthetic,12.21635913848877,12.21635913848877,12.21635913848877,29.886024475097656,29.886024475097656,29.886024475097656
156,synthetic_systolic_hotspot_2_00056,systolic,hotspot,2,2x2,synthetic,15.434747695922852,15.434747695922852,15.434747695922852,31.173381805419922,31.173381805419922,31.173381805419922
157,synthetic_systolic_wavefront_2_00057,systolic,wavefront,2,2x2,synthetic,8.881034851074219,15.553577423095703,11.248710632324219,29.468433380126953,29.57796287536621,29.49898338317871
158,synthetic_systolic_checkerboard_2_00058,systolic,checkerboard,2,2x2,synthetic,7.75486421585083,10.196577072143555,8.975720405578613,28.57404899597168,28.60555648803711,28.589801788330078
159,synthetic_systolic_hotspot_2_00059,systolic,hotspot,2,2x2,synthetic,14.163944244384766,14.163944244384766,14.163944244384766,30.665081024169922,30.665081024169922,30.665081024169922
160,synthetic_systolic_wavefront_2_00060,systolic,wavefront,2,2x2,synthetic,9.838160514831543,17.34343719482422,12.501323699951172,29.965665817260742,30.088871002197266,30.000030517578125
161,synthetic_systolic_hotspot_2_00061,systolic,hotspot,2,2x2,synthetic,16.799222946166992,16.799222946166992,16.799222946166992,31.719179153442383,31.719179153442383,31.719179153442383
162,synthetic_systolic_wavefront_2_00062,systolic,wavefront,2,2x2,synthetic,7.9366960525512695,12.945852279663086,9.71413803100586,28.86225700378418,28.944480895996094,28.88519287109375
163,synthetic_systolic_uniform_2_00063,systolic,uniform,2,2x2,synthetic,13.367972373962402,14.567973136901855,14.106310844421387,30.625246047973633,30.65525245666504,30.64203453063965
164,synthetic_systolic_checkerboard_2_00064,systolic,checkerboard,2,2x2,synthetic,6.848259925842285,8.691977500915527,7.770118713378906,28.095684051513672,28.11947250366211,28.10757827758789
165,synthetic_systolic_checkerboard_2_00065,systolic,checkerboard,2,2x2,synthetic,7.6653852462768555,8.058731079101562,7.862058162689209,28.141828536987305,28.14690399169922,28.144367218017578
166,synthetic_systolic_wavefront_2_00066,systolic,wavefront,2,2x2,synthetic,9.254679679870605,15.058690071105957,11.314167022705078,29.498615264892578,29.593891143798828,29.525190353393555
167,synthetic_systolic_uniform_2_00067,systolic,uniform,2,2x2,synthetic,12.403361320495605,13.603362083435059,13.162854194641113,30.247617721557617,30.27762222290039,30.26467514038086
168,synthetic_systolic_checkerboard_2_00068,systolic,checkerboard,2,2x2,synthetic,8.096858024597168,11.981858253479004,10.039358139038086,28.990243911743164,29.040374755859375,29.015308380126953
169,synthetic_systolic_wavefront_2_00069,systolic,wavefront,2,2x2,synthetic,7.901782989501953,14.683544158935547,10.30821418762207,29.09171485900879,29.203041076660156,29.122764587402344
170,synthetic_systolic_wavefront_2_00070,systolic,wavefront,2,2x2,synthetic,8.090324401855469,14.727079391479492,10.44530200958252,29.1472225189209,29.256168365478516,29.177610397338867
171,synthetic_systolic_uniform_2_00071,systolic,uniform,2,2x2,synthetic,10.836230278015137,12.03623104095459,11.729510307312012,29.672534942626953,29.70254135131836,29.691322326660156
172,synthetic_systolic_uniform_2_00072,systolic,uniform,2,2x2,synthetic,10.663627624511719,12.055588722229004,11.659607887268066,29.643268585205078,29.67327308654785,29.663379669189453
173,synthetic_systolic_banded_2_00073,systolic,banded,2,2x2,synthetic,14.195348739624023,14.195348739624023,14.195348739624023,30.67766761779785,30.67766761779785,30.67766761779785
174,synthetic_systolic_banded_2_00074,systolic,banded,2,2x2,synthetic,12.241228103637695,12.241228103637695,12.241228103637695,29.89594268798828,29.89594268798828,29.89594268798828
175,synthetic_systolic_checkerboard_2_00075,systolic,checkerboard,2,2x2,synthetic,6.3400983810424805,11.021320343017578,8.680709838867188,28.44159698486328,28.502002716064453,28.471797943115234
176,synthetic_systolic_hotspot_2_00076,systolic,hotspot,2,2x2,synthetic,12.904037475585938,12.904037475585938,12.904037475585938,30.16106605529785,30.16106605529785,30.16106605529785
177,synthetic_systolic_banded_2_00077,systolic,banded,2,2x2,synthetic,11.164261817932129,11.164261817932129,11.164261817932129,29.465160369873047,29.465160369873047,29.465160369873047
178,synthetic_systolic_checkerboard_2_00078,systolic,checkerboard,2,2x2,synthetic,7.16039514541626,10.345780372619629,8.753087997436523,28.480213165283203,28.521312713623047,28.500762939453125
179,synthetic_systolic_hotspot_2_00079,systolic,hotspot,2,2x2,synthetic,13.462004661560059,13.462004661560059,13.462004661560059,30.384319305419922,30.384319305419922,30.384319305419922
180,synthetic_systolic_hotspot_2_00080,systolic,hotspot,2,2x2,synthetic,16.02121925354004,16.02121925354004,16.02121925354004,31.407991409301758,31.407991409301758,31.407991409301758
181,synthetic_systolic_uniform_2_00081,systolic,uniform,2,2x2,synthetic,11.46643352508545,12.666433334350586,12.364477157592773,29.926462173461914,29.956459045410156,29.94530487060547
182,synthetic_systolic_checkerboard_2_00082,systolic,checkerboard,2,2x2,synthetic,7.86895751953125,9.930290222167969,8.89962387084961,28.546119689941406,28.572717666625977,28.559417724609375
183,synthetic_systolic_wavefront_2_00083,systolic,wavefront,2,2x2,synthetic,9.360359191894531,15.575212478637695,11.565629005432129,29.5972843170166,29.699302673339844,29.62574005126953
184,synthetic_systolic_banded_2_00084,systolic,banded,2,2x2,synthetic,14.251371383666992,14.251371383666992,14.251371383666992,30.7000732421875,30.7000732421875,30.7000732421875
185,synthetic_systolic_checkerboard_2_00085,systolic,checkerboard,2,2x2,synthetic,7.177633762359619,10.125643730163574,8.651638984680176,28.441129684448242,28.479169845581055,28.46014976501465
186,synthetic_systolic_uniform_2_00086,systolic,uniform,2,2x2,synthetic,11.594209671020508,13.039652824401855,12.616931915283203,30.025846481323242,30.05584716796875,30.04629898071289
187,synthetic_systolic_hotspot_2_00087,systolic,hotspot,2,2x2,synthetic,14.033133506774902,14.033133506774902,14.033133506774902,30.61272430419922,30.61272430419922,30.61272430419922
188,synthetic_systolic_uniform_2_00088,systolic,uniform,2,2x2,synthetic,13.70984172821045,14.909841537475586,14.577749252319336,30.81215476989746,30.84215545654297,30.830612182617188
189,synthetic_systolic_checkerboard_2_00089,systolic,checkerboard,2,2x2,synthetic,7.376954555511475,8.029257774353027,7.703105926513672,28.076519012451172,28.08493423461914,28.080726623535156
190,synthetic_systolic_checkerboard_2_00090,systolic,checkerboard,2,2x2,synthetic,7.586066722869873,10.535079002380371,9.060572624206543,28.60466766357422,28.642719268798828,28.62369155883789
191,synthetic_systolic_banded_2_00091,systolic,banded,2,2x2,synthetic,12.387529373168945,12.387529373168945,12.387529373168945,29.954490661621094,29.954490661621094,29.954490661621094
192,synthetic_systolic_wavefront_2_00092,systolic,wavefront,2,2x2,synthetic,9.708610534667969,16.5927677154541,12.151374816894531,29.828529357910156,29.94153594970703,29.860048294067383
193,synthetic_systolic_banded_2_00093,systolic,banded,2,2x2,synthetic,14.334007263183594,14.334007263183594,14.334007263183594,30.733078002929688,30.733078002929688,30.733078002929688
194,synthetic_systolic_uniform_2_00094,systolic,uniform,2,2x2,synthetic,12.929654121398926,14.129653930664062,13.794883728027344,30.499046325683594,30.5290470123291,30.517467498779297
195,synthetic_systolic_hotspot_2_00095,systolic,hotspot,2,2x2,synthetic,17.818891525268555,17.818891525268555,17.818891525268555,32.12710952758789,32.12710952758789,32.12710952758789
196,synthetic_systolic_checkerboard_2_00096,systolic,checkerboard,2,2x2,synthetic,7.647507190704346,10.999934196472168,9.323720932006836,28.707372665405273,28.750629425048828,28.729000091552734
197,synthetic_systolic_checkerboard_2_00097,systolic,checkerboard,2,2x2,synthetic,6.42773962020874,8.163787841796875,7.295763969421387,27.90658950805664,27.92898941040039,27.917789459228516
198,synthetic_systolic_wavefront_2_00098,systolic,wavefront,2,2x2,synthetic,8.706085205078125,16.411258697509766,11.440178871154785,29.54032325744629,29.666805267333984,29.575603485107422
199,synthetic_systolic_hotspot_2_00099,systolic,hotspot,2,2x2,synthetic,14.46945571899414,14.46945571899414,14.46945571899414,30.78724479675293,30.78724479675293,30.78724479675293
200,synthetic_standard_uniform_4_00000,standard,uniform,4,4x4,synthetic,10.221846580505371,10.221846580505371,10.221846580505371,29.088275909423828,29.088275909423828,29.088275909423828
201,synthetic_standard_stripes_4_00001,standard,stripes,4,4x4,synthetic,0.9247016906738281,10.290332794189453,5.607517242431641,27.033681869506836,27.451387405395508,27.242534637451172
202,synthetic_standard_uniform_4_00002,standard,uniform,4,4x4,synthetic,9.490809440612793,9.490809440612793,9.490809440612793,28.795778274536133,28.795778274536133,28.795778274536133
203,synthetic_standard_uniform_4_00003,standard,uniform,4,4x4,synthetic,8.437129020690918,8.437129020690918,8.437129020690918,28.374347686767578,28.374347686767578,28.374347686767578
204,synthetic_standard_multihotspot_4_00004,standard,multihotspot,4,4x4,synthetic,1.4265164136886597,10.868603706359863,4.924437522888184,26.60750389099121,27.471948623657227,26.96930694580078
205,synthetic_standard_uniform_4_00005,standard,uniform,4,4x4,synthetic,8.938140869140625,8.938140869140625,8.938140869140625,28.57471466064453,28.57471466064453,28.57471466064453
206,synthetic_standard_multihotspot_4_00006,standard,multihotspot,4,4x4,synthetic,1.7162506580352783,10.38643741607666,4.878719329833984,26.6690731048584,27.221805572509766,26.951013565063477
207,synthetic_standard_hotspot_4_00007,standard,hotspot,4,4x4,synthetic,1.007419228553772,11.582539558410645,3.6511993408203125,26.144329071044922,27.05815315246582,26.459980010986328
208,synthetic_standard_stripes_4_00008,standard,stripes,4,4x4,synthetic,0.3480314314365387,10.413378715515137,5.380704879760742,26.927404403686523,27.376310348510742,27.15185546875
209,synthetic_standard_hotspot_4_00009,standard,hotspot,4,4x4,synthetic,0.41223758459091187,9.587759971618652,2.706118106842041,25.87618637084961,26.38731575012207,26.082006454467773
210,synthetic_standard_checkerboard_4_00010,standard,checkerboard,4,4x4,synthetic,0.3419269323348999,8.33924674987793,4.3405866622924805,26.661441802978516,26.810068130493164,26.735755920410156
211,synthetic_standard_multihotspot_4_00011,standard,multihotspot,4,4x4,synthetic,1.6148631572723389,11.993717193603516,6.065788745880127,27.266761779785156,27.616939544677734,27.42583465576172
212,synthetic_standard_hotspot_4_00012,standard,hotspot,4,4x4,synthetic,1.0513215065002441,11.990320205688477,3.7860710620880127,26.1874942779541,27.132732391357422,26.513994216918945
213,synthetic_standard_hotspot_4_00013,standard,hotspot,4,4x4,synthetic,0.7453749179840088,11.661194801330566,3.474329948425293,26.287994384765625,26.56089210510254,26.389230728149414
214,synthetic_standard_hotspot_4_00014,standard,hotspot,4,4x4,synthetic,0.3029685616493225,8.26866626739502,2.2943930625915527,25.738616943359375,26.182340621948242,25.917293548583984
215,synthetic_standard_hotspot_4_00015,standard,hotspot,4,4x4,synthetic,0.5149387121200562,10.538161277770996,3.0207443237304688,25.983013153076172,26.541357040405273,26.20784568786621
216,synthetic_standard_quadrant_4_00016,standard,quadrant,4,4x4,synthetic,1.1279447078704834,9.704282760620117,3.272029399871826,26.05240249633789,26.793495178222656,26.308385848999023
217,synthetic_standard_checkerboard_4_00017,standard,checkerboard,4,4x4,synthetic,0.23509711027145386,11.587986946105957,5.911541938781738,27.258670806884766,27.469663619995117,27.364166259765625
218,synthetic_standard_checkerboard_4_00018,standard,checkerboard,4,4x4,synthetic,0.5295420289039612,11.636259078979492,6.082900524139404,27.329456329345703,27.535877227783203,27.43266487121582
219,synthetic_standard_stripes_4_00019,standard,stripes,4,4x4,synthetic,0.5907447934150696,9.613757133483887,5.102251052856445,26.839229583740234,27.241641998291016,27.040435791015625
220,synthetic_standard_checkerboard_4_00020,standard,checkerboard,4,4x4,synthetic,0.15544156730175018,9.289969444274902,4.722705364227295,26.80372428894043,26.97348976135254,26.888607025146484
221,synthetic_standard_quadrant_4_00021,standard,quadrant,4,4x4,synthetic,0.42487040162086487,9.80744743347168,2.770514726638794,25.82770347595215,26.638450622558594,26.107746124267578
222,synthetic_standard_stripes_4_00022,standard,stripes,4,4x4,synthetic,0.78382408618927,8.753544807434082,4.768684387207031,26.729263305664062,27.084699630737305,26.906982421875
223,synthetic_standard_quadrant_4_00023,standard,quadrant,4,4x4,synthetic,1.0118962526321411,11.073192596435547,3.5272202491760254,26.110107421875,26.97951316833496,26.410415649414062
224,synthetic_standard_quadrant_4_00024,standard,quadrant,4,4x4,synthetic,1.181384801864624,7.925896644592285,2.8675127029418945,25.94523811340332,26.528047561645508,26.146549224853516
225,synthetic_standard_uniform_4_00025,standard,uniform,4,4x4,synthetic,10.611688613891602,10.611688613891602,10.611688613891602,29.24420166015625,29.24420166015625,29.24420166015625
226,synthetic_standard_quadrant_4_00026,standard,quadrant,4,4x4,synthetic,0.7690981030464172,9.164862632751465,2.86803936958313,25.896183013916016,26.62166404724121,26.146778106689453
227,synthetic_standard_uniform_4_00027,standard,uniform,4,4x4,synthetic,11.83909797668457,11.83909797668457,11.83909797668457,29.735149383544922,29.735149383544922,29.735149383544922
228,synthetic_standard_uniform_4_00028,standard,uniform,4,4x4,synthetic,8.164316177368164,8.164316177368164,8.164316177368164,28.265254974365234,28.265254974365234,28.265254974365234
229,synthetic_standard_checkerboard_4_00029,standard,checkerboard,4,4x4,synthetic,0.4551178514957428,8.26212215423584,4.3586201667785645,26.67046546936035,26.8155574798584,26.743011474609375
230,synthetic_standard_hotspot_4_00030,standard,hotspot,4,4x4,synthetic,0.0764407217502594,9.250279426574707,2.3699004650115967,25.673734664916992,26.4664363861084,25.947546005249023
231,synthetic_standard_hotspot_4_00031,standard,hotspot,4,4x4,synthetic,1.0472846031188965,8.242114067077637,2.845991849899292,25.9765682220459,26.377357482910156,26.137958526611328
232,synthetic_standard_checkerboard_4_00032,standard,checkerboard,4,4x4,synthetic,0.41660964488983154,9.576502799987793,4.996556282043457,26.91303253173828,27.083269119262695,26.998151779174805
233,synthetic_standard_uniform_4_00033,standard,uniform,4,4x4,synthetic,8.448281288146973,8.448281288146973,8.448281288146973,28.37883949279785,28.37883949279785,28.37883949279785
234,synthetic_standard_stripes_4_00034,standard,stripes,4,4x4,synthetic,0.0012330624740570784,9.032669067382812,4.516951084136963,26.604936599731445,27.00773811340332,26.80633544921875
235,synthetic_standard_checkerboard_4_00035,standard,checkerboard,4,4x4,synthetic,0.7805811166763306,9.725308418273926,5.2529449462890625,27.0175838470459,27.18381690979004,27.1007022857666
236,synthetic_standard_stripes_4_00036,standard,stripes,4,4x4,synthetic,0.26034852862358093,8.289961814880371,4.275155067443848,26.530529022216797,26.88863754272461,26.709583282470703
237,synthetic_standard_checkerboard_4_00037,standard,checkerboard,4,4x4,synthetic,0.6832583546638489,9.919453620910645,5.301355838775635,27.03426170349121,27.205913543701172,27.120086669921875
238,synthetic_standard_checkerboard_4_00038,standard,checkerboard,4,4x4,synthetic,0.930384635925293,9.322942733764648,5.126663684844971,26.972213745117188,27.128185272216797,27.050201416015625
239,synthetic_standard_uniform_4_00039,standard,uniform,4,4x4,synthetic,9.84307861328125,9.84307861328125,9.84307861328125,28.936737060546875,28.936737060546875,28.936737060546875
240,synthetic_standard_multihotspot_4_00040,standard,multihotspot,4,4x4,synthetic,0.30090802907943726,11.5941162109375,3.1242101192474365,25.91213607788086,26.88799476623535,26.24921417236328
241,synthetic_standard_checkerboard_4_00041,standard,checkerboard,4,4x4,synthetic,0.11062946915626526,8.125134468078613,4.117881774902344,26.57217788696289,26.72112274169922,26.646648406982422
242,synthetic_standard_multihotspot_4_00042,standard,multihotspot,4,4x4,synthetic,0.483277827501297,11.247177124023438,4.929774284362793,26.575700759887695,27.298368453979492,26.971450805664062
243,synthetic_standard_stripes_4_00043,standard,stripes,4,4x4,synthetic,0.6191191077232361,7.650973796844482,4.135046482086182,26.496774673461914,26.81039047241211,26.653581619262695
244,synthetic_standard_stripes_4_00044,standard,stripes,4,4x4,synthetic,0.2542634904384613,10.675174713134766,5.464719295501709,26.95305061340332,27.417823791503906,27.185436248779297
245,synthetic_standard_hotspot_4_00045,standard,hotspot,4,4x4,synthetic,1.4769742488861084,10.413698196411133,3.711155414581299,26.28352928161621,26.78135108947754,26.483991622924805
246,synthetic_standard_stripes_4_00046,standard,stripes,4,4x4,synthetic,0.3183991312980652,10.196853637695312,5.257626533508301,26.88227653503418,27.32286262512207,27.102569580078125
247,synthetic_standard_checkerboard_4_00047,standard,checkerboard,4,4x4,synthetic,0.3176356256008148,9.65610408782959,4.986869812011719,26.907516479492188,27.081073760986328,26.99429702758789
248,synthetic_standard_uniform_4_00048,standard,uniform,4,4x4,synthetic,8.119338989257812,8.119338989257812,8.119338989257812,28.24723243713379,28.24723243713379,28.24723243713379
249,synthetic_standard_checkerboard_4_00049,standard,checkerboard,4,4x4,synthetic,0.16548775136470795,8.076136589050293,4.120811939239502,26.574371337890625,26.721389770507812,26.64788055419922
250,synthetic_standard_multihotspot_4_00050,standard,multihotspot,4,4x4,synthetic,1.416182518005371,11.45009708404541,6.243841171264648,27.15494728088379,27.856525421142578,27.497066497802734
251,synthetic_standard_uniform_4_00051,standard,uniform,4,4x4,synthetic,8.574874877929688,8.574874877929688,8.574874877929688,28.429473876953125,28.429473876953125,28.429473876953125
252,synthetic_standard_multihotspot_4_00052,standard,multihotspot,4,4x4,synthetic,0.3458878695964813,9.536463737487793,4.312069416046143,26.4290828704834,26.909835815429688,26.72439193725586
253,synthetic_standard_quadrant_4_00053,standard,quadrant,4,4x4,synthetic,0.8769582509994507,7.634550094604492,2.5663561820983887,25.824399948120117,26.408340454101562,26.02610206604004
254,synthetic_standard_quadrant_4_00054,standard,quadrant,4,4x4,synthetic,1.320570468902588,9.681001663208008,3.4106781482696533,26.11429786682129,26.836729049682617,26.36383628845215
255,synthetic_standard_checkerboard_4_00055,standard,checkerboard,4,4x4,synthetic,0.594567596912384,8.202078819274902,4.398323059082031,26.688230514526367,26.82961082458496,26.758920669555664
256,synthetic_standard_checkerboard_4_00056,standard,checkerboard,4,4x4,synthetic,0.8362451791763306,10.654483795166016,5.745364665985107,27.206451416015625,27.38892364501953,27.297687530517578
257,synthetic_standard_uniform_4_00057,standard,uniform,4,4x4,synthetic,10.382855415344238,10.382855415344238,10.382855415344238,29.15264892578125,29.15264892578125,29.15264892578125
258,synthetic_standard_checkerboard_4_00058,standard,checkerboard,4,4x4,synthetic,0.253664493560791,11.495553970336914,5.874608993530273,27.244922637939453,27.4538516998291,27.349388122558594
259,synthetic_standard_multihotspot_4_00059,standard,multihotspot,4,4x4,synthetic,1.107081651687622,10.6288480758667,4.471741676330566,26.434099197387695,27.3020076751709,26.7882080078125
260,synthetic_standard_stripes_4_00060,standard,stripes,4,4x4,synthetic,0.9834170937538147,8.67708969116211,4.830253601074219,26.760089874267578,27.103212356567383,26.931652069091797
261,synthetic_standard_hotspot_4_00061,standard,hotspot,4,4x4,synthetic,1.1940428018569946,8.04987907409668,2.9080018997192383,26.09911346435547,26.2705135345459,26.162696838378906
262,synthetic_standard_hotspot_4_00062,standard,hotspot,4,4x4,synthetic,1.334484577178955,8.376287460327148,3.094935178756714,26.17217445373535,26.348224639892578,26.237483978271484
263,synthetic_standard_multihotspot_4_00063,standard,multihotspot,4,4x4,synthetic,0.29874831438064575,11.807747840881348,5.100738525390625,26.783266067504883,27.461027145385742,27.039840698242188
264,synthetic_standard_quadrant_4_00064,standard,quadrant,4,4x4,synthetic,0.3182211220264435,9.349004745483398,2.5759170055389404,25.760393142700195,26.540754318237305,26.02994155883789
265,synthetic_standard_quadrant_4_00065,standard,quadrant,4,4x4,synthetic,0.5685790181159973,9.585097312927246,2.8227086067199707,25.859542846679688,26.6386661529541,26.128665924072266
266,synthetic_standard_stripes_4_00066,standard,stripes,4,4x4,synthetic,0.7311359643936157,10.131840705871582,5.431488513946533,26.962491989135742,27.38176155090332,27.17212677001953
267,synthetic_standard_uniform_4_00067,standard,uniform,4,4x4,synthetic,11.615893363952637,11.615893363952637,11.615893363952637,29.645883560180664,29.645883560180664,29.645883560180664
268,synthetic_standard_stripes_4_00068,standard,stripes,4,4x4,synthetic,0.7980974316596985,7.399449825286865,4.09877347946167,26.491811752319336,26.78622817993164,26.639020919799805
269,synthetic_standard_checkerboard_4_00069,standard,checkerboard,4,4x4,synthetic,0.02314009517431259,10.974401473999023,5.498770713806152,27.097288131713867,27.300813674926758,27.199050903320312
270,synthetic_standard_quadrant_4_00070,standard,quadrant,4,4x4,synthetic,0.5657170414924622,10.596562385559082,3.0734283924102783,25.92953872680664,26.79630470275879,26.228931427001953
271,synthetic_standard_hotspot_4_00071,standard,hotspot,4,4x4,synthetic,0.913111686706543,9.276530265808105,3.0039663314819336,26.013513565063477,26.479402542114258,26.20111656188965
272,synthetic_standard_hotspot_4_00072,standard,hotspot,4,4x4,synthetic,1.4030719995498657,10.407098770141602,3.654078722000122,26.377653121948242,26.602754592895508,26.461158752441406
273,synthetic_standard_checkerboard_4_00073,standard,checkerboard,4,4x4,synthetic,0.39410698413848877,9.508824348449707,4.951465606689453,26.895404815673828,27.064796447753906,26.980100631713867
274,synthetic_standard_uniform_4_00074,standard,uniform,4,4x4,synthetic,8.65148639678955,8.65148639678955,8.65148639678955,28.46009063720703,28.46009063720703,28.46009063720703
275,synthetic_standard_multihotspot_4_00075,standard,multihotspot,4,4x4,synthetic,0.6789554953575134,11.774492263793945,4.463285446166992,26.449134826660156,27.11171531677246,26.784881591796875
276,synthetic_standard_quadrant_4_00076,standard,quadrant,4,4x4,synthetic,0.41717004776000977,8.010440826416016,2.3154876232147217,25.699125289916992,26.355260848999023,25.925765991210938
277,synthetic_standard_checkerboard_4_00077,standard,checkerboard,4,4x4,synthetic,0.46841663122177124,10.088048934936523,5.278232574462891,27.021438598632812,27.200214385986328,27.11082649230957
278,synthetic_standard_checkerboard_4_00078,standard,checkerboard,4,4x4,synthetic,0.4814913272857666,8.180692672729492,4.33109188079834,26.660493850708008,26.803573608398438,26.73203468322754
279,synthetic_standard_quadrant_4_00079,standard,quadrant,4,4x4,synthetic,0.9787787795066833,9.477532386779785,3.1034672260284424,25.987241744995117,26.721641540527344,26.24091339111328
280,synthetic_standard_checkerboard_4_00080,standard,checkerboard,4,4x4,synthetic,0.7648035287857056,9.179096221923828,4.971950054168701,26.910120010375977,27.066499710083008,26.988311767578125
281,synthetic_standard_quadrant_4_00081,standard,quadrant,4,4x4,synthetic,1.3524627685546875,11.922842979431152,3.9950578212738037,26.282072067260742,27.195459365844727,26.59756851196289
282,synthetic_standard_quadrant_4_00082,standard,quadrant,4,4x4,synthetic,1.4294986724853516,7.3591108322143555,2.9119017124176025,25.98732566833496,26.499698638916016,26.164306640625
283,synthetic_standard_checkerboard_4_00083,standard,checkerboard,4,4x4,synthetic,0.09697788953781128,10.211592674255371,5.154285430908203,26.967296600341797,27.1552734375,27.061283111572266
284,synthetic_standard_stripes_4_00084,standard,stripes,4,4x4,synthetic,0.6167562007904053,9.16945743560791,4.893106937408447,26.766019821166992,27.1474609375,26.95673942565918
285,synthetic_standard_uniform_4_00085,standard,uniform,4,4x4,synthetic,9.013021469116211,9.013021469116211,9.013021469116211,28.60466766357422,28.60466766357422,28.60466766357422
286,synthetic_standard_uniform_4_00086,standard,uniform,4,4x4,synthetic,11.407732963562012,11.407732963562012,11.407732963562012,29.56253433227539,29.56253433227539,29.56253433227539
287,synthetic_standard_hotspot_4_00087,standard,hotspot,4,4x4,synthetic,0.44404929876327515,10.94051742553711,3.0681662559509277,25.991296768188477,26.576021194458008,26.22675323486328
288,synthetic_standard_hotspot_4_00088,standard,hotspot,4,4x4,synthetic,1.15852952003479,11.040060043334961,3.6289119720458984,26.15614891052246,27.010021209716797,26.451091766357422
289,synthetic_standard_quadrant_4_00089,standard,quadrant,4,4x4,synthetic,0.18098300695419312,11.480610847473145,3.005889892578125,25.86463165283203,26.841039657592773,26.201900482177734
290,synthetic_standard_checkerboard_4_00090,standard,checkerboard,4,4x4,synthetic,0.1794920712709427,11.385913848876953,5.782702922821045,27.20849609375,27.416765213012695,27.31262969970703
291,synthetic_standard_hotspot_4_00091,standard,hotspot,4,4x4,synthetic,0.3678884506225586,9.799437522888184,2.725775718688965,25.808345794677734,26.623340606689453,26.089859008789062
292,synthetic_standard_stripes_4_00092,standard,stripes,4,4x4,synthetic,0.874575138092041,8.357288360595703,4.615931510925293,26.679004669189453,27.012723922729492,26.845863342285156
293,synthetic_standard_hotspot_4_00093,standard,hotspot,4,4x4,synthetic,0.3671947419643402,8.99362564086914,2.5238025188446045,25.75159454345703,26.49701499938965,26.009075164794922
294,synthetic_standard_quadrant_4_00094,standard,quadrant,4,4x4,synthetic,1.331983208656311,10.88679313659668,3.7206857204437256,26.202653884887695,27.028301239013672,26.48784637451172
295,synthetic_standard_hotspot_4_00095,standard,hotspot,4,4x4,synthetic,0.8048520088195801,10.118982315063477,3.1333844661712646,26.043977737426758,26.562816619873047,26.25290298461914
296,synthetic_standard_uniform_4_00096,standard,uniform,4,4x4,synthetic,8.502655029296875,8.502655029296875,8.502655029296875,28.40058135986328,28.40058135986328,28.40058135986328
297,synthetic_standard_quadrant_4_00097,standard,quadrant,4,4x4,synthetic,0.7230461239814758,11.766027450561523,3.4837915897369385,26.063459396362305,27.017684936523438,26.39306640625
298,synthetic_standard_uniform_4_00098,standard,uniform,4,4x4,synthetic,10.217666625976562,10.217666625976562,10.217666625976562,29.086559295654297,29.086559295654297,29.086559295654297
299,synthetic_standard_checkerboard_4_00099,standard,checkerboard,4,4x4,synthetic,0.030054578557610512,9.012738227844238,4.521396636962891,26.724618911743164,26.891557693481445,26.808088302612305
300,synthetic_standard_uniform_4_00100,standard,uniform,4,4x4,synthetic,11.667393684387207,11.667393684387207,11.667393684387207,29.66649055480957,29.66649055480957,29.66649055480957
301,synthetic_standard_checkerboard_4_00101,standard,checkerboard,4,4x4,synthetic,0.46501412987709045,10.432517051696777,5.448765754699707,27.08637809753418,27.271621704101562,27.179000854492188
302,synthetic_standard_hotspot_4_00102,standard,hotspot,4,4x4,synthetic,0.28085842728614807,10.127544403076172,2.74252986907959,25.80266761779785,26.65353012084961,26.096569061279297
303,synthetic_standard_stripes_4_00103,standard,stripes,4,4x4,synthetic,0.7416146397590637,8.87503719329834,4.80832576751709,26.741527557373047,27.104278564453125,26.922903060913086
304,synthetic_standard_quadrant_4_00104,standard,quadrant,4,4x4,synthetic,0.5120806097984314,7.250533580780029,2.1966938972473145,25.67710304260254,26.259380340576172,25.878231048583984
305,synthetic_standard_checkerboard_4_00105,standard,checkerboard,4,4x4,synthetic,0.6227087378501892,11.177827835083008,5.900268077850342,27.26154327392578,27.45771026611328,27.35962677001953
306,synthetic_standard_stripes_4_00106,standard,stripes,4,4x4,synthetic,0.793635368347168,7.847818374633789,4.3207268714904785,26.570491790771484,26.885095596313477,26.727792739868164
307,synthetic_standard_hotspot_4_00107,standard,hotspot,4,4x4,synthetic,0.0034631588496267796,10.556055068969727,2.641611099243164,25.81951904296875,26.4073486328125,26.056224822998047
308,synthetic_standard_checkerboard_4_00108,standard,checkerboard,4,4x4,synthetic,0.45826205611228943,8.248252868652344,4.353257656097412,26.668468475341797,26.813241958618164,26.74085235595703
309,synthetic_standard_uniform_4_00109,standard,uniform,4,4x4,synthetic,8.609307289123535,8.609307289123535,8.609307289123535,28.44320297241211,28.44320297241211,28.44320297241211
310,synthetic_standard_multihotspot_4_00110,standard,multihotspot,4,4x4,synthetic,0.7858547568321228,11.609262466430664,5.952968120574951,27.006441116333008,27.69481658935547,27.3807373046875
311,synthetic_standard_multihotspot_4_00111,standard,multihotspot,4,4x4,synthetic,1.1993907690048218,9.363920211791992,4.098501205444336,26.467975616455078,26.82589340209961,26.63892936706543
312,synthetic_standard_multihotspot_4_00112,standard,multihotspot,4,4x4,synthetic,1.6920151710510254,11.462438583374023,4.823277473449707,26.619966506958008,27.3260555267334,26.92889404296875
313,synthetic_standard_quadrant_4_00113,standard,quadrant,4,4x4,synthetic,0.7971206903457642,10.299978256225586,3.172835111618042,25.985002517700195,26.80615997314453,26.26864242553711
314,synthetic_standard_checkerboard_4_00114,standard,checkerboard,4,4x4,synthetic,0.3663354814052582,11.790142059326172,6.0782389640808105,27.324663162231445,27.536964416503906,27.43081283569336
315,synthetic_standard_multihotspot_4_00115,standard,multihotspot,4,4x4,synthetic,0.8062804341316223,9.809094429016113,5.241581439971924,26.710735321044922,27.488670349121094,27.096172332763672
316,synthetic_standard_hotspot_4_00116,standard,hotspot,4,4x4,synthetic,0.5135436654090881,10.588287353515625,3.0322296619415283,25.986438751220703,26.547649383544922,26.212425231933594
317,synthetic_standard_hotspot_4_00117,standard,hotspot,4,4x4,synthetic,0.13758552074432373,8.503228187561035,2.2289962768554688,25.641437530517578,26.364320755004883,25.891132354736328
318,synthetic_standard_multihotspot_4_00118,standard,multihotspot,4,4x4,synthetic,1.3258193731307983,7.989049434661865,4.434880256652832,26.60740089416504,26.97809600830078,26.773521423339844
319,synthetic_standard_stripes_4_00119,standard,stripes,4,4x4,synthetic,0.2466803789138794,9.671396255493164,4.959038257598877,26.773012161254883,27.19335174560547,26.98318099975586
320,synthetic_standard_checkerboard_4_00120,standard,checkerboard,4,4x4,synthetic,0.28352075815200806,8.554617881774902,4.419069290161133,26.690317153930664,26.84403419494629,26.76717758178711
321,synthetic_standard_multihotspot_4_00121,standard,multihotspot,4,4x4,synthetic,1.8206537961959839,10.50695514678955,4.766223907470703,26.610286712646484,27.276042938232422,26.906021118164062
322,synthetic_standard_multihotspot_4_00122,standard,multihotspot,4,4x4,synthetic,0.5102138519287109,11.88064193725586,5.757115364074707,26.91888999938965,27.591325759887695,27.302406311035156
323,synthetic_standard_multihotspot_4_00123,standard,multihotspot,4,4x4,synthetic,0.04645516350865364,10.05113697052002,4.226472854614258,26.318159103393555,26.993167877197266,26.690143585205078
324,synthetic_standard_quadrant_4_00124,standard,quadrant,4,4x4,synthetic,1.2809765338897705,8.611078262329102,3.113502025604248,26.026168823242188,26.659555435180664,26.244949340820312
325,synthetic_systolic_hotspot_4_00000,systolic,hotspot,4,4x4,synthetic,0.7347363829612732,15.793214797973633,5.837817192077637,26.794404983520508,28.13623046875,27.334640502929688
326,synthetic_systolic_checkerboard_4_00001,systolic,checkerboard,4,4x4,synthetic,8.005343437194824,12.055498123168945,9.985420227050781,28.970205307006836,29.020570755004883,28.99372100830078
327,synthetic_systolic_banded_4_00002,systolic,banded,4,4x4,synthetic,6.934613227844238,13.724957466125488,12.027371406555176,29.62587547302246,29.910253524780273,29.810504913330078
328,synthetic_systolic_wavefront_4_00003,systolic,wavefront,4,4x4,synthetic,9.070317268371582,15.210201263427734,11.612096786499023,29.543947219848633,29.847087860107422,29.644393920898438
329,synthetic_systolic_hotspot_4_00004,systolic,hotspot,4,4x4,synthetic,0.3603394031524658,15.868915557861328,5.685762405395508,26.71550750732422,28.094533920288086,27.273866653442383
330,synthetic_systolic_checkerboard_4_00005,systolic,checkerboard,4,4x4,synthetic,7.351922512054443,9.999929428100586,8.630926132202148,28.43975067138672,28.465736389160156,28.45191192626953
331,synthetic_systolic_uniform_4_00006,systolic,uniform,4,4x4,synthetic,13.2642240524292,14.672200202941895,14.20088005065918,30.622777938842773,30.709739685058594,30.679889678955078
332,synthetic_systolic_uniform_4_00007,systolic,uniform,4,4x4,synthetic,10.030028343200684,11.23002815246582,10.822463989257812,29.277265548706055,29.36423110961914,29.328540802001953
333,synthetic_systolic_wavefront_4_00008,systolic,wavefront,4,4x4,synthetic,8.99201774597168,14.070837020874023,11.094539642333984,29.354299545288086,29.605052947998047,29.437389373779297
334,synthetic_systolic_wavefront_4_00009,systolic,wavefront,4,4x4,synthetic,7.048169136047363,12.907362937927246,9.473750114440918,28.693195343017578,28.98247528076172,28.78904914855957
335,synthetic_systolic_banded_4_00010,systolic,banded,4,4x4,synthetic,4.577772617340088,10.769818305969238,9.221807479858398,28.5199031829834,28.77921485900879,28.68825912475586
336,synthetic_systolic_hotspot_4_00011,systolic,hotspot,4,4x4,synthetic,0.9295027852058411,17.59740447998047,7.904703140258789,27.53635025024414,28.960790634155273,28.161422729492188
337,synthetic_systolic_uniform_4_00012,systolic,uniform,4,4x4,synthetic,10.551990509033203,11.913877487182617,11.469443321228027,29.530948638916016,29.617921829223633,29.58728790283203
338,synthetic_systolic_checkerboard_4_00013,systolic,checkerboard,4,4x4,synthetic,7.949697971343994,11.013813018798828,9.436755180358887,28.75983428955078,28.79187774658203,28.774185180664062
339,synthetic_systolic_uniform_4_00014,systolic,uniform,4,4x4,synthetic,13.330117225646973,14.53011703491211,14.078615188598633,30.581504821777344,30.668472290039062,30.630996704101562
340,synthetic_systolic_hotspot_4_00015,systolic,hotspot,4,4x4,synthetic,0.8282774090766907,15.004596710205078,6.450317859649658,27.034217834472656,28.288400650024414,27.57965850830078
341,synthetic_systolic_hotspot_4_00016,systolic,hotspot,4,4x4,synthetic,1.4880629777908325,17.996530532836914,6.940177917480469,27.19264793395996,28.65997314453125,27.775588989257812
342,synthetic_systolic_uniform_4_00017,systolic,uniform,4,4x4,synthetic,12.911373138427734,14.395971298217773,13.879955291748047,30.493106842041016,30.5800724029541,30.551513671875
343,synthetic_systolic_checkerboard_4_00018,systolic,checkerboard,4,4x4,synthetic,7.102417945861816,10.059107780456543,8.535762786865234,28.400516510009766,28.430557250976562,28.413867950439453
344,synthetic_systolic_uniform_4_00019,systolic,uniform,4,4x4,synthetic,12.689057350158691,13.889058113098145,13.486225128173828,30.342573165893555,30.42954444885254,30.39404296875
345,synthetic_systolic_wavefront_4_00020,systolic,wavefront,4,4x4,synthetic,9.585468292236328,16.78128433227539,12.564380645751953,29.907569885253906,30.26284408569336,30.025291442871094
346,synthetic_systolic_hotspot_4_00021,systolic,hotspot,4,4x4,synthetic,0.4823185205459595,16.492923736572266,7.107196807861328,27.237829208374023,28.617534637451172,27.842397689819336
347,synthetic_systolic_hotspot_4_00022,systolic,hotspot,4,4x4,synthetic,1.33954656124115,12.863451957702637,6.467023849487305,27.11750030517578,28.133872985839844,27.586355209350586
348,synthetic_systolic_uniform_4_00023,systolic,uniform,4,4x4,synthetic,10.614102363586426,11.814102172851562,11.460907936096191,29.530424118041992,29.617385864257812,29.58389663696289
349,synthetic_systolic_uniform_4_00024,systolic,uniform,4,4x4,synthetic,10.211228370666504,11.41122817993164,10.911371231079102,29.316547393798828,29.403507232666016,29.36408233642578
350,synthetic_systolic_hotspot_4_00025,systolic,hotspot,4,4x4,synthetic,1.161935806274414,12.209030151367188,5.737699508666992,26.85385513305664,27.841686248779297,27.29462432861328
351,synthetic_systolic_wavefront_4_00026,systolic,wavefront,4,4x4,synthetic,6.986179828643799,12.09145736694336,9.099655151367188,28.555908203125,28.807968139648438,28.639427185058594
352,synthetic_systolic_banded_4_00027,systolic,banded,4,4x4,synthetic,6.46937370300293,12.694708824157715,11.138375282287598,29.285619735717773,29.54631805419922,29.454875946044922
353,synthetic_systolic_wavefront_4_00028,systolic,wavefront,4,4x4,synthetic,6.983301639556885,12.856194496154785,9.41455364227295,28.669286727905273,28.95924949645996,28.765369415283203
354,synthetic_systolic_wavefront_4_00029,systolic,wavefront,4,4x4,synthetic,7.79945182800293,14.781671524047852,10.689940452575684,29.161287307739258,29.506023406982422,29.2755184173584
355,synthetic_systolic_hotspot_4_00030,systolic,hotspot,4,4x4,synthetic,1.1253989934921265,14.788077354431152,5.735816478729248,26.801395416259766,28.024839401245117,27.293851852416992
356,synthetic_systolic_uniform_4_00031,systolic,uniform,4,4x4,synthetic,10.833517074584961,12.169501304626465,11.740177154541016,29.63973045349121,29.7266902923584,29.695629119873047
357,synthetic_systolic_uniform_4_00032,systolic,uniform,4,4x4,synthetic,10.343929290771484,11.543929100036621,11.092409133911133,29.38703155517578,29.4739933013916,29.436519622802734
358,synthetic_systolic_uniform_4_00033,systolic,uniform,4,4x4,synthetic,13.292430877685547,14.492430686950684,14.102020263671875,30.588397979736328,30.675371170043945,30.640369415283203
359,synthetic_systolic_banded_4_00034,systolic,banded,4,4x4,synthetic,4.4116339683532715,13.267699241638184,11.053682327270508,29.180234909057617,29.551118850708008,29.4210262298584
360,synthetic_systolic_hotspot_4_00035,systolic,hotspot,4,4x4,synthetic,0.5893772840499878,17.250505447387695,7.782350540161133,27.486547470092773,28.89617919921875,28.11247444152832
361,synthetic_systolic_banded_4_00036,systolic,banded,4,4x4,synthetic,4.576901912689209,11.103989601135254,9.472217559814453,28.610984802246094,28.884334564208984,28.788455963134766
362,synthetic_systolic_hotspot_4_00037,systolic,hotspot,4,4x4,synthetic,0.43362537026405334,16.408349990844727,6.457838535308838,26.985610961914062,28.39592170715332,27.58270263671875
363,synthetic_systolic_hotspot_4_00038,systolic,hotspot,4,4x4,synthetic,1.242820382118225,16.26319694519043,5.571723461151123,26.73366355895996,28.06439781188965,27.22824478149414
364,synthetic_systolic_uniform_4_00039,systolic,uniform,4,4x4,synthetic,12.406233787536621,13.606233596801758,13.239936828613281,30.242591857910156,30.329551696777344,30.2955322265625
365,synthetic_systolic_checkerboard_4_00040,systolic,checkerboard,4,4x4,synthetic,7.017312049865723,11.391641616821289,9.159477233886719,28.636823654174805,28.693214416503906,28.66335105895996
366,synthetic_systolic_wavefront_4_00041,systolic,wavefront,4,4x4,synthetic,8.380501747131348,14.225147247314453,10.80005931854248,29.223909378051758,29.512481689453125,29.319530487060547
367,synthetic_systolic_checkerboard_4_00042,systolic,checkerboard,4,4x4,synthetic,7.223836898803711,9.618998527526855,8.376418113708496,28.338825225830078,28.362581253051758,28.350120544433594
368,synthetic_systolic_hotspot_4_00043,systolic,hotspot,4,4x4,synthetic,1.0149785280227661,12.396474838256836,4.481337070465088,26.40280532836914,27.42055320739746,26.792110443115234
369,synthetic_systolic_uniform_4_00044,systolic,uniform,4,4x4,synthetic,13.578045845031738,14.844597816467285,14.45577621459961,30.727121353149414,30.814105987548828,30.781858444213867
370,synthetic_systolic_uniform_4_00045,systolic,uniform,4,4x4,synthetic,13.561056137084961,14.761055946350098,14.390294075012207,30.7028865814209,30.78986167907715,30.75565528869629
371,synthetic_systolic_hotspot_4_00046,systolic,hotspot,4,4x4,synthetic,1.4033129215240479,12.35692024230957,4.938240051269531,26.585960388183594,27.572092056274414,26.974882125854492
372,synthetic_systolic_hotspot_4_00047,systolic,hotspot,4,4x4,synthetic,0.29322975873947144,16.07716178894043,5.555978775024414,26.66098976135254,28.065834045410156,27.221956253051758
373,synthetic_systolic_uniform_4_00048,systolic,uniform,4,4x4,synthetic,10.827940940856934,12.02794075012207,11.64419174194336,29.6049861907959,29.69195556640625,29.657222747802734
374,synthetic_systolic_uniform_4_00049,systolic,uniform,4,4x4,synthetic,10.53876781463623,11.946554183959961,11.475345611572266,29.53252601623535,29.61949348449707,29.589637756347656
375,synthetic_systolic_checkerboard_4_00050,systolic,checkerboard,4,4x4,synthetic,6.901517391204834,8.58108139038086,7.6962995529174805,28.0692138671875,28.088069915771484,28.078062057495117
376,synthetic_systolic_checkerboard_4_00051,systolic,checkerboard,4,4x4,synthetic,6.709614276885986,10.801939964294434,8.710777282714844,28.459970474243164,28.511119842529297,28.483875274658203
377,synthetic_systolic_uniform_4_00052,systolic,uniform,4,4x4,synthetic,13.553462028503418,15.007041931152344,14.509119987487793,30.745302200317383,30.832277297973633,30.80318832397461
378,synthetic_systolic_uniform_4_00053,systolic,uniform,4,4x4,synthetic,10.429612159729004,11.62961196899414,11.161327362060547,29.415246963500977,29.5022029876709,29.46405792236328
379,synthetic_systolic_hotspot_4_00054,systolic,hotspot,4,4x4,synthetic,0.18295344710350037,17.114294052124023,7.114254951477051,27.212839126586914,28.66718101501465,27.845264434814453
380,synthetic_systolic_wavefront_4_00055,systolic,wavefront,4,4x4,synthetic,8.825191497802734,16.564889907836914,12.029260635375977,29.684619903564453,30.066740036010742,29.811235427856445
381,synthetic_systolic_uniform_4_00056,systolic,uniform,4,4x4,synthetic,11.605059623718262,12.805059432983398,12.394142150878906,29.906070709228516,29.9930419921875,29.95721435546875
382,synthetic_systolic_banded_4_00057,systolic,banded,4,4x4,synthetic,5.7305827140808105,14.030954360961914,11.955862045288086,29.556238174438477,29.90384864807129,29.78192138671875
383,synthetic_systolic_uniform_4_00058,systolic,uniform,4,4x4,synthetic,13.914536476135254,15.11453628540039,14.751662254333496,30.84714126586914,30.934114456176758,30.90022850036621
384,synthetic_systolic_hotspot_4_00059,systolic,hotspot,4,4x4,synthetic,1.4563270807266235,14.284394264221191,5.738591194152832,26.832542419433594,27.98570442199707,27.29499053955078
385,synthetic_systolic_hotspot_4_00060,systolic,hotspot,4,4x4,synthetic,0.19207891821861267,13.926513671875,4.952362060546875,26.48027229309082,27.707860946655273,26.980484008789062
386,synthetic_systolic_uniform_4_00061,systolic,uniform,4,4x4,synthetic,13.464578628540039,14.693536758422852,14.326644897460938,30.676136016845703,30.76310157775879,30.730224609375
387,synthetic_systolic_checkerboard_4_00062,systolic,checkerboard,4,4x4,synthetic,6.997338771820068,10.086075782775879,8.496707916259766,28.38364028930664,28.416139602661133,28.39822006225586
388,synthetic_systolic_hotspot_4_00063,systolic,hotspot,4,4x4,synthetic,1.3901541233062744,17.596677780151367,6.540679931640625,27.051523208618164,28.496246337890625,27.61581039428711
389,synthetic_systolic_checkerboard_4_00064,systolic,checkerboard,4,4x4,synthetic,7.082092761993408,10.631736755371094,8.811914443969727,28.505401611328125,28.546472549438477,28.524267196655273
390,synthetic_systolic_hotspot_4_00065,systolic,hotspot,4,4x4,synthetic,0.9881300926208496,15.326394081115723,5.73848295211792,26.783588409423828,28.065837860107422,27.294960021972656
391,synthetic_systolic_checkerboard_4_00066,systolic,checkerboard,4,4x4,synthetic,6.937185764312744,8.738558769226074,7.792872428894043,28.10738754272461,28.127079010009766,28.11665153503418
392,synthetic_systolic_uniform_4_00067,systolic,uniform,4,4x4,synthetic,12.892455101013184,14.09245491027832,13.699457168579102,30.427453994750977,30.514421463012695,30.479320526123047
393,synthetic_systolic_uniform_4_00068,systolic,uniform,4,4x4,synthetic,12.250689506530762,13.589345932006836,13.158462524414062,30.206998825073242,30.29396629333496,30.262943267822266
394,synthetic_systolic_checkerboard_4_00069,systolic,checkerboard,4,4x4,synthetic,7.8335795402526855,12.070019721984863,9.90679931640625,28.936979293823242,28.99081039428711,28.96222496032715
395,synthetic_systolic_hotspot_4_00070,systolic,hotspot,4,4x4,synthetic,1.0034215450286865,12.31545639038086,6.491757392883301,27.13177490234375,28.102998733520508,27.596277236938477
396,synthetic_systolic_checkerboard_4_00071,systolic,checkerboard,4,4x4,synthetic,8.027800559997559,10.675909996032715,9.306856155395508,28.71013069152832,28.736114501953125,28.722293853759766
397,synthetic_systolic_uniform_4_00072,systolic,uniform,4,4x4,synthetic,10.154168128967285,11.443243980407715,11.041282653808594,29.360960006713867,29.447921752929688,29.41606330871582
398,synthetic_systolic_hotspot_4_00073,systolic,hotspot,4,4x4,synthetic,0.03979865461587906,16.46076011657715,7.2110772132873535,27.265016555786133,28.651391983032227,27.883953094482422
399,synthetic_systolic_hotspot_4_00074,systolic,hotspot,4,4x4,synthetic,0.6986361742019653,12.032838821411133,5.965161323547363,26.921520233154297,27.90940284729004,27.385601043701172
400,synthetic_systolic_checkerboard_4_00075,systolic,checkerboard,4,4x4,synthetic,7.937527179718018,9.852242469787598,8.849884986877441,28.52983283996582,28.55030059814453,28.539485931396484
401,synthetic_systolic_hotspot_4_00076,systolic,hotspot,4,4x4,synthetic,0.4055126905441284,12.963529586791992,6.147223472595215,26.95697593688965,28.039640426635742,27.45839500427246
402,synthetic_systolic_hotspot_4_00077,systolic,hotspot,4,4x4,synthetic,0.8047319054603577,17.792495727539062,7.898264408111572,27.524036407470703,28.9736270904541,28.158843994140625
403,synthetic_systolic_banded_4_00078,systolic,banded,4,4x4,synthetic,4.562828063964844,12.971363067626953,10.869229316711426,29.11860466003418,29.470741271972656,29.347227096557617
404,synthetic_systolic_banded_4_00079,systolic,banded,4,4x4,synthetic,5.123391628265381,10.50553035736084,9.159996032714844,28.517169952392578,28.74256706237793,28.66350746154785
405,synthetic_systolic_wavefront_4_00080,systolic,wavefront,4,4x4,synthetic,8.303243637084961,14.702860832214355,10.952548027038574,29.27587127685547,29.59183692932129,29.380569458007812
406,synthetic_systolic_banded_4_00081,systolic,banded,4,4x4,synthetic,5.821634292602539,12.124897003173828,10.549081802368164,29.047832489013672,29.311809539794922,29.219215393066406
407,synthetic_systolic_checkerboard_4_00082,systolic,checkerboard,4,4x4,synthetic,7.0152387619018555,8.833596229553223,7.879417419433594,28.141984939575195,28.16179084777832,28.151308059692383
408,synthetic_systolic_wavefront_4_00083,systolic,wavefront,4,4x4,synthetic,9.119108200073242,14.650739669799805,11.40908432006836,29.472681045532227,29.745792388916016,29.56317901611328
409,synthetic_systolic_checkerboard_4_00084,systolic,checkerboard,4,4x4,synthetic,7.92866849899292,8.455881118774414,8.147274017333984,28.252573013305664,28.267677307128906,28.25845718383789
410,synthetic_systolic_hotspot_4_00085,systolic,hotspot,4,4x4,synthetic,0.6955135464668274,16.14076042175293,5.54109525680542,26.679738998413086,28.059722900390625,27.215980529785156
411,synthetic_systolic_hotspot_4_00086,systolic,hotspot,4,4x4,synthetic,0.5651010274887085,15.712288856506348,5.200127601623535,26.56181526184082,27.911895751953125,27.07955551147461
412,synthetic_systolic_hotspot_4_00087,systolic,hotspot,4,4x4,synthetic,0.7833763360977173,13.285958290100098,4.824690818786621,26.485858917236328,27.609460830688477,26.929420471191406
413,synthetic_systolic_uniform_4_00088,systolic,uniform,4,4x4,synthetic,11.376564025878906,12.57656478881836,12.103187561035156,29.792211532592773,29.87917709350586,29.840816497802734
414,synthetic_systolic_banded_4_00089,systolic,banded,4,4x4,synthetic,5.214982032775879,14.044848442077637,11.837381362915039,29.494369506835938,29.864152908325195,29.734447479248047
415,synthetic_systolic_banded_4_00090,systolic,banded,4,4x4,synthetic,4.242205619812012,13.258347511291504,11.004312515258789,29.156137466430664,29.533729553222656,29.401283264160156
416,synthetic_systolic_banded_4_00091,systolic,banded,4,4x4,synthetic,5.902703285217285,12.145130157470703,10.584524154663086,29.063589096069336,29.32500648498535,29.233314514160156
417,synthetic_systolic_hotspot_4_00092,systolic,hotspot,4,4x4,synthetic,0.053848329931497574,15.20760440826416,7.287509918212891,27.331623077392578,28.583913803100586,27.91455078125
418,synthetic_systolic_banded_4_00093,systolic,banded,4,4x4,synthetic,4.121197700500488,13.528985023498535,11.177038192749023,29.21454620361328,29.60852813720703,29.470333099365234
419,synthetic_systolic_checkerboard_4_00094,systolic,checkerboard,4,4x4,synthetic,7.985978126525879,8.540458679199219,8.218217849731445,28.28121566772461,28.295818328857422,28.286848068237305
420,synthetic_systolic_banded_4_00095,systolic,banded,4,4x4,synthetic,6.51242733001709,10.58752155303955,9.568748474121094,28.71623420715332,28.886890411376953,28.827030181884766
421,synthetic_systolic_uniform_4_00096,systolic,uniform,4,4x4,synthetic,13.338830947875977,14.538830757141113,14.081663131713867,30.582937240600586,30.669912338256836,30.63220977783203
422,synthetic_systolic_hotspot_4_00097,systolic,hotspot,4,4x4,synthetic,1.3736172914505005,15.404688835144043,6.002500534057617,26.90022850036621,28.15663719177246,27.400541305541992
423,synthetic_systolic_hotspot_4_00098,systolic,hotspot,4,4x4,synthetic,0.09467575699090958,17.81251335144043,6.169851779937744,26.83481788635254,28.401691436767578,27.467529296875
424,synthetic_systolic_uniform_4_00099,systolic,uniform,4,4x4,synthetic,11.14418888092041,12.620675086975098,12.109392166137695,29.785017013549805,29.871986389160156,29.84328842163086
425,synthetic_systolic_uniform_4_00100,systolic,uniform,4,4x4,synthetic,13.469212532043457,14.776389122009277,14.363868713378906,30.689678192138672,30.776636123657227,30.745086669921875
426,synthetic_systolic_wavefront_4_00101,systolic,wavefront,4,4x4,synthetic,10.03563117980957,17.296310424804688,13.041397094726562,30.097328186035156,30.455810546875,30.21611213684082
427,synthetic_systolic_banded_4_00102,systolic,banded,4,4x4,synthetic,4.380805969238281,13.97894287109375,11.579408645629883,29.370338439941406,29.772300720214844,29.631309509277344
428,synthetic_systolic_hotspot_4_00103,systolic,hotspot,4,4x4,synthetic,0.8152433633804321,17.393529891967773,7.821795463562012,27.505596160888672,28.9188175201416,28.128257751464844
429,synthetic_systolic_wavefront_4_00104,systolic,wavefront,4,4x4,synthetic,8.209578514099121,14.274431228637695,10.720296859741211,29.188438415527344,29.487876892089844,29.287660598754883
430,synthetic_systolic_checkerboard_4_00105,systolic,checkerboard,4,4x4,synthetic,6.9031982421875,9.926027297973633,8.369612693786621,28.333406448364258,28.364683151245117,28.347375869750977
431,synthetic_systolic_uniform_4_00106,systolic,uniform,4,4x4,synthetic,10.309743881225586,11.664458274841309,11.22420883178711,29.43300437927246,29.519975662231445,29.489221572875977
432,synthetic_systolic_hotspot_4_00107,systolic,hotspot,4,4x4,synthetic,1.3960267305374146,15.67332649230957,5.494606018066406,26.72814178466797,27.99332618713379,27.19740867614746
433,synthetic_systolic_uniform_4_00108,systolic,uniform,4,4x4,synthetic,10.82327938079834,12.307265281677246,11.791606903076172,29.657773971557617,29.74473762512207,29.716171264648438
434,synthetic_systolic_uniform_4_00109,systolic,uniform,4,4x4,synthetic,12.06302261352539,13.520899772644043,13.020471572875977,30.149789810180664,30.236759185791016,30.207744598388672
435,synthetic_systolic_banded_4_00110,systolic,banded,4,4x4,synthetic,4.709081172943115,10.245588302612305,8.861461639404297,28.393611907958984,28.62547492980957,28.544145584106445
436,synthetic_systolic_uniform_4_00111,systolic,uniform,4,4x4,synthetic,10.253314018249512,11.453313827514648,11.006973266601562,29.352628707885742,29.439598083496094,29.40233039855957
437,synthetic_systolic_hotspot_4_00112,systolic,hotspot,4,4x4,synthetic,1.3686732053756714,15.223313331604004,6.470931053161621,27.070804595947266,28.303966522216797,27.58790397644043
438,synthetic_systolic_uniform_4_00113,systolic,uniform,4,4x4,synthetic,13.2023344039917,14.450075149536133,14.072226524353027,30.574010848999023,30.660980224609375,30.628421783447266
439,synthetic_systolic_banded_4_00114,systolic,banded,4,4x4,synthetic,6.846529483795166,11.739503860473633,10.516260147094727,29.073015213012695,29.277925491333008,29.206052780151367
440,synthetic_systolic_uniform_4_00115,systolic,uniform,4,4x4,synthetic,10.903716087341309,12.103715896606445,11.724123001098633,29.636775970458984,29.7237491607666,29.689186096191406
441,synthetic_systolic_banded_4_00116,systolic,banded,4,4x4,synthetic,5.134929656982422,13.853865623474121,11.674131393432617,29.432109832763672,29.7972469329834,29.669172286987305
442,synthetic_systolic_hotspot_4_00117,systolic,hotspot,4,4x4,synthetic,0.27421316504478455,13.924405097961426,6.0445170402526855,26.884517669677734,28.077409744262695,27.417367935180664
443,synthetic_systolic_hotspot_4_00118,systolic,hotspot,4,4x4,synthetic,0.6521396040916443,13.37187385559082,6.11897087097168,26.942380905151367,28.059476852416992,27.447124481201172
444,synthetic_systolic_uniform_4_00119,systolic,uniform,4,4x4,synthetic,13.746678352355957,14.94667911529541,14.49835205078125,30.749248504638672,30.836214065551758,30.798870086669922
445,synthetic_systolic_uniform_4_00120,systolic,uniform,4,4x4,synthetic,11.990591049194336,13.190590858459473,12.833467483520508,30.079626083374023,30.166589736938477,30.132946014404297
446,synthetic_systolic_hotspot_4_00121,systolic,hotspot,4,4x4,synthetic,0.6550012230873108,17.968889236450195,6.709166526794434,27.059158325195312,28.589900970458984,27.683229446411133
447,synthetic_systolic_hotspot_4_00122,systolic,hotspot,4,4x4,synthetic,0.6326491236686707,12.400954246520996,5.553012847900391,26.751480102539062,27.799097061157227,27.220783233642578
448,synthetic_systolic_checkerboard_4_00123,systolic,checkerboard,4,4x4,synthetic,7.4552178382873535,8.563333511352539,7.964275360107422,28.178302764892578,28.193248748779297,28.185195922851562
449,synthetic_systolic_banded_4_00124,systolic,banded,4,4x4,synthetic,5.407015323638916,14.483777046203613,12.21458625793457,29.638586044311523,30.01870346069336,29.885374069213867
450,synthetic_standard_hotspot_8_00000,standard,hotspot,8,8x8,synthetic,1.2333203554153442,8.241323471069336,1.6713204383850098,25.55138397216797,25.97479820251465,25.668107986450195
451,synthetic_standard_stripes_8_00001,standard,stripes,8,8x8,synthetic,0.4281698763370514,9.55174732208252,4.9899582862854,26.70184326171875,27.28925132751465,26.99554443359375
452,synthetic_standard_multihotspot_8_00002,standard,multihotspot,8,8x8,synthetic,0.695347249507904,11.802934646606445,1.8403823375701904,25.4387264251709,26.36298179626465,25.735679626464844
453,synthetic_standard_hotspot_8_00003,standard,hotspot,8,8x8,synthetic,0.7586434483528137,11.248492240905762,1.4142591953277588,25.379470825195312,26.222930908203125,25.56528091430664
454,synthetic_standard_hotspot_8_00004,standard,hotspot,8,8x8,synthetic,1.1178057193756104,8.861980438232422,1.6018164157867432,25.511295318603516,25.979190826416016,25.640281677246094
455,synthetic_standard_checkerboard_8_00005,standard,checkerboard,8,8x8,synthetic,0.7472698092460632,10.50730037689209,5.627285003662109,27.143266677856445,27.357711791992188,27.250490188598633
456,synthetic_standard_quadrant_8_00006,standard,quadrant,8,8x8,synthetic,0.40887975692749023,7.553621292114258,2.1950652599334717,25.380815505981445,26.9708251953125,25.87763214111328
457,synthetic_standard_quadrant_8_00007,standard,quadrant,8,8x8,synthetic,0.23163463175296783,7.988335132598877,2.1708099842071533,25.328550338745117,27.054759979248047,25.867923736572266
458,synthetic_standard_hotspot_8_00008,standard,hotspot,8,8x8,synthetic,1.1408190727233887,11.531302452087402,1.790224313735962,25.542631149291992,26.1704044342041,25.71569061279297
459,synthetic_standard_uniform_8_00009,standard,uniform,8,8x8,synthetic,9.430730819702148,9.430730819702148,9.430731773376465,28.771751403808594,28.771751403808594,28.77175521850586
460,synthetic_standard_hotspot_8_00010,standard,hotspot,8,8x8,synthetic,0.410144567489624,8.589703559875488,0.9213669896125793,25.231870651245117,25.726072311401367,25.368106842041016
461,synthetic_standard_uniform_8_00011,standard,uniform,8,8x8,synthetic,10.200959205627441,10.200959205627441,10.200959205627441,29.079883575439453,29.079883575439453,29.07988166809082
462,synthetic_standard_multihotspot_8_00012,standard,multihotspot,8,8x8,synthetic,0.1398632675409317,10.739950180053711,1.3814783096313477,25.232717514038086,26.294830322265625,25.552223205566406
463,synthetic_standard_hotspot_8_00013,standard,hotspot,8,8x8,synthetic,0.36112961173057556,11.282228469848633,1.0436983108520508,25.235179901123047,25.895002365112305,25.417072296142578
464,synthetic_standard_uniform_8_00014,standard,uniform,8,8x8,synthetic,9.869937896728516,9.869937896728516,9.869937896728516,28.947509765625,28.947509765625,28.947509765625
465,synthetic_standard_hotspot_8_00015,standard,hotspot,8,8x8,synthetic,1.1276711225509644,8.963708877563477,1.6174232959747314,25.51605987548828,25.989501953125,25.646575927734375
466,synthetic_standard_checkerboard_8_00016,standard,checkerboard,8,8x8,synthetic,0.4388217031955719,8.523561477661133,4.481191635131836,26.7032527923584,26.880882263183594,26.792068481445312
467,synthetic_standard_checkerboard_8_00017,standard,checkerboard,8,8x8,synthetic,0.2359972596168518,9.477091789245605,4.856544494628906,26.840715408325195,27.043750762939453,26.942232131958008
468,synthetic_standard_stripes_8_00018,standard,stripes,8,8x8,synthetic,0.9300033450126648,8.991727828979492,4.9608659744262695,26.72438621520996,27.243444442749023,26.98391342163086
469,synthetic_standard_multihotspot_8_00019,standard,multihotspot,8,8x8,synthetic,1.7343446016311646,11.994148254394531,2.9827418327331543,25.883934020996094,26.884899139404297,26.192665100097656
470,synthetic_standard_stripes_8_00020,standard,stripes,8,8x8,synthetic,0.4609313905239105,7.324615955352783,3.8927736282348633,26.33570098876953,26.77762794494629,26.55666732788086
471,synthetic_standard_hotspot_8_00021,standard,hotspot,8,8x8,synthetic,0.6110435724258423,9.97725772857666,1.1964319944381714,25.32341766357422,26.036087036132812,25.47814178466797
472,synthetic_standard_hotspot_8_00022,standard,hotspot,8,8x8,synthetic,0.1629856526851654,11.346451759338379,0.8619522452354431,25.205249786376953,25.736434936523438,25.344371795654297
473,synthetic_standard_stripes_8_00023,standard,stripes,8,8x8,synthetic,0.8478368520736694,10.979296684265137,5.913566589355469,27.03884506225586,27.691181182861328,27.365015029907227
474,synthetic_standard_quadrant_8_00024,standard,quadrant,8,8x8,synthetic,1.3348485231399536,8.57174015045166,3.1440718173980713,25.75399398803711,27.36448097229004,26.257205963134766
475,synthetic_standard_checkerboard_8_00025,standard,checkerboard,8,8x8,synthetic,0.938805341720581,10.42519760131836,5.682001113891602,27.168149948120117,27.376571655273438,27.272361755371094
476,synthetic_standard_checkerboard_8_00026,standard,checkerboard,8,8x8,synthetic,0.29629963636398315,10.228007316589355,5.262153625488281,26.995336532592773,27.21354103088379,27.10443687438965
477,synthetic_standard_uniform_8_00027,standard,uniform,8,8x8,synthetic,8.780741691589355,8.780741691589355,8.780741691589355,28.51177215576172,28.51177215576172,28.511775970458984
478,synthetic_standard_uniform_8_00028,standard,uniform,8,8x8,synthetic,11.797174453735352,11.797174453735352,11.797173500061035,29.718368530273438,29.718368530273438,29.718368530273438
479,synthetic_standard_hotspot_8_00029,standard,hotspot,8,8x8,synthetic,1.0219942331314087,11.3364839553833,1.6666498184204102,25.51276206970215,26.049495697021484,25.66629409790039
480,synthetic_standard_uniform_8_00030,standard,uniform,8,8x8,synthetic,11.247952461242676,11.247952461242676,11.247953414916992,29.498641967773438,29.498641967773438,29.498641967773438
481,synthetic_standard_checkerboard_8_00031,standard,checkerboard,8,8x8,synthetic,0.14005540311336517,11.653141021728516,5.8965983390808105,27.23171615600586,27.48467445373535,27.358196258544922
482,synthetic_standard_multihotspot_8_00032,standard,multihotspot,8,8x8,synthetic,1.6289477348327637,11.82259464263916,2.6752591133117676,25.794456481933594,26.556472778320312,26.069679260253906
483,synthetic_standard_hotspot_8_00033,standard,hotspot,8,8x8,synthetic,0.37955212593078613,9.730062484741211,0.9639590978622437,25.217927932739258,25.868379592895508,25.385169982910156
484,synthetic_standard_stripes_8_00034,standard,stripes,8,8x8,synthetic,0.37831801176071167,10.340502738952637,5.359410285949707,26.822683334350586,27.464086532592773,27.143386840820312
485,synthetic_standard_checkerboard_8_00035,standard,checkerboard,8,8x8,synthetic,0.5711673498153687,8.017223358154297,4.294195175170898,26.635494232177734,26.799091339111328,26.71729278564453
486,synthetic_standard_quadrant_8_00036,standard,quadrant,8,8x8,synthetic,0.05796646326780319,8.039990425109863,2.0534722805023193,25.265913009643555,27.042264938354492,25.820955276489258
487,synthetic_standard_stripes_8_00037,standard,stripes,8,8x8,synthetic,0.08904200792312622,8.580938339233398,4.334990501403809,26.460124969482422,27.006885528564453,26.733505249023438
488,synthetic_standard_stripes_8_00038,standard,stripes,8,8x8,synthetic,0.37154319882392883,7.755345821380615,4.0634446144104,26.387203216552734,26.862632751464844,26.624919891357422
489,synthetic_standard_hotspot_8_00039,standard,hotspot,8,8x8,synthetic,1.2927216291427612,9.917668342590332,1.8317806720733643,25.602678298950195,26.087900161743164,25.73227310180664
490,synthetic_standard_multihotspot_8_00040,standard,multihotspot,8,8x8,synthetic,1.9659743309020996,11.616734504699707,3.012474536895752,25.990598678588867,26.71750831604004,26.204599380493164
491,synthetic_standard_multihotspot_8_00041,standard,multihotspot,8,8x8,synthetic,1.5091463327407837,8.002812385559082,2.2887377738952637,25.71794319152832,26.244380950927734,25.915109634399414
492,synthetic_standard_hotspot_8_00042,standard,hotspot,8,8x8,synthetic,1.194090723991394,9.157718658447266,1.691817283630371,25.533842086791992,26.08781623840332,25.6762752532959
493,synthetic_standard_stripes_8_00043,standard,stripes,8,8x8,synthetic,0.266030877828598,8.096537590026855,4.181284427642822,26.41997718811035,26.924158096313477,26.672067642211914
494,synthetic_standard_checkerboard_8_00044,standard,checkerboard,8,8x8,synthetic,0.9437983632087708,8.540152549743652,4.7419753074646,26.812950134277344,26.9798526763916,26.89640235900879
495,synthetic_standard_hotspot_8_00045,standard,hotspot,8,8x8,synthetic,1.270006537437439,8.898757934570312,1.7468035221099854,25.584774017333984,25.981754302978516,25.698331832885742
496,synthetic_standard_uniform_8_00046,standard,uniform,8,8x8,synthetic,8.64776611328125,8.64776611328125,8.64776611328125,28.45856475830078,28.45856475830078,28.458560943603516
497,synthetic_standard_multihotspot_8_00047,standard,multihotspot,8,8x8,synthetic,1.5658105611801147,11.254985809326172,2.4755494594573975,25.730653762817383,26.62681770324707,25.989749908447266
498,synthetic_standard_checkerboard_8_00048,standard,checkerboard,8,8x8,synthetic,0.8674235343933105,8.202143669128418,4.534783840179443,26.73289680480957,26.89405059814453,26.813472747802734
499,synthetic_standard_checkerboard_8_00049,standard,checkerboard,8,8x8,synthetic,0.7599669098854065,10.475665092468262,5.61781644821167,27.13996696472168,27.353429794311523,27.24669647216797
500,synthetic_standard_uniform_8_00050,standard,uniform,8,8x8,synthetic,11.123353004455566,11.123353004455566,11.123353004455566,29.44886016845703,29.44886016845703,29.448856353759766
501,synthetic_standard_quadrant_8_00051,standard,quadrant,8,8x8,synthetic,1.0925624370574951,9.206113815307617,3.120950698852539,25.683818817138672,27.489412307739258,26.247995376586914
502,synthetic_standard_hotspot_8_00052,standard,hotspot,8,8x8,synthetic,1.2307589054107666,10.979084014892578,1.840029001235962,25.553863525390625,26.44696807861328,25.735595703125
503,synthetic_standard_checkerboard_8_00053,standard,checkerboard,8,8x8,synthetic,0.23833853006362915,8.471375465393066,4.354856967926025,26.65109634399414,26.831985473632812,26.741540908813477
504,synthetic_standard_hotspot_8_00054,standard,hotspot,8,8x8,synthetic,0.8739665150642395,10.02110767364502,1.4456629753112793,25.40738296508789,26.245393753051758,25.577903747558594
505,synthetic_standard_stripes_8_00055,standard,stripes,8,8x8,synthetic,0.9131537675857544,7.986900329589844,4.4500274658203125,26.55178451538086,27.007230758666992,26.779510498046875
506,synthetic_standard_multihotspot_8_00056,standard,multihotspot,8,8x8,synthetic,1.3559436798095703,10.976161003112793,2.473426580429077,25.736391067504883,26.446935653686523,25.988914489746094
507,synthetic_standard_multihotspot_8_00057,standard,multihotspot,8,8x8,synthetic,1.8357199430465698,11.920926094055176,2.988257884979248,25.995342254638672,26.622873306274414,26.1949462890625
508,synthetic_standard_quadrant_8_00058,standard,quadrant,8,8x8,synthetic,0.1407117396593094,9.061874389648438,2.371002435684204,25.32763671875,27.312978744506836,25.947975158691406
509,synthetic_standard_checkerboard_8_00059,standard,checkerboard,8,8x8,synthetic,0.3827831745147705,11.151171684265137,5.766977310180664,27.188060760498047,27.424652099609375,27.306354522705078
510,synthetic_standard_quadrant_8_00060,standard,quadrant,8,8x8,synthetic,1.3252947330474854,8.506601333618164,3.1206212043762207,25.748498916625977,27.346620559692383,26.247846603393555
511,synthetic_standard_stripes_8_00061,standard,stripes,8,8x8,synthetic,0.33685654401779175,9.425451278686523,4.8811540603637695,26.659420013427734,27.24460220336914,26.952011108398438
512,synthetic_standard_stripes_8_00062,standard,stripes,8,8x8,synthetic,0.024450840428471565,7.880631446838379,3.952540874481201,26.327665328979492,26.833494186401367,26.580581665039062
513,synthetic_standard_multihotspot_8_00063,standard,multihotspot,8,8x8,synthetic,1.1270464658737183,9.478025436401367,2.124878406524658,25.635774612426758,26.268247604370117,25.849533081054688
514,synthetic_standard_uniform_8_00064,standard,uniform,8,8x8,synthetic,9.585744857788086,9.585744857788086,9.585745811462402,28.83383560180664,28.83383560180664,28.833833694458008
515,synthetic_standard_quadrant_8_00065,standard,quadrant,8,8x8,synthetic,0.07632110267877579,10.748528480529785,2.744372844696045,25.3552188873291,27.730289459228516,26.097335815429688
516,synthetic_standard_stripes_8_00066,standard,stripes,8,8x8,synthetic,0.746068000793457,10.542820930480957,5.644443988800049,26.941930770874023,27.57269287109375,27.257312774658203
517,synthetic_standard_checkerboard_8_00067,standard,checkerboard,8,8x8,synthetic,0.7792699337005615,10.125170707702637,5.452220439910889,27.07777214050293,27.28312110900879,27.18044662475586
518,synthetic_standard_checkerboard_8_00068,standard,checkerboard,8,8x8,synthetic,0.027182133868336678,8.922985076904297,4.475083351135254,26.6918888092041,26.88735008239746,26.78961944580078
519,synthetic_standard_quadrant_8_00069,standard,quadrant,8,8x8,synthetic,1.0650253295898438,10.177802085876465,3.343219518661499,25.703203201293945,27.73120880126953,26.336875915527344
520,synthetic_standard_hotspot_8_00070,standard,hotspot,8,8x8,synthetic,0.6742983460426331,9.904535293579102,1.2511881589889526,25.32798194885254,26.173614501953125,25.500049591064453
521,synthetic_standard_checkerboard_8_00071,standard,checkerboard,8,8x8,synthetic,0.8117523789405823,11.552234649658203,6.18199348449707,27.354406356811523,27.59039878845215,27.47240447998047
522,synthetic_standard_checkerboard_8_00072,standard,checkerboard,8,8x8,synthetic,0.1410273015499115,10.314436912536621,5.227731704711914,26.978927612304688,27.202455520629883,27.09069061279297
523,synthetic_standard_quadrant_8_00073,standard,quadrant,8,8x8,synthetic,1.3543390035629272,11.609487533569336,3.918126106262207,25.853782653808594,28.136001586914062,26.5668888092041
524,synthetic_standard_checkerboard_8_00074,standard,checkerboard,8,8x8,synthetic,0.211772158741951,8.676538467407227,4.444155693054199,26.68422508239746,26.870210647583008,26.777217864990234
525,synthetic_standard_uniform_8_00075,standard,uniform,8,8x8,synthetic,8.48044204711914,8.48044204711914,8.48044204711914,28.391712188720703,28.391712188720703,28.39171028137207
526,synthetic_standard_uniform_8_00076,standard,uniform,8,8x8,synthetic,11.9592924118042,11.9592924118042,11.959291458129883,29.783218383789062,29.783218383789062,29.783218383789062
527,synthetic_standard_uniform_8_00077,standard,uniform,8,8x8,synthetic,8.530168533325195,8.530168533325195,8.530167579650879,28.411548614501953,28.411548614501953,28.41154670715332
528,synthetic_standard_stripes_8_00078,standard,stripes,8,8x8,synthetic,0.5802401900291443,10.097668647766113,5.338953971862793,26.828760147094727,27.441524505615234,27.135143280029297
529,synthetic_standard_quadrant_8_00079,standard,quadrant,8,8x8,synthetic,0.9577012658119202,9.610625267028809,3.1209323406219482,25.646244049072266,27.571903228759766,26.247940063476562
530,synthetic_standard_multihotspot_8_00080,standard,multihotspot,8,8x8,synthetic,0.8947855234146118,8.730319023132324,1.8191176652908325,25.493690490722656,26.11440658569336,25.72724151611328
531,synthetic_standard_checkerboard_8_00081,standard,checkerboard,8,8x8,synthetic,0.24635224044322968,8.614126205444336,4.430239677429199,26.679702758789062,26.863555908203125,26.771629333496094
532,synthetic_standard_stripes_8_00082,standard,stripes,8,8x8,synthetic,0.33020129799842834,9.744199752807617,5.037200927734375,26.711376190185547,27.317489624023438,27.014434814453125
533,synthetic_standard_uniform_8_00083,standard,uniform,8,8x8,synthetic,11.060097694396973,11.060097694396973,11.060097694396973,29.423492431640625,29.423492431640625,29.423492431640625
534,synthetic_standard_checkerboard_8_00084,standard,checkerboard,8,8x8,synthetic,0.688901424407959,8.86648941040039,4.777695655822754,26.82083511352539,27.000507354736328,26.91067123413086
535,synthetic_standard_quadrant_8_00085,standard,quadrant,8,8x8,synthetic,0.4425288140773773,9.844168663024902,2.792938709259033,25.463001251220703,27.55526351928711,26.116756439208984
536,synthetic_standard_checkerboard_8_00086,standard,checkerboard,8,8x8,synthetic,0.6218620538711548,10.217142105102539,5.419502258300781,27.061939239501953,27.27276039123535,27.16735076904297
537,synthetic_standard_multihotspot_8_00087,standard,multihotspot,8,8x8,synthetic,1.2470927238464355,10.373751640319824,2.0183935165405273,25.642181396484375,26.192541122436523,25.80698013305664
538,synthetic_standard_uniform_8_00088,standard,uniform,8,8x8,synthetic,9.787355422973633,9.787355422973633,9.787354469299316,28.91442108154297,28.91442108154297,28.914424896240234
539,synthetic_standard_hotspot_8_00089,standard,hotspot,8,8x8,synthetic,0.33355188369750977,8.346845626831055,0.8343826532363892,25.233659744262695,25.614269256591797,25.33334732055664
540,synthetic_standard_stripes_8_00090,standard,stripes,8,8x8,synthetic,0.23706208169460297,10.318999290466309,5.2780303955078125,26.786178588867188,27.435306549072266,27.110740661621094
541,synthetic_standard_stripes_8_00091,standard,stripes,8,8x8,synthetic,0.4725559949874878,8.996776580810547,4.734666347503662,26.618993759155273,27.16783332824707,26.893413543701172
542,synthetic_standard_multihotspot_8_00092,standard,multihotspot,8,8x8,synthetic,1.8559411764144897,10.009984970092773,2.840764045715332,25.858247756958008,26.901079177856445,26.1358642578125
543,synthetic_standard_uniform_8_00093,standard,uniform,8,8x8,synthetic,10.062749862670898,10.062749862670898,10.062750816345215,29.024568557739258,29.024568557739258,29.024568557739258
544,synthetic_standard_hotspot_8_00094,standard,hotspot,8,8x8,synthetic,0.7402598857879639,11.686739921569824,1.4244147539138794,25.474239349365234,25.932106018066406,25.56937026977539
545,synthetic_standard_quadrant_8_00095,standard,quadrant,8,8x8,synthetic,0.6758646965026855,7.904422283172607,2.483004093170166,25.490131378173828,27.098819732666016,25.992782592773438
546,synthetic_standard_uniform_8_00096,standard,uniform,8,8x8,synthetic,8.002272605895996,8.002272605895996,8.002272605895996,28.20040512084961,28.20040512084961,28.200407028198242
547,synthetic_standard_hotspot_8_00097,standard,hotspot,8,8x8,synthetic,1.1001996994018555,11.076970100402832,1.723747968673706,25.52297019958496,26.1257381439209,25.689136505126953
548,synthetic_standard_hotspot_8_00098,standard,hotspot,8,8x8,synthetic,1.4116144180297852,8.617132186889648,1.8619590997695923,25.60588264465332,26.478973388671875,25.744409561157227
549,synthetic_standard_multihotspot_8_00099,standard,multihotspot,8,8x8,synthetic,0.6524767279624939,10.79821491241455,1.7344915866851807,25.405418395996094,26.283065795898438,25.69340705871582
550,synthetic_standard_quadrant_8_00100,standard,quadrant,8,8x8,synthetic,0.750314474105835,10.780466079711914,3.257852077484131,25.605228424072266,27.837406158447266,26.302692413330078
551,synthetic_standard_stripes_8_00101,standard,stripes,8,8x8,synthetic,0.9988285899162292,7.895782470703125,4.447305679321289,26.556407928466797,27.00045394897461,26.778430938720703
552,synthetic_standard_checkerboard_8_00102,standard,checkerboard,8,8x8,synthetic,0.5824447274208069,9.051485061645508,4.816965103149414,26.833358764648438,27.019437789916992,26.92639923095703
553,synthetic_standard_quadrant_8_00103,standard,quadrant,8,8x8,synthetic,1.485417127609253,9.633866310119629,3.522529363632202,25.84192657470703,27.655309677124023,26.408538818359375
554,synthetic_standard_multihotspot_8_00104,standard,multihotspot,8,8x8,synthetic,1.7199411392211914,11.664667129516602,2.8366594314575195,25.952518463134766,26.455156326293945,26.134235382080078
555,synthetic_standard_checkerboard_8_00105,standard,checkerboard,8,8x8,synthetic,0.9856210947036743,9.759236335754395,5.372428894042969,27.05217742919922,27.244943618774414,27.148561477661133
556,synthetic_standard_quadrant_8_00106,standard,quadrant,8,8x8,synthetic,1.3591601848602295,10.992241859436035,3.767430543899536,25.83673095703125,27.98050880432129,26.50657844543457
557,synthetic_standard_checkerboard_8_00107,standard,checkerboard,8,8x8,synthetic,0.5607773661613464,10.189131736755371,5.3749542236328125,27.043745040893555,27.255292892456055,27.149520874023438
558,synthetic_standard_hotspot_8_00108,standard,hotspot,8,8x8,synthetic,0.6124845147132874,10.54668140411377,1.2333717346191406,25.327465057373047,25.927669525146484,25.4929256439209
559,synthetic_standard_checkerboard_8_00109,standard,checkerboard,8,8x8,synthetic,0.12722596526145935,9.322708129882812,4.724967002868652,26.78858184814453,26.990617752075195,26.88960075378418
560,synthetic_standard_checkerboard_8_00110,standard,checkerboard,8,8x8,synthetic,0.4462823271751404,11.402083396911621,5.924182891845703,27.248910903930664,27.489620208740234,27.3692626953125
561,synthetic_standard_checkerboard_8_00111,standard,checkerboard,8,8x8,synthetic,0.5539811253547668,11.03736400604248,5.79567289352417,27.202678680419922,27.433012008666992,27.31784439086914
562,synthetic_standard_uniform_8_00112,standard,uniform,8,8x8,synthetic,9.265445709228516,9.265445709228516,9.265445709228516,28.70566177368164,28.70566177368164,28.705659866333008
563,synthetic_standard_uniform_8_00113,standard,uniform,8,8x8,synthetic,10.623491287231445,10.623491287231445,10.623490333557129,29.24887466430664,29.24887466430664,29.248872756958008
564,synthetic_standard_checkerboard_8_00114,standard,checkerboard,8,8x8,synthetic,0.05493498966097832,8.259787559509277,4.1573615074157715,26.572378158569336,26.752641677856445,26.66250991821289
565,synthetic_standard_hotspot_8_00115,standard,hotspot,8,8x8,synthetic,1.2731881141662598,8.086894035339355,1.6990447044372559,25.552175521850586,26.176414489746094,25.679197311401367
566,synthetic_standard_multihotspot_8_00116,standard,multihotspot,8,8x8,synthetic,0.8893760442733765,11.013761520385742,2.0424551963806152,25.52396011352539,26.540233612060547,25.81653594970703
567,synthetic_standard_uniform_8_00117,standard,uniform,8,8x8,synthetic,8.71441650390625,8.71441650390625,8.71441650390625,28.485267639160156,28.485267639160156,28.48526382446289
568,synthetic_standard_quadrant_8_00118,standard,quadrant,8,8x8,synthetic,0.8242404460906982,7.750197887420654,2.555729866027832,25.54026222229004,27.081623077392578,26.02187728881836
569,synthetic_standard_checkerboard_8_00119,standard,checkerboard,8,8x8,synthetic,0.7248167991638184,10.639945030212402,5.682380676269531,27.1635799407959,27.381433486938477,27.272506713867188
570,synthetic_standard_hotspot_8_00120,standard,hotspot,8,8x8,synthetic,0.7410954236984253,11.812593460083008,1.4330639839172363,25.435028076171875,25.960906982421875,25.57276153564453
571,synthetic_standard_hotspot_8_00121,standard,hotspot,8,8x8,synthetic,0.3366238474845886,9.438665390014648,0.9055014848709106,25.192102432250977,26.025989532470703,25.361778259277344
572,synthetic_standard_checkerboard_8_00122,standard,checkerboard,8,8x8,synthetic,0.01843780279159546,10.845637321472168,5.432037353515625,27.053438186645508,27.29132652282715,27.172382354736328
573,synthetic_standard_hotspot_8_00123,standard,hotspot,8,8x8,synthetic,0.9156061410903931,10.576037406921387,1.5193829536437988,25.446401596069336,26.030065536499023,25.607301712036133
574,synthetic_standard_stripes_8_00124,standard,stripes,8,8x8,synthetic,0.7117058038711548,7.411190986633301,4.061448097229004,26.40846061706543,26.839815139770508,26.624141693115234
575,synthetic_standard_multihotspot_8_00125,standard,multihotspot,8,8x8,synthetic,0.49113208055496216,9.2744722366333,1.4601926803588867,25.37310791015625,25.934709548950195,25.583683013916016
576,synthetic_standard_uniform_8_00126,standard,uniform,8,8x8,synthetic,11.297661781311035,11.297661781311035,11.297661781311035,29.518573760986328,29.518573760986328,29.518571853637695
577,synthetic_standard_quadrant_8_00127,standard,quadrant,8,8x8,synthetic,0.3020224869251251,11.64786434173584,3.1384825706481934,25.466054916381836,27.991012573242188,26.255006790161133
578,synthetic_standard_uniform_8_00128,standard,uniform,8,8x8,synthetic,11.699850082397461,11.699850082397461,11.699851036071777,29.679458618164062,29.679458618164062,29.679458618164062
579,synthetic_standard_quadrant_8_00129,standard,quadrant,8,8x8,synthetic,0.018077794462442398,10.815096855163574,2.717332601547241,25.335758209228516,27.738563537597656,26.08654022216797
580,synthetic_standard_quadrant_8_00130,standard,quadrant,8,8x8,synthetic,1.45606529712677,9.751617431640625,3.5299532413482666,25.834693908691406,27.680814743041992,26.41153335571289
581,synthetic_standard_uniform_8_00131,standard,uniform,8,8x8,synthetic,11.39915657043457,11.39915657043457,11.399155616760254,29.559192657470703,29.559192657470703,29.55919075012207
582,synthetic_standard_multihotspot_8_00132,standard,multihotspot,8,8x8,synthetic,1.2294734716415405,9.086268424987793,1.8836498260498047,25.58988380432129,26.09249496459961,25.75307846069336
583,synthetic_standard_uniform_8_00133,standard,uniform,8,8x8,synthetic,10.919122695922852,10.919122695922852,10.919121742248535,29.36712646484375,29.36712646484375,29.36712646484375
584,synthetic_standard_stripes_8_00134,standard,stripes,8,8x8,synthetic,0.47246867418289185,9.039321899414062,4.755895137786865,26.626148223876953,27.177743911743164,26.901947021484375
585,synthetic_standard_quadrant_8_00135,standard,quadrant,8,8x8,synthetic,1.0996867418289185,8.844943046569824,3.0360004901885986,25.675363540649414,27.399032592773438,26.213947296142578
586,synthetic_standard_uniform_8_00136,standard,uniform,8,8x8,synthetic,8.878318786621094,8.878318786621094,8.878318786621094,28.550785064697266,28.550785064697266,28.550783157348633
587,synthetic_standard_hotspot_8_00137,standard,hotspot,8,8x8,synthetic,1.1012195348739624,11.770273208618164,1.7680354118347168,25.507905960083008,26.485347747802734,25.70680046081543
588,synthetic_standard_stripes_8_00138,standard,stripes,8,8x8,synthetic,0.3782005310058594,10.406888961791992,5.392545223236084,26.833730697631836,27.479421615600586,27.15657615661621
589,synthetic_standard_multihotspot_8_00139,standard,multihotspot,8,8x8,synthetic,1.853340983390808,11.936563491821289,2.885800361633301,25.938505172729492,26.509851455688477,26.153873443603516
590,synthetic_standard_uniform_8_00140,standard,uniform,8,8x8,synthetic,10.696781158447266,10.696781158447266,10.696781158447266,29.27824592590332,29.27824592590332,29.27824592590332
591,synthetic_standard_checkerboard_8_00141,standard,checkerboard,8,8x8,synthetic,0.47530561685562134,8.284977912902832,4.3801422119140625,26.665849685668945,26.837440490722656,26.751644134521484
592,synthetic_standard_stripes_8_00142,standard,stripes,8,8x8,synthetic,0.2851223945617676,8.340187072753906,4.312654495239258,26.46529197692871,26.98392677307129,26.724613189697266
593,synthetic_standard_stripes_8_00143,standard,stripes,8,8x8,synthetic,0.5200719237327576,10.370927810668945,5.445500373840332,26.860612869262695,27.494873046875,27.17774200439453
594,synthetic_standard_quadrant_8_00144,standard,quadrant,8,8x8,synthetic,0.9761918783187866,7.579494476318359,2.6270177364349365,25.59119987487793,27.060771942138672,26.050384521484375
595,synthetic_standard_quadrant_8_00145,standard,quadrant,8,8x8,synthetic,0.7338978052139282,7.708194732666016,2.4774720668792725,25.505592346191406,27.057710647583008,25.99056625366211
596,synthetic_standard_multihotspot_8_00146,standard,multihotspot,8,8x8,synthetic,0.09474501013755798,9.205387115478516,1.0550144910812378,25.16982650756836,26.083675384521484,25.421558380126953
597,synthetic_standard_hotspot_8_00147,standard,hotspot,8,8x8,synthetic,0.04806538298726082,9.118545532226562,0.6149703860282898,25.11058807373047,25.582582473754883,25.245601654052734
598,synthetic_standard_hotspot_8_00148,standard,hotspot,8,8x8,synthetic,0.1630004495382309,10.605340003967285,0.8156466484069824,25.17045783996582,25.713842391967773,25.32589340209961
599,synthetic_standard_checkerboard_8_00149,standard,checkerboard,8,8x8,synthetic,0.3940719664096832,9.826189041137695,5.110130310058594,26.939998626708984,27.147235870361328,27.043617248535156
600,synthetic_standard_stripes_8_00150,standard,stripes,8,8x8,synthetic,0.3778376579284668,9.12176513671875,4.7498016357421875,26.61797523498535,27.180940628051758,26.899457931518555
601,synthetic_standard_hotspot_8_00151,standard,hotspot,8,8x8,synthetic,0.7727000713348389,8.087325096130371,1.2298641204833984,25.369707107543945,25.811647415161133,25.491539001464844
602,synthetic_standard_hotspot_8_00152,standard,hotspot,8,8x8,synthetic,1.1742308139801025,8.40114974975586,1.625913143157959,25.51521873474121,26.17730140686035,25.649934768676758
603,synthetic_standard_uniform_8_00153,standard,uniform,8,8x8,synthetic,10.40549087524414,10.40549087524414,10.40549087524414,29.16170883178711,29.16170883178711,29.161710739135742
604,synthetic_standard_stripes_8_00154,standard,stripes,8,8x8,synthetic,0.28480759263038635,10.150222778320312,5.217514991760254,26.768980026245117,27.404146194458008,27.086563110351562
605,synthetic_standard_quadrant_8_00155,standard,quadrant,8,8x8,synthetic,1.47150719165802,7.211730480194092,2.9065630435943604,25.763059616088867,27.04050636291504,26.16221046447754
606,synthetic_standard_hotspot_8_00156,standard,hotspot,8,8x8,synthetic,0.22011485695838928,10.18795108795166,0.8431046605110168,25.170743942260742,25.77297592163086,25.33676528930664
607,synthetic_standard_quadrant_8_00157,standard,quadrant,8,8x8,synthetic,0.02434568479657173,9.262539863586426,2.3338942527770996,25.29073715209961,27.346656799316406,25.93312644958496
608,synthetic_standard_checkerboard_8_00158,standard,checkerboard,8,8x8,synthetic,0.9780457615852356,9.919194221496582,5.448619842529297,27.080768585205078,27.277212142944336,27.17898941040039
609,synthetic_standard_hotspot_8_00159,standard,hotspot,8,8x8,synthetic,0.07758224010467529,8.523685455322266,0.6054636836051941,25.09066390991211,25.67821502685547,25.24173355102539
610,synthetic_standard_checkerboard_8_00160,standard,checkerboard,8,8x8,synthetic,0.09070176631212234,10.016255378723145,5.053478717803955,26.911911010742188,27.12999153137207,27.020950317382812
611,synthetic_standard_hotspot_8_00161,standard,hotspot,8,8x8,synthetic,0.7536194920539856,11.72042179107666,1.439044713973999,25.36436653137207,26.693212509155273,25.5752010345459
612,synthetic_standard_checkerboard_8_00162,standard,checkerboard,8,8x8,synthetic,0.8595308065414429,10.018180847167969,5.43885612487793,27.074501037597656,27.27573013305664,27.175113677978516
613,synthetic_standard_hotspot_8_00163,standard,hotspot,8,8x8,synthetic,1.2832130193710327,9.117949485778809,1.7728841304779053,25.558082580566406,26.507417678833008,25.70870590209961
614,synthetic_standard_hotspot_8_00164,standard,hotspot,8,8x8,synthetic,0.27972495555877686,11.906107902526855,1.0063738822937012,25.229032516479492,25.834035873413086,25.40209197998047
615,synthetic_standard_uniform_8_00165,standard,uniform,8,8x8,synthetic,9.567350387573242,9.567350387573242,9.567351341247559,28.826396942138672,28.826396942138672,28.826398849487305
616,synthetic_standard_checkerboard_8_00166,standard,checkerboard,8,8x8,synthetic,0.18132145702838898,10.720139503479004,5.450730323791504,27.064157485961914,27.295705795288086,27.179931640625
617,synthetic_standard_multihotspot_8_00167,standard,multihotspot,8,8x8,synthetic,0.5269508361816406,10.583758354187012,1.4132869243621826,25.37400245666504,26.001646041870117,25.564891815185547
618,synthetic_standard_hotspot_8_00168,standard,hotspot,8,8x8,synthetic,0.8579259514808655,11.410490989685059,1.5174611806869507,25.447935104370117,26.041595458984375,25.606491088867188
619,synthetic_standard_quadrant_8_00169,standard,quadrant,8,8x8,synthetic,0.5139754414558411,7.194896697998047,2.1842057704925537,25.408721923828125,26.895536422729492,25.873294830322266
620,synthetic_standard_hotspot_8_00170,standard,hotspot,8,8x8,synthetic,0.3576996624469757,8.495752334594727,0.8663279414176941,25.210559844970703,25.702253341674805,25.346107482910156
621,synthetic_standard_uniform_8_00171,standard,uniform,8,8x8,synthetic,11.227776527404785,11.227776527404785,11.227776527404785,29.490631103515625,29.490631103515625,29.490631103515625
622,synthetic_standard_quadrant_8_00172,standard,quadrant,8,8x8,synthetic,0.9097981452941895,10.551795959472656,3.3202974796295166,25.657224655151367,27.80297088623047,26.32768440246582
623,synthetic_standard_quadrant_8_00173,standard,quadrant,8,8x8,synthetic,0.5123074054718018,7.8142828941345215,2.337801456451416,25.42699432373047,27.051965713500977,25.93473243713379
624,synthetic_standard_hotspot_8_00174,standard,hotspot,8,8x8,synthetic,0.2668687403202057,10.132999420166016,0.8835018873214722,25.230192184448242,25.698822021484375,25.35293197631836
625,synthetic_standard_uniform_8_00175,standard,uniform,8,8x8,synthetic,11.710673332214355,11.710673332214355,11.710672378540039,29.68375015258789,29.68375015258789,29.683748245239258
626,synthetic_standard_checkerboard_8_00176,standard,checkerboard,8,8x8,synthetic,0.10824944078922272,8.158241271972656,4.133245468139648,26.56443214416504,26.741294860839844,26.652864456176758
627,synthetic_standard_checkerboard_8_00177,standard,checkerboard,8,8x8,synthetic,0.03280999884009361,9.095624923706055,4.564217567443848,26.725744247436523,26.924867630004883,26.825305938720703
628,synthetic_standard_checkerboard_8_00178,standard,checkerboard,8,8x8,synthetic,0.3786209225654602,8.771766662597656,4.575193405151367,26.737403869628906,26.921810150146484,26.829608917236328
629,synthetic_standard_hotspot_8_00179,standard,hotspot,8,8x8,synthetic,0.49188581109046936,9.35603141784668,1.045894980430603,25.26091957092285,25.973655700683594,25.41793441772461
630,synthetic_standard_uniform_8_00180,standard,uniform,8,8x8,synthetic,8.808457374572754,8.808457374572754,8.808457374572754,28.522842407226562,28.522842407226562,28.522842407226562
631,synthetic_standard_stripes_8_00181,standard,stripes,8,8x8,synthetic,0.9908097386360168,10.714104652404785,5.852457046508789,27.027477264404297,27.653505325317383,27.340492248535156
632,synthetic_standard_hotspot_8_00182,standard,hotspot,8,8x8,synthetic,1.1609091758728027,9.258326530456543,1.6669979095458984,25.532594680786133,26.148717880249023,25.666362762451172
633,synthetic_standard_stripes_8_00183,standard,stripes,8,8x8,synthetic,0.8955045938491821,8.737397193908691,4.816451072692871,26.673660278320312,27.17854881286621,26.926105499267578
634,synthetic_standard_stripes_8_00184,standard,stripes,8,8x8,synthetic,0.8063987493515015,8.233838081359863,4.520118713378906,26.56848907470703,27.046716690063477,26.80760383605957
635,synthetic_standard_uniform_8_00185,standard,uniform,8,8x8,synthetic,11.977076530456543,11.977076530456543,11.977075576782227,29.79027557373047,29.79027557373047,29.790279388427734
636,synthetic_standard_stripes_8_00186,standard,stripes,8,8x8,synthetic,0.09327090531587601,9.624918937683105,4.859095096588135,26.636302947998047,27.250011444091797,26.943157196044922
637,synthetic_standard_uniform_8_00187,standard,uniform,8,8x8,synthetic,11.080747604370117,11.080747604370117,11.080748558044434,29.43178939819336,29.43178939819336,29.431791305541992
638,synthetic_standard_stripes_8_00188,standard,stripes,8,8x8,synthetic,0.6024102568626404,10.427441596984863,5.514925479888916,26.889202117919922,27.521791458129883,27.20549964904785
639,synthetic_standard_checkerboard_8_00189,standard,checkerboard,8,8x8,synthetic,0.042457953095436096,9.656709671020508,4.849583625793457,26.833768844604492,27.04500961303711,26.939388275146484
640,synthetic_standard_hotspot_8_00190,standard,hotspot,8,8x8,synthetic,0.5891025066375732,9.060853958129883,1.118586778640747,25.28908920288086,26.06521987915039,25.447017669677734
641,synthetic_standard_quadrant_8_00191,standard,quadrant,8,8x8,synthetic,0.4055114686489105,11.46871566772461,3.171312093734741,25.498817443847656,27.960845947265625,26.268104553222656
642,synthetic_standard_hotspot_8_00192,standard,hotspot,8,8x8,synthetic,0.7537680864334106,9.311230659484863,1.2886096239089966,25.36349868774414,26.051555633544922,25.515071868896484
643,synthetic_standard_checkerboard_8_00193,standard,checkerboard,8,8x8,synthetic,0.15180173516273499,10.010717391967773,5.081259727478027,26.923765182495117,27.140380859375,27.03207015991211
644,synthetic_standard_checkerboard_8_00194,standard,checkerboard,8,8x8,synthetic,0.4134082496166229,10.263160705566406,5.338284492492676,27.026704788208008,27.243114471435547,27.134910583496094
645,synthetic_standard_stripes_8_00195,standard,stripes,8,8x8,synthetic,0.25672176480293274,10.8790864944458,5.567903995513916,26.884796142578125,27.568700790405273,27.226749420166016
646,synthetic_standard_quadrant_8_00196,standard,quadrant,8,8x8,synthetic,1.2572048902511597,7.710519790649414,2.8705337047576904,25.699031829833984,27.135175704956055,26.14777374267578
647,synthetic_standard_hotspot_8_00197,standard,hotspot,8,8x8,synthetic,1.2273410558700562,8.679914474487305,1.693126916885376,25.56592559814453,25.953731536865234,25.67685890197754
648,synthetic_standard_checkerboard_8_00198,standard,checkerboard,8,8x8,synthetic,0.11518605053424835,11.718396186828613,5.916790962219238,27.23884391784668,27.49378776550293,27.366315841674805
649,synthetic_standard_hotspot_8_00199,standard,hotspot,8,8x8,synthetic,0.08827280253171921,10.884161949157715,0.7630158066749573,25.144065856933594,25.705842971801758,25.304759979248047
650,synthetic_systolic_wavefront_8_00000,systolic,wavefront,8,8x8,synthetic,7.0136003494262695,13.251554489135742,9.780433654785156,28.611656188964844,29.417905807495117,28.911775588989258
651,synthetic_systolic_checkerboard_8_00001,systolic,checkerboard,8,8x8,synthetic,7.5058488845825195,9.554709434509277,8.37277889251709,28.300357818603516,28.42149543762207,28.348697662353516
652,synthetic_systolic_banded_8_00002,systolic,banded,8,8x8,synthetic,6.684185981750488,10.929872512817383,8.54167366027832,28.10550308227539,28.7202091217041,28.416259765625
653,synthetic_systolic_checkerboard_8_00003,systolic,checkerboard,8,8x8,synthetic,7.355269908905029,11.952249526977539,9.496259689331055,28.745616912841797,28.87415885925293,28.798072814941406
654,synthetic_systolic_hotspot_8_00004,systolic,hotspot,8,8x8,synthetic,0.2344369888305664,12.624909400939941,6.095426082611084,26.387956619262695,28.59307289123535,27.437774658203125
655,synthetic_systolic_hotspot_8_00005,systolic,hotspot,8,8x8,synthetic,1.3087975978851318,14.894255638122559,5.992425918579102,26.392351150512695,28.800649642944336,27.39654541015625
656,synthetic_systolic_uniform_8_00006,systolic,uniform,8,8x8,synthetic,10.456076622009277,11.90963363647461,11.376160621643066,29.409317016601562,29.615720748901367,29.550046920776367
657,synthetic_systolic_banded_8_00007,systolic,banded,8,8x8,synthetic,4.944152355194092,11.775824546813965,7.933009147644043,27.67270851135254,28.661869049072266,28.172767639160156
658,synthetic_systolic_hotspot_8_00008,systolic,hotspot,8,8x8,synthetic,0.6242425441741943,13.140271186828613,5.7652764320373535,26.281404495239258,28.549283981323242,27.305675506591797
659,synthetic_systolic_checkerboard_8_00009,systolic,checkerboard,8,8x8,synthetic,7.590544700622559,9.34862232208252,8.312084197998047,28.276540756225586,28.40041160583496,28.324417114257812
660,synthetic_systolic_uniform_8_00010,systolic,uniform,8,8x8,synthetic,12.614921569824219,13.814922332763672,13.38882827758789,30.231531143188477,30.437931060791016,30.355119705200195
661,synthetic_systolic_hotspot_8_00011,systolic,hotspot,8,8x8,synthetic,0.14103180170059204,17.699108123779297,5.493673801422119,26.083864212036133,28.96480941772461,27.19702911376953
662,synthetic_systolic_banded_8_00012,systolic,banded,8,8x8,synthetic,4.409411430358887,11.600805282592773,7.555645942687988,27.495393753051758,28.536649703979492,28.021793365478516
663,synthetic_systolic_checkerboard_8_00013,systolic,checkerboard,8,8x8,synthetic,7.254345417022705,10.267474174499512,8.603409767150879,28.391067504882812,28.51450538635254,28.44097137451172
664,synthetic_systolic_uniform_8_00014,systolic,uniform,8,8x8,synthetic,11.475513458251953,12.67551326751709,12.228513717651367,29.769865036010742,29.976261138916016,29.891002655029297
665,synthetic_systolic_checkerboard_8_00015,systolic,checkerboard,8,8x8,synthetic,6.573919296264648,10.127585411071777,8.193252563476562,28.226041793823242,28.351221084594727,28.276817321777344
666,synthetic_systolic_hotspot_8_00016,systolic,hotspot,8,8x8,synthetic,0.5822307467460632,14.07229995727539,4.557462692260742,25.90217399597168,28.279043197631836,26.822574615478516
667,synthetic_systolic_wavefront_8_00017,systolic,wavefront,8,8x8,synthetic,8.015371322631836,14.48668098449707,10.885711669921875,29.04253578186035,29.87895965576172,29.353885650634766
668,synthetic_systolic_banded_8_00018,systolic,banded,8,8x8,synthetic,5.5659403800964355,14.548988342285156,9.496023178100586,28.140451431274414,29.441137313842773,28.797998428344727
669,synthetic_systolic_wavefront_8_00019,systolic,wavefront,8,8x8,synthetic,6.912344932556152,12.89255142211914,9.564855575561523,28.537805557250977,29.310745239257812,28.82552719116211
670,synthetic_systolic_wavefront_8_00020,systolic,wavefront,8,8x8,synthetic,9.722674369812012,15.793641090393066,12.41544246673584,29.67367172241211,30.458345413208008,29.965763092041016
671,synthetic_systolic_uniform_8_00021,systolic,uniform,8,8x8,synthetic,12.24803638458252,13.448037147521973,12.969362258911133,30.069908142089844,30.276325225830078,30.187339782714844
672,synthetic_systolic_wavefront_8_00022,systolic,wavefront,8,8x8,synthetic,8.524118423461914,15.416755676269531,11.581336975097656,29.30051612854004,30.191389083862305,29.632125854492188
673,synthetic_systolic_banded_8_00023,systolic,banded,8,8x8,synthetic,5.886844158172607,13.062196731567383,9.026060104370117,28.08476448059082,29.12370491027832,28.609989166259766
674,synthetic_systolic_wavefront_8_00024,systolic,wavefront,8,8x8,synthetic,9.659513473510742,17.00358009338379,12.916962623596191,29.813047409057617,30.762264251708984,30.1663818359375
675,synthetic_systolic_uniform_8_00025,systolic,uniform,8,8x8,synthetic,12.224761009216309,13.424760818481445,12.96828842163086,30.06683349609375,30.27324676513672,30.186870574951172
676,synthetic_systolic_banded_8_00026,systolic,banded,8,8x8,synthetic,5.945193290710449,12.101112365722656,8.638407707214355,28.004369735717773,28.895708084106445,28.454975128173828
677,synthetic_systolic_uniform_8_00027,systolic,uniform,8,8x8,synthetic,11.356094360351562,12.660587310791016,12.220279693603516,29.75351333618164,29.959917068481445,29.887683868408203
678,synthetic_systolic_uniform_8_00028,systolic,uniform,8,8x8,synthetic,10.3743314743042,11.800430297851562,11.28411865234375,29.373716354370117,29.580121994018555,29.513240814208984
679,synthetic_systolic_wavefront_8_00029,systolic,wavefront,8,8x8,synthetic,7.212465286254883,12.768630981445312,9.67689323425293,28.603025436401367,29.321155548095703,28.870344161987305
680,synthetic_systolic_banded_8_00030,systolic,banded,8,8x8,synthetic,6.124553680419922,13.052610397338867,9.15557861328125,28.154653549194336,29.157791137695312,28.66177749633789
681,synthetic_systolic_checkerboard_8_00031,systolic,checkerboard,8,8x8,synthetic,6.778250217437744,9.238094329833984,7.850672245025635,28.09084129333496,28.212478637695312,28.13984489440918
682,synthetic_systolic_wavefront_8_00032,systolic,wavefront,8,8x8,synthetic,6.4838972091674805,11.148954391479492,8.553075790405273,28.19637680053711,28.79932975769043,28.420818328857422
683,synthetic_systolic_wavefront_8_00033,systolic,wavefront,8,8x8,synthetic,9.877473831176758,16.87263298034668,12.980165481567383,29.855146408081055,30.759265899658203,30.191692352294922
684,synthetic_systolic_hotspot_8_00034,systolic,hotspot,8,8x8,synthetic,0.729067862033844,14.61681842803955,3.95284366607666,25.772706985473633,28.134668350219727,26.58071517944336
685,synthetic_systolic_hotspot_8_00035,systolic,hotspot,8,8x8,synthetic,0.6467264294624329,15.589007377624512,5.918466567993164,26.297698974609375,28.859994888305664,27.366981506347656
686,synthetic_systolic_banded_8_00036,systolic,banded,8,8x8,synthetic,4.23622989654541,11.923417091369629,7.599373817443848,27.476642608642578,28.589664459228516,28.039318084716797
687,synthetic_systolic_uniform_8_00037,systolic,uniform,8,8x8,synthetic,11.40848159790039,12.608482360839844,12.169631958007812,29.74538803100586,29.951780319213867,29.867477416992188
688,synthetic_systolic_uniform_8_00038,systolic,uniform,8,8x8,synthetic,13.056303977966309,14.256303787231445,13.869134902954102,30.4190731048584,30.625471115112305,30.547222137451172
689,synthetic_systolic_banded_8_00039,systolic,banded,8,8x8,synthetic,4.097777366638184,10.334890365600586,6.82651424407959,27.27362823486328,28.176729202270508,27.730178833007812
690,synthetic_systolic_hotspot_8_00040,systolic,hotspot,8,8x8,synthetic,0.12041597813367844,13.576377868652344,6.102461338043213,26.3687744140625,28.69877052307129,27.440589904785156
691,synthetic_systolic_uniform_8_00041,systolic,uniform,8,8x8,synthetic,10.792470932006836,12.01107406616211,11.624446868896484,29.518957138061523,29.725353240966797,29.649354934692383
692,synthetic_systolic_hotspot_8_00042,systolic,hotspot,8,8x8,synthetic,0.8706574440002441,14.260411262512207,5.591714382171631,26.232025146484375,28.615558624267578,27.236286163330078
693,synthetic_systolic_uniform_8_00043,systolic,uniform,8,8x8,synthetic,11.713570594787598,13.008813858032227,12.574285507202148,29.895538330078125,30.101951599121094,30.029319763183594
694,synthetic_systolic_banded_8_00044,systolic,banded,8,8x8,synthetic,5.108715057373047,12.838727951049805,8.490596771240234,27.830018997192383,28.949264526367188,28.395841598510742
695,synthetic_systolic_uniform_8_00045,systolic,uniform,8,8x8,synthetic,10.681276321411133,11.88127613067627,11.388387680053711,29.439199447631836,29.645597457885742,29.554954528808594
696,synthetic_systolic_wavefront_8_00046,systolic,wavefront,8,8x8,synthetic,7.865550994873047,14.759160995483398,10.923200607299805,29.037189483642578,29.928171157836914,29.36884880065918
697,synthetic_systolic_uniform_8_00047,systolic,uniform,8,8x8,synthetic,13.450191497802734,14.841641426086426,14.34698486328125,30.600385665893555,30.806791305541992,30.73838233947754
698,synthetic_systolic_uniform_8_00048,systolic,uniform,8,8x8,synthetic,10.095026016235352,11.295025825500488,10.798957824707031,29.203765869140625,29.410171508789062,29.31915283203125
699,synthetic_systolic_banded_8_00049,systolic,banded,8,8x8,synthetic,4.704110622406006,12.741366386413574,8.220409393310547,27.699430465698242,28.863170623779297,28.287750244140625
700,synthetic_systolic_hotspot_8_00050,systolic,hotspot,8,8x8,synthetic,1.1932883262634277,14.933389663696289,4.595067501068115,26.002485275268555,28.363187789916992,26.837594985961914
701,synthetic_systolic_banded_8_00051,systolic,banded,8,8x8,synthetic,4.4503889083862305,14.153519630432129,8.69550895690918,27.76751708984375,29.17245101928711,28.477766036987305
702,synthetic_systolic_uniform_8_00052,systolic,uniform,8,8x8,synthetic,11.910594940185547,13.335576057434082,12.819963455200195,29.98809814453125,30.194517135620117,30.127574920654297
703,synthetic_systolic_hotspot_8_00053,systolic,hotspot,8,8x8,synthetic,1.0278218984603882,13.579903602600098,4.22810173034668,25.898866653442383,28.104354858398438,26.690814971923828
704,synthetic_systolic_checkerboard_8_00054,systolic,checkerboard,8,8x8,synthetic,7.222886562347412,10.928912162780762,8.9183988571167,28.515928268432617,28.641599655151367,28.56694793701172
705,synthetic_systolic_checkerboard_8_00055,systolic,checkerboard,8,8x8,synthetic,6.790961265563965,10.08341121673584,8.279685974121094,28.261085510253906,28.38542366027832,28.311439514160156
706,synthetic_systolic_checkerboard_8_00056,systolic,checkerboard,8,8x8,synthetic,6.479883193969727,12.5684175491333,9.366649627685547,28.691390991210938,28.82474708557129,28.746253967285156
707,synthetic_systolic_hotspot_8_00057,systolic,hotspot,8,8x8,synthetic,0.20067964494228363,16.163156509399414,5.75517463684082,26.197938919067383,28.876855850219727,27.301647186279297
708,synthetic_systolic_checkerboard_8_00058,systolic,checkerboard,8,8x8,synthetic,6.481201171875,9.114468574523926,7.6403350830078125,28.006433486938477,28.12864112854004,28.055723190307617
709,synthetic_systolic_uniform_8_00059,systolic,uniform,8,8x8,synthetic,13.049005508422852,14.540548324584961,13.9833345413208,30.45049476623535,30.65691566467285,30.59290313720703
710,synthetic_systolic_uniform_8_00060,systolic,uniform,8,8x8,synthetic,12.992283821105957,14.192283630371094,13.700069427490234,30.363744735717773,30.570152282714844,30.479583740234375
711,synthetic_systolic_hotspot_8_00061,systolic,hotspot,8,8x8,synthetic,1.1341129541397095,14.155226707458496,3.21205735206604,25.713010787963867,27.789518356323242,26.284408569335938
712,synthetic_systolic_hotspot_8_00062,systolic,hotspot,8,8x8,synthetic,1.4868669509887695,13.54570484161377,3.7249412536621094,25.8892765045166,27.892242431640625,26.489566802978516
713,synthetic_systolic_uniform_8_00063,systolic,uniform,8,8x8,synthetic,12.221022605895996,13.454676628112793,13.058643341064453,30.091983795166016,30.298381805419922,30.22303581237793
714,synthetic_systolic_wavefront_8_00064,systolic,wavefront,8,8x8,synthetic,9.412507057189941,16.82938575744629,12.702251434326172,29.723613739013672,30.682235717773438,30.0804500579834
715,synthetic_systolic_wavefront_8_00065,systolic,wavefront,8,8x8,synthetic,7.592091083526611,13.965311050415039,10.418922424316406,28.86052894592285,29.684253692626953,29.16714859008789
716,synthetic_systolic_checkerboard_8_00066,systolic,checkerboard,8,8x8,synthetic,6.83957052230835,12.807777404785156,9.666173934936523,28.811386108398438,28.94437026977539,28.86606216430664
717,synthetic_systolic_wavefront_8_00067,systolic,wavefront,8,8x8,synthetic,9.648992538452148,15.591421127319336,12.284747123718262,29.627578735351562,30.395639419555664,29.91347885131836
718,synthetic_systolic_hotspot_8_00068,systolic,hotspot,8,8x8,synthetic,0.7306731343269348,12.643722534179688,3.5825657844543457,25.709871292114258,27.797561645507812,26.432601928710938
719,synthetic_systolic_hotspot_8_00069,systolic,hotspot,8,8x8,synthetic,0.10106145590543747,17.58877182006836,3.426652193069458,25.516460418701172,28.297300338745117,26.370223999023438
720,synthetic_systolic_uniform_8_00070,systolic,uniform,8,8x8,synthetic,13.061285018920898,14.261284828186035,13.775276184082031,30.393131256103516,30.599538803100586,30.509700775146484
721,synthetic_systolic_banded_8_00071,systolic,banded,8,8x8,synthetic,6.177103042602539,10.343104362487793,7.999728202819824,27.894569396972656,28.497751235961914,28.19949722290039
722,synthetic_systolic_wavefront_8_00072,systolic,wavefront,8,8x8,synthetic,8.92650032043457,15.924283981323242,12.030355453491211,29.47505760192871,30.379518508911133,29.811737060546875
723,synthetic_systolic_wavefront_8_00073,systolic,wavefront,8,8x8,synthetic,9.032609939575195,15.499757766723633,11.901102066040039,29.448925018310547,30.284791946411133,29.760066986083984
724,synthetic_systolic_checkerboard_8_00074,systolic,checkerboard,8,8x8,synthetic,7.574547290802002,12.907886505126953,10.083717346191406,28.979419708251953,29.110353469848633,29.03307342529297
725,synthetic_systolic_hotspot_8_00075,systolic,hotspot,8,8x8,synthetic,0.9965173006057739,14.62276840209961,5.380682945251465,26.18000030517578,28.587350845336914,27.151866912841797
726,synthetic_systolic_banded_8_00076,systolic,banded,8,8x8,synthetic,4.481167793273926,11.0120267868042,7.338418960571289,27.456890106201172,28.402524948120117,27.93494987487793
727,synthetic_systolic_hotspot_8_00077,systolic,hotspot,8,8x8,synthetic,0.7220631241798401,15.429418563842773,3.249454975128174,25.621593475341797,27.96961784362793,26.299392700195312
728,synthetic_systolic_hotspot_8_00078,systolic,hotspot,8,8x8,synthetic,0.8744673728942871,15.511148452758789,5.091358661651611,26.072933197021484,28.594640731811523,27.036109924316406
729,synthetic_systolic_wavefront_8_00079,systolic,wavefront,8,8x8,synthetic,8.985860824584961,16.085613250732422,12.134944915771484,29.511981964111328,30.429636001586914,29.85356903076172
730,synthetic_systolic_hotspot_8_00080,systolic,hotspot,8,8x8,synthetic,0.8062614798545837,15.637178421020508,3.4171085357666016,25.669965744018555,28.047752380371094,26.36642837524414
731,synthetic_systolic_checkerboard_8_00081,systolic,checkerboard,8,8x8,synthetic,7.234799385070801,12.571949005126953,9.745874404907227,28.844314575195312,28.975252151489258,28.897968292236328
732,synthetic_systolic_hotspot_8_00082,systolic,hotspot,8,8x8,synthetic,0.1356121152639389,15.55364990234375,3.596937894821167,25.578248977661133,28.13824462890625,26.43837547302246
733,synthetic_systolic_wavefront_8_00083,systolic,wavefront,8,8x8,synthetic,9.366433143615723,15.856147766113281,12.244935989379883,29.58531951904297,30.42410659790039,29.89754867553711
734,synthetic_systolic_hotspot_8_00084,systolic,hotspot,8,8x8,synthetic,0.5078871846199036,14.677499771118164,5.733822822570801,26.238496780395508,28.707122802734375,27.293121337890625
735,synthetic_systolic_wavefront_8_00085,systolic,wavefront,8,8x8,synthetic,8.240670204162598,14.032190322875977,10.809489250183105,29.044748306274414,29.793289184570312,29.32338523864746
736,synthetic_systolic_uniform_8_00086,systolic,uniform,8,8x8,synthetic,10.572030067443848,11.772029876708984,11.309803009033203,29.40412139892578,29.610519409179688,29.523479461669922
737,synthetic_systolic_checkerboard_8_00087,systolic,checkerboard,8,8x8,synthetic,8.068286895751953,11.100613594055176,9.426950454711914,28.72043228149414,28.84392738342285,28.77036476135254
738,synthetic_systolic_checkerboard_8_00088,systolic,checkerboard,8,8x8,synthetic,6.391500473022461,10.433221817016602,8.254861831665039,28.249956130981445,28.37671661376953,28.30152130126953
739,synthetic_systolic_wavefront_8_00089,systolic,wavefront,8,8x8,synthetic,8.195283889770508,15.24005126953125,11.319978713989258,29.188663482666016,30.099178314208984,29.527589797973633
740,synthetic_systolic_wavefront_8_00090,systolic,wavefront,8,8x8,synthetic,7.230256080627441,13.767101287841797,10.129663467407227,28.736919403076172,29.581798553466797,29.05141830444336
741,synthetic_systolic_banded_8_00091,systolic,banded,8,8x8,synthetic,5.206414222717285,10.254720687866211,7.415048122406006,27.596054077148438,28.327001571655273,27.965576171875
742,synthetic_systolic_banded_8_00092,systolic,banded,8,8x8,synthetic,6.650999069213867,12.61070728302002,9.258371353149414,28.266672134399414,29.129587173461914,28.702911376953125
743,synthetic_systolic_hotspot_8_00093,systolic,hotspot,8,8x8,synthetic,0.3176116645336151,16.916704177856445,4.591273784637451,25.843204498291016,28.600439071655273,26.836088180541992
744,synthetic_systolic_uniform_8_00094,systolic,uniform,8,8x8,synthetic,12.732059478759766,14.199387550354004,13.657307624816895,30.321155548095703,30.527559280395508,30.462495803833008
745,synthetic_systolic_wavefront_8_00095,systolic,wavefront,8,8x8,synthetic,7.229587078094482,12.04489517211914,9.365408897399902,28.51408576965332,29.13646125793457,28.74576187133789
746,synthetic_systolic_banded_8_00096,systolic,banded,8,8x8,synthetic,6.811188220977783,12.662076950073242,9.370952606201172,28.31969451904297,29.166868209838867,28.747974395751953
747,synthetic_systolic_hotspot_8_00097,systolic,hotspot,8,8x8,synthetic,0.6939001083374023,14.51859188079834,3.3613507747650146,25.642494201660156,27.91904640197754,26.34412956237793
748,synthetic_systolic_uniform_8_00098,systolic,uniform,8,8x8,synthetic,10.930928230285645,12.323111534118652,11.827997207641602,29.59275245666504,29.799148559570312,29.73077392578125
749,synthetic_systolic_uniform_8_00099,systolic,uniform,8,8x8,synthetic,10.906794548034668,12.108880043029785,11.732576370239258,29.562938690185547,29.76936912536621,29.692623138427734
750,synthetic_systolic_uniform_8_00100,systolic,uniform,8,8x8,synthetic,10.652826309204102,11.864615440368652,11.482248306274414,29.462358474731445,29.66876983642578,29.59246826171875
751,synthetic_systolic_checkerboard_8_00101,systolic,checkerboard,8,8x8,synthetic,7.432318687438965,12.728821754455566,9.923070907592773,28.915225982666016,29.046037673950195,28.96881675720215
752,synthetic_systolic_uniform_8_00102,systolic,uniform,8,8x8,synthetic,13.65373420715332,15.089378356933594,14.567100524902344,30.686487197875977,30.892892837524414,30.82642936706543
753,synthetic_systolic_wavefront_8_00103,systolic,wavefront,8,8x8,synthetic,8.801989555358887,15.374444961547852,11.717191696166992,29.370235443115234,30.219717025756836,29.68644905090332
754,synthetic_systolic_hotspot_8_00104,systolic,hotspot,8,8x8,synthetic,1.0357433557510376,12.098893165588379,5.932221412658691,26.388042449951172,28.483055114746094,27.372467041015625
755,synthetic_systolic_hotspot_8_00105,systolic,hotspot,8,8x8,synthetic,1.17219877243042,14.263690948486328,3.234898090362549,25.725048065185547,27.806232452392578,26.29357147216797
756,synthetic_systolic_hotspot_8_00106,systolic,hotspot,8,8x8,synthetic,0.7607851624488831,14.621935844421387,4.0050740242004395,25.79053497314453,28.151309967041016,26.601612091064453
757,synthetic_systolic_checkerboard_8_00107,systolic,checkerboard,8,8x8,synthetic,7.2350897789001465,10.5811128616333,8.750600814819336,28.449405670166016,28.57389259338379,28.49983787536621
758,synthetic_systolic_banded_8_00108,systolic,banded,8,8x8,synthetic,4.518782138824463,11.59832763671875,7.61608362197876,27.527803421020508,28.552867889404297,28.04601287841797
759,synthetic_systolic_checkerboard_8_00109,systolic,checkerboard,8,8x8,synthetic,7.266618251800537,11.077120780944824,9.01436996459961,28.554134368896484,28.680147171020508,28.605327606201172
760,synthetic_systolic_hotspot_8_00110,systolic,hotspot,8,8x8,synthetic,1.4250026941299438,13.711326599121094,5.155240058898926,26.18755340576172,28.409156799316406,27.061662673950195
761,synthetic_systolic_uniform_8_00111,systolic,uniform,8,8x8,synthetic,11.049553871154785,12.249553680419922,11.854324340820312,29.614105224609375,29.82050132751465,29.741310119628906
762,synthetic_systolic_uniform_8_00112,systolic,uniform,8,8x8,synthetic,12.470677375793457,13.758362770080566,13.328559875488281,30.197582244873047,30.40399932861328,30.331024169921875
763,synthetic_systolic_wavefront_8_00113,systolic,wavefront,8,8x8,synthetic,8.443273544311523,14.965502738952637,11.336197853088379,29.22028350830078,30.063282012939453,29.534074783325195
764,synthetic_systolic_checkerboard_8_00114,systolic,checkerboard,8,8x8,synthetic,6.262506008148193,9.47980785369873,7.713656425476074,28.034822463989258,28.158910751342773,28.085052490234375
765,synthetic_systolic_hotspot_8_00115,systolic,hotspot,8,8x8,synthetic,1.4933329820632935,12.094819068908691,4.642422676086426,26.09076499938965,28.066179275512695,26.856523513793945
766,synthetic_systolic_wavefront_8_00116,systolic,wavefront,8,8x8,synthetic,9.321008682250977,15.661144256591797,12.13316535949707,29.547786712646484,30.367259979248047,29.852827072143555
767,synthetic_systolic_hotspot_8_00117,systolic,hotspot,8,8x8,synthetic,1.045087456703186,17.153797149658203,3.641684055328369,25.755399703979492,28.26968002319336,26.456218719482422
768,synthetic_systolic_banded_8_00118,systolic,banded,8,8x8,synthetic,4.078052043914795,14.180998802185059,8.498090744018555,27.659318923950195,29.122112274169922,28.398822784423828
769,synthetic_systolic_uniform_8_00119,systolic,uniform,8,8x8,synthetic,10.778512954711914,11.97851276397705,11.469476699829102,29.473491668701172,29.679912567138672,29.587366104125977
770,synthetic_systolic_hotspot_8_00120,systolic,hotspot,8,8x8,synthetic,0.5015388131141663,12.995957374572754,4.210983753204346,25.81127166748047,28.055091857910156,26.683977127075195
771,synthetic_systolic_hotspot_8_00121,systolic,hotspot,8,8x8,synthetic,1.1514915227890015,17.358781814575195,5.216719627380371,26.123397827148438,28.826683044433594,27.086280822753906
772,synthetic_systolic_uniform_8_00122,systolic,uniform,8,8x8,synthetic,11.181563377380371,12.624353408813477,12.097610473632812,29.6983585357666,29.904773712158203,29.838611602783203
773,synthetic_systolic_uniform_8_00123,systolic,uniform,8,8x8,synthetic,11.627423286437988,13.089476585388184,12.55069351196289,29.87872314453125,30.085126876831055,30.01982307434082
774,synthetic_systolic_banded_8_00124,systolic,banded,8,8x8,synthetic,5.233609676361084,13.336984634399414,8.778836250305176,27.917924880981445,29.091222763061523,28.51107406616211
775,synthetic_systolic_hotspot_8_00125,systolic,hotspot,8,8x8,synthetic,1.1301908493041992,12.189488410949707,3.4126415252685547,25.760595321655273,27.663299560546875,26.364641189575195
776,synthetic_systolic_hotspot_8_00126,systolic,hotspot,8,8x8,synthetic,0.34882840514183044,15.99631404876709,4.062560081481934,25.7220401763916,28.330888748168945,26.62459373474121
777,synthetic_systolic_banded_8_00127,systolic,banded,8,8x8,synthetic,6.457777976989746,12.464188575744629,9.085582733154297,28.194143295288086,29.063831329345703,28.633804321289062
778,synthetic_systolic_wavefront_8_00128,systolic,wavefront,8,8x8,synthetic,7.60824728012085,13.79045295715332,10.350354194641113,28.842321395874023,29.64134979248047,29.139751434326172
779,synthetic_systolic_uniform_8_00129,systolic,uniform,8,8x8,synthetic,13.443544387817383,14.82676887512207,14.33725357055664,30.596826553344727,30.803232192993164,30.734464645385742
780,synthetic_systolic_banded_8_00130,systolic,banded,8,8x8,synthetic,6.6324310302734375,14.797981262207031,10.204858779907227,28.48379898071289,29.66610336303711,29.081504821777344
781,synthetic_systolic_checkerboard_8_00131,systolic,checkerboard,8,8x8,synthetic,8.043648719787598,11.364852905273438,9.546751022338867,28.767898559570312,28.892305374145508,28.818286895751953
782,synthetic_systolic_hotspot_8_00132,systolic,hotspot,8,8x8,synthetic,0.8405608534812927,14.055614471435547,3.8423948287963867,25.775747299194336,28.030855178833008,26.53656005859375
783,synthetic_systolic_checkerboard_8_00133,systolic,checkerboard,8,8x8,synthetic,6.344855785369873,11.066259384155273,8.548057556152344,28.366134643554688,28.495084762573242,28.418792724609375
784,synthetic_systolic_banded_8_00134,systolic,banded,8,8x8,synthetic,5.890455722808838,12.604878425598145,8.82801628112793,28.039323806762695,29.011531829833984,28.530818939208984
785,synthetic_systolic_hotspot_8_00135,systolic,hotspot,8,8x8,synthetic,0.696602463722229,13.255663871765137,5.507126808166504,26.203174591064453,28.483129501342773,27.202423095703125
786,synthetic_systolic_uniform_8_00136,systolic,uniform,8,8x8,synthetic,12.866491317749023,14.208081245422363,13.744586944580078,30.361629486083984,30.568025588989258,30.49742889404297
787,synthetic_systolic_hotspot_8_00137,systolic,hotspot,8,8x8,synthetic,1.2943896055221558,13.746301651000977,5.777379512786865,26.340160369873047,28.611257553100586,27.31048583984375
788,synthetic_systolic_wavefront_8_00138,systolic,wavefront,8,8x8,synthetic,9.34437084197998,16.054567337036133,12.320667266845703,29.60502815246582,30.472318649291992,29.927867889404297
789,synthetic_systolic_banded_8_00139,systolic,banded,8,8x8,synthetic,6.979296684265137,12.100813865661621,9.219961166381836,28.312625885009766,29.054174423217773,28.687511444091797
790,synthetic_systolic_wavefront_8_00140,systolic,wavefront,8,8x8,synthetic,8.99132251739502,15.045219421386719,11.676519393920898,29.378925323486328,30.1613826751709,29.670188903808594
791,synthetic_systolic_banded_8_00141,systolic,banded,8,8x8,synthetic,5.183277606964111,12.827329635620117,8.52755069732666,27.851070404052734,28.957883834838867,28.410606384277344
792,synthetic_systolic_uniform_8_00142,systolic,uniform,8,8x8,synthetic,10.903100967407227,12.29796028137207,11.801173210144043,29.5819091796875,29.7883243560791,29.720062255859375
793,synthetic_systolic_checkerboard_8_00143,systolic,checkerboard,8,8x8,synthetic,6.968168258666992,10.063923835754395,8.358546257019043,28.29294776916504,28.41664695739746,28.34298324584961
794,synthetic_systolic_hotspot_8_00144,systolic,hotspot,8,8x8,synthetic,1.2087254524230957,17.37098503112793,3.5817747116088867,25.779268264770508,28.25566864013672,26.432292938232422
795,synthetic_systolic_hotspot_8_00145,systolic,hotspot,8,8x8,synthetic,0.7009100317955017,15.685690879821777,4.3983235359191895,25.865108489990234,28.395891189575195,26.758928298950195
796,synthetic_systolic_checkerboard_8_00146,systolic,checkerboard,8,8x8,synthetic,7.1237616539001465,11.40799617767334,9.108379364013672,28.590978622436523,28.718517303466797,28.642932891845703
797,synthetic_systolic_hotspot_8_00147,systolic,hotspot,8,8x8,synthetic,0.708216667175293,16.907011032104492,5.461073875427246,26.137277603149414,28.863649368286133,27.184001922607422
798,synthetic_systolic_checkerboard_8_00148,systolic,checkerboard,8,8x8,synthetic,7.781154155731201,12.49460220336914,9.980377197265625,28.939050674438477,29.067956924438477,28.991687774658203
799,synthetic_systolic_uniform_8_00149,systolic,uniform,8,8x8,synthetic,12.330729484558105,13.530730247497559,13.091344833374023,30.11404800415039,30.32044792175293,30.236080169677734
800,synthetic_systolic_wavefront_8_00150,systolic,wavefront,8,8x8,synthetic,7.670619010925293,14.401969909667969,10.656298637390137,28.938232421875,29.80824851989746,29.2620849609375
801,synthetic_systolic_checkerboard_8_00151,systolic,checkerboard,8,8x8,synthetic,7.202287673950195,12.87458610534668,9.880936622619629,28.897769927978516,29.02977752685547,28.951961517333984
802,synthetic_systolic_checkerboard_8_00152,systolic,checkerboard,8,8x8,synthetic,7.931477069854736,13.027778625488281,10.322128295898438,29.075162887573242,29.205312728881836,29.12842559814453
803,synthetic_systolic_banded_8_00153,systolic,banded,8,8x8,synthetic,4.497598171234131,14.098291397094727,8.697900772094727,27.775970458984375,29.166093826293945,28.47873306274414
804,synthetic_systolic_uniform_8_00154,systolic,uniform,8,8x8,synthetic,11.57320785522461,12.98789119720459,12.478713989257812,29.852067947387695,30.0584716796875,29.991086959838867
805,synthetic_systolic_wavefront_8_00155,systolic,wavefront,8,8x8,synthetic,8.297298431396484,14.149677276611328,10.893112182617188,29.075294494628906,29.83170509338379,29.35686492919922
806,synthetic_systolic_wavefront_8_00156,systolic,wavefront,8,8x8,synthetic,8.900239944458008,15.002296447753906,11.606797218322754,29.348756790161133,30.137441635131836,29.642337799072266
807,synthetic_systolic_banded_8_00157,systolic,banded,8,8x8,synthetic,4.689844131469727,10.851957321166992,7.385768413543701,27.50286102294922,28.395057678222656,27.953903198242188
808,synthetic_systolic_hotspot_8_00158,systolic,hotspot,8,8x8,synthetic,1.4579914808273315,13.483539581298828,3.8582675457000732,25.907888412475586,27.93889045715332,26.542856216430664
809,synthetic_systolic_uniform_8_00159,systolic,uniform,8,8x8,synthetic,13.442254066467285,14.642253875732422,14.188288688659668,30.554584503173828,30.76099395751953,30.674903869628906
810,synthetic_systolic_hotspot_8_00160,systolic,hotspot,8,8x8,synthetic,1.4863086938858032,12.072845458984375,4.636521816253662,26.088401794433594,28.062149047851562,26.85418701171875
811,synthetic_systolic_hotspot_8_00161,systolic,hotspot,8,8x8,synthetic,1.21117103099823,14.131689071655273,4.276540756225586,25.939411163330078,28.170391082763672,26.71017837524414
812,synthetic_systolic_uniform_8_00162,systolic,uniform,8,8x8,synthetic,12.963260650634766,14.321168899536133,13.847476959228516,30.40205192565918,30.608461380004883,30.538576126098633
813,synthetic_systolic_uniform_8_00163,systolic,uniform,8,8x8,synthetic,11.57382869720459,13.003145217895508,12.484823226928711,29.853839874267578,30.06024169921875,29.993499755859375
814,synthetic_systolic_uniform_8_00164,systolic,uniform,8,8x8,synthetic,11.195035934448242,12.40136432647705,12.022409439086914,29.67865562438965,29.88507843017578,29.80852699279785
815,synthetic_systolic_checkerboard_8_00165,systolic,checkerboard,8,8x8,synthetic,6.724090576171875,10.920149803161621,8.664619445800781,28.41363525390625,28.540870666503906,28.465438842773438
816,synthetic_systolic_uniform_8_00166,systolic,uniform,8,8x8,synthetic,12.118500709533691,13.424920082092285,12.983407974243164,30.058698654174805,30.26511573791504,30.192964553833008
817,synthetic_systolic_hotspot_8_00167,systolic,hotspot,8,8x8,synthetic,0.13966399431228638,17.066452026367188,3.5468692779541016,25.553110122680664,28.28239631652832,26.41830062866211
818,synthetic_systolic_wavefront_8_00168,systolic,wavefront,8,8x8,synthetic,8.136180877685547,15.212740898132324,11.274978637695312,29.16912269592285,30.083763122558594,29.509578704833984
819,synthetic_systolic_uniform_8_00169,systolic,uniform,8,8x8,synthetic,10.746648788452148,11.946648597717285,11.559662818908691,29.495311737060547,29.70171546936035,29.623483657836914
820,synthetic_systolic_uniform_8_00170,systolic,uniform,8,8x8,synthetic,10.901189804077148,12.219037055969238,11.770381927490234,29.57297134399414,29.779382705688477,29.70772933959961
821,synthetic_systolic_wavefront_8_00171,systolic,wavefront,8,8x8,synthetic,7.386226177215576,14.77066707611084,10.661582946777344,28.908973693847656,29.863407135009766,29.264249801635742
822,synthetic_systolic_wavefront_8_00172,systolic,wavefront,8,8x8,synthetic,9.587638854980469,16.402767181396484,12.610477447509766,29.71588134765625,30.596736907958984,30.043773651123047
823,synthetic_systolic_hotspot_8_00173,systolic,hotspot,8,8x8,synthetic,0.787639856338501,15.916723251342773,6.020329475402832,26.338775634765625,28.924768447875977,27.4077205657959
824,synthetic_systolic_uniform_8_00174,systolic,uniform,8,8x8,synthetic,11.263057708740234,12.463057518005371,11.970990180969238,29.67212677001953,29.8785343170166,29.78798484802246
825,synthetic_systolic_banded_8_00175,systolic,banded,8,8x8,synthetic,5.335796356201172,13.37672233581543,8.853702545166016,27.952476501464844,29.11673355102539,28.541053771972656
826,synthetic_systolic_banded_8_00176,systolic,banded,8,8x8,synthetic,6.973000526428223,10.80891227722168,8.651212692260742,28.179298400878906,28.734703063964844,28.46007537841797
827,synthetic_systolic_wavefront_8_00177,systolic,wavefront,8,8x8,synthetic,9.056256294250488,13.857769966125488,11.185959815979004,29.24294662475586,29.863540649414062,29.473953247070312
828,synthetic_systolic_wavefront_8_00178,systolic,wavefront,8,8x8,synthetic,7.997913360595703,14.658563613891602,10.952234268188477,29.060043334960938,29.920917510986328,29.3804931640625
829,synthetic_systolic_hotspot_8_00179,systolic,hotspot,8,8x8,synthetic,0.38961338996887207,12.811327934265137,3.1762948036193848,25.556034088134766,27.69173240661621,26.270090103149414
830,synthetic_systolic_uniform_8_00180,systolic,uniform,8,8x8,synthetic,12.551159858703613,13.751160621643066,13.328134536743164,30.206876754760742,30.413299560546875,30.330833435058594
831,synthetic_systolic_uniform_8_00181,systolic,uniform,8,8x8,synthetic,12.767539978027344,14.060860633850098,13.627534866333008,30.316909790039062,30.523313522338867,30.450599670410156
832,synthetic_systolic_hotspot_8_00182,systolic,hotspot,8,8x8,synthetic,1.4024367332458496,14.312485694885254,5.668475151062012,26.31781005859375,28.63582992553711,27.266963958740234
833,synthetic_systolic_uniform_8_00183,systolic,uniform,8,8x8,synthetic,12.959324836730957,14.451699256896973,13.893964767456055,30.41473960876465,30.621152877807617,30.557174682617188
834,synthetic_systolic_banded_8_00184,systolic,banded,8,8x8,synthetic,5.738994121551514,13.133830070495605,8.974233627319336,28.04798698425293,29.118688583374023,28.58926773071289
835,synthetic_systolic_checkerboard_8_00185,systolic,checkerboard,8,8x8,synthetic,7.538970470428467,12.161581993103027,9.69277572631836,28.82419204711914,28.95281219482422,28.876686096191406
836,synthetic_systolic_banded_8_00186,systolic,banded,8,8x8,synthetic,5.477388858795166,10.306520462036133,7.5901336669921875,27.68214225769043,28.381364822387695,28.035625457763672
837,synthetic_systolic_hotspot_8_00187,systolic,hotspot,8,8x8,synthetic,0.17853622138500214,13.46859073638916,3.8078346252441406,25.655467987060547,27.984222412109375,26.522747039794922
838,synthetic_systolic_wavefront_8_00188,systolic,wavefront,8,8x8,synthetic,7.050601959228516,12.214435577392578,9.341012954711914,28.4875431060791,29.154964447021484,28.73598861694336
839,synthetic_systolic_uniform_8_00189,systolic,uniform,8,8x8,synthetic,13.492959976196289,14.79067325592041,14.354602813720703,30.6075496673584,30.813953399658203,30.74142074584961
840,synthetic_systolic_uniform_8_00190,systolic,uniform,8,8x8,synthetic,10.11316967010498,11.321894645690918,10.94144058227539,29.246187210083008,29.452590942382812,29.376148223876953
841,synthetic_systolic_checkerboard_8_00191,systolic,checkerboard,8,8x8,synthetic,7.373452663421631,10.818416595458984,8.938434600830078,28.524377822875977,28.649192810058594,28.574970245361328
842,synthetic_systolic_banded_8_00192,systolic,banded,8,8x8,synthetic,4.86342716217041,13.395727157592773,8.596307754516602,27.813602447509766,29.048999786376953,28.438142776489258
843,synthetic_systolic_uniform_8_00193,systolic,uniform,8,8x8,synthetic,13.823442459106445,15.310742378234863,14.756179809570312,30.759857177734375,30.966259002685547,30.90206527709961
844,synthetic_systolic_wavefront_8_00194,systolic,wavefront,8,8x8,synthetic,7.943631649017334,13.275611877441406,10.308623313903809,28.866531372070312,29.55568504333496,29.123058319091797
845,synthetic_systolic_wavefront_8_00195,systolic,wavefront,8,8x8,synthetic,8.758820533752441,14.096878051757812,11.126507759094238,29.193378448486328,29.88332748413086,29.45020294189453
846,synthetic_systolic_hotspot_8_00196,systolic,hotspot,8,8x8,synthetic,0.6941984295845032,16.958463668823242,5.254389762878418,26.077423095703125,28.804824829101562,27.101375579833984
847,synthetic_systolic_hotspot_8_00197,systolic,hotspot,8,8x8,synthetic,0.9747411608695984,13.622820854187012,4.080676078796387,25.855337142944336,28.061412811279297,26.6318416595459
848,synthetic_systolic_uniform_8_00198,systolic,uniform,8,8x8,synthetic,13.147764205932617,14.34776496887207,13.944931030273438,30.451215744018555,30.657609939575195,30.57752799987793
849,synthetic_systolic_hotspot_8_00199,systolic,hotspot,8,8x8,synthetic,0.36803439259529114,13.256564140319824,4.668365955352783,25.91382598876953,28.230464935302734,26.866912841796875
850,synthetic_standard_checkerboard_16_00000,standard,checkerboard,16,16x16,synthetic,0.7675074338912964,8.256834983825684,4.512170791625977,26.718727111816406,26.890262603759766,26.804492950439453
851,synthetic_standard_hotspot_16_00001,standard,hotspot,16,16x16,synthetic,0.646977424621582,9.520942687988281,0.924288809299469,25.26918601989746,25.965715408325195,25.369365692138672
852,synthetic_standard_stripes_16_00002,standard,stripes,16,16x16,synthetic,0.9395448565483093,9.643472671508789,5.291508674621582,26.80543327331543,27.426992416381836,27.116212844848633
853,synthetic_standard_stripes_16_00003,standard,stripes,16,16x16,synthetic,0.4578973650932312,8.657709121704102,4.557802677154541,26.255460739135742,27.389949798583984,26.822702407836914
854,synthetic_standard_checkerboard_16_00004,standard,checkerboard,16,16x16,synthetic,0.41485199332237244,8.417000770568848,4.415925979614258,26.67432975769043,26.857589721679688,26.765958786010742
855,synthetic_standard_uniform_16_00005,standard,uniform,16,16x16,synthetic,9.641765594482422,9.641765594482422,9.641767501831055,28.856151580810547,28.856151580810547,28.85614776611328
856,synthetic_standard_hotspot_16_00006,standard,hotspot,16,16x16,synthetic,0.05433349683880806,11.722845077514648,0.6012948751449585,25.032007217407227,26.43806266784668,25.24018096923828
857,synthetic_standard_uniform_16_00007,standard,uniform,16,16x16,synthetic,8.99819278717041,8.99819278717041,8.99819278717041,28.5987548828125,28.5987548828125,28.5987548828125
858,synthetic_standard_uniform_16_00008,standard,uniform,16,16x16,synthetic,8.86717700958252,8.86717700958252,8.867177963256836,28.546398162841797,28.546398162841797,28.54639434814453
859,synthetic_standard_checkerboard_16_00009,standard,checkerboard,16,16x16,synthetic,0.5290393829345703,9.605225563049316,5.067131996154785,26.922527313232422,27.130399703979492,27.026466369628906
860,synthetic_standard_uniform_16_00010,standard,uniform,16,16x16,synthetic,8.647477149963379,8.647477149963379,8.647477149963379,28.45846939086914,28.45846939086914,28.458467483520508
861,synthetic_standard_uniform_16_00011,standard,uniform,16,16x16,synthetic,10.19869327545166,10.19869327545166,10.198694229125977,29.078929901123047,29.078929901123047,29.07892608642578
862,synthetic_standard_checkerboard_16_00012,standard,checkerboard,16,16x16,synthetic,0.2218233048915863,10.193591117858887,5.207707405090332,26.968505859375,27.196874618530273,27.082687377929688
863,synthetic_standard_uniform_16_00013,standard,uniform,16,16x16,synthetic,11.765467643737793,11.765467643737793,11.76546859741211,29.705684661865234,29.705684661865234,29.705686569213867
864,synthetic_standard_uniform_16_00014,standard,uniform,16,16x16,synthetic,8.507434844970703,8.507434844970703,8.50743293762207,28.402488708496094,28.402488708496094,28.402494430541992
865,synthetic_standard_uniform_16_00015,standard,uniform,16,16x16,synthetic,11.925106048583984,11.925106048583984,11.925107955932617,29.769580841064453,29.769580841064453,29.76958465576172
866,synthetic_standard_multihotspot_16_00016,standard,multihotspot,16,16x16,synthetic,1.2205798625946045,11.933490753173828,1.7107080221176147,25.51944351196289,26.673582077026367,25.683870315551758
867,synthetic_standard_hotspot_16_00017,standard,hotspot,16,16x16,synthetic,0.223841592669487,11.724973678588867,0.7629572153091431,25.113245010375977,26.34866714477539,25.30482292175293
868,synthetic_standard_multihotspot_16_00018,standard,multihotspot,16,16x16,synthetic,1.9358134269714355,10.521984100341797,2.2624940872192383,25.794233322143555,26.514507293701172,25.904556274414062
869,synthetic_standard_multihotspot_16_00019,standard,multihotspot,16,16x16,synthetic,0.9124945998191833,7.774925708770752,1.2200483083724976,25.370080947875977,26.0109920501709,25.487594604492188
870,synthetic_standard_uniform_16_00020,standard,uniform,16,16x16,synthetic,8.644183158874512,8.644183158874512,8.644182205200195,28.457134246826172,28.457134246826172,28.457130432128906
871,synthetic_standard_multihotspot_16_00021,standard,multihotspot,16,16x16,synthetic,0.11998166888952255,9.948949813842773,0.4392104148864746,25.06352424621582,25.89548683166504,25.175275802612305
872,synthetic_standard_checkerboard_16_00022,standard,checkerboard,16,16x16,synthetic,0.8819072246551514,10.252542495727539,5.56722354888916,27.119197845458984,27.333805084228516,27.226499557495117
873,synthetic_standard_multihotspot_16_00023,standard,multihotspot,16,16x16,synthetic,0.9435830116271973,8.60792064666748,1.1467187404632568,25.378890991210938,26.014554977416992,25.458335876464844
874,synthetic_standard_stripes_16_00024,standard,stripes,16,16x16,synthetic,0.16864487528800964,8.134404182434082,4.151525020599365,26.375715255737305,26.944561004638672,26.660137176513672
875,synthetic_standard_checkerboard_16_00025,standard,checkerboard,16,16x16,synthetic,0.9576933979988098,11.193403244018555,6.075549125671387,27.312639236450195,27.547067642211914,27.429855346679688
876,synthetic_standard_quadrant_16_00026,standard,quadrant,16,16x16,synthetic,0.2303667962551117,10.883443832397461,2.8936362266540527,25.13130760192871,28.92729377746582,26.157075881958008
877,synthetic_standard_quadrant_16_00027,standard,quadrant,16,16x16,synthetic,0.7768178582191467,8.681905746459961,2.7530899047851562,25.339689254760742,28.156551361083984,26.100875854492188
878,synthetic_standard_uniform_16_00028,standard,uniform,16,16x16,synthetic,8.047236442565918,8.047236442565918,8.047235488891602,28.218429565429688,28.218429565429688,28.218433380126953
879,synthetic_standard_checkerboard_16_00029,standard,checkerboard,16,16x16,synthetic,0.7972621917724609,11.65608024597168,6.226672172546387,27.365928649902344,27.614608764648438,27.49026870727539
880,synthetic_standard_quadrant_16_00030,standard,quadrant,16,16x16,synthetic,0.15114228427410126,9.960893630981445,2.6035802364349365,25.096513748168945,28.591983795166016,26.041072845458984
881,synthetic_standard_hotspot_16_00031,standard,hotspot,16,16x16,synthetic,0.4251983165740967,9.281819343566895,0.5635830163955688,25.171262741088867,25.868762969970703,25.225013732910156
882,synthetic_standard_hotspot_16_00032,standard,hotspot,16,16x16,synthetic,0.1922731101512909,10.603248596191406,0.3549446165561676,25.077363967895508,26.08446502685547,25.141603469848633
883,synthetic_standard_stripes_16_00033,standard,stripes,16,16x16,synthetic,0.65390545129776,9.840003967285156,5.246954917907715,26.7703914642334,27.4263916015625,27.098388671875
884,synthetic_standard_quadrant_16_00034,standard,quadrant,16,16x16,synthetic,0.9204081296920776,8.391085624694824,2.7880773544311523,25.395490646362305,28.05756378173828,26.114843368530273
885,synthetic_standard_uniform_16_00035,standard,uniform,16,16x16,synthetic,10.425002098083496,10.425002098083496,10.425002098083496,29.16952896118164,29.16952896118164,29.169527053833008
886,synthetic_standard_uniform_16_00036,standard,uniform,16,16x16,synthetic,8.965173721313477,8.965173721313477,8.96517276763916,28.585586547851562,28.585586547851562,28.58557891845703
887,synthetic_standard_uniform_16_00037,standard,uniform,16,16x16,synthetic,10.195549964904785,10.195549964904785,10.195550918579102,29.07769012451172,29.07769012451172,29.077695846557617
888,synthetic_standard_uniform_16_00038,standard,uniform,16,16x16,synthetic,10.441629409790039,10.441629409790039,10.441629409790039,29.176109313964844,29.176109313964844,29.176115036010742
889,synthetic_standard_stripes_16_00039,standard,stripes,16,16x16,synthetic,0.8218806982040405,8.238174438476562,4.530027389526367,26.298532485961914,27.324634552001953,26.81158447265625
890,synthetic_standard_hotspot_16_00040,standard,hotspot,16,16x16,synthetic,0.9826708436012268,9.891549110412598,1.121872067451477,25.393491744995117,26.159446716308594,25.448402404785156
891,synthetic_standard_uniform_16_00041,standard,uniform,16,16x16,synthetic,11.316884994506836,11.316884994506836,11.31688404083252,29.526203155517578,29.526203155517578,29.526206970214844
892,synthetic_standard_hotspot_16_00042,standard,hotspot,16,16x16,synthetic,1.118512511253357,8.979418754577637,1.2413389682769775,25.449064254760742,25.863849639892578,25.496110916137695
893,synthetic_standard_hotspot_16_00043,standard,hotspot,16,16x16,synthetic,0.1192583441734314,8.443001747131348,0.639492392539978,25.056917190551758,26.151365280151367,25.255447387695312
894,synthetic_standard_quadrant_16_00044,standard,quadrant,16,16x16,synthetic,1.1431095600128174,10.490951538085938,3.480070114135742,25.491579055786133,28.822431564331055,26.39165687561035
895,synthetic_standard_multihotspot_16_00045,standard,multihotspot,16,16x16,synthetic,1.896295428276062,8.9662504196167,2.137110948562622,25.780887603759766,26.16256332397461,25.85447883605957
896,synthetic_standard_hotspot_16_00046,standard,hotspot,16,16x16,synthetic,0.211933895945549,9.256619453430176,0.5299110412597656,25.087982177734375,25.99681282043457,25.211627960205078
897,synthetic_standard_multihotspot_16_00047,standard,multihotspot,16,16x16,synthetic,0.7559773325920105,10.949529647827148,1.1104284524917603,25.308631896972656,26.279247283935547,25.443828582763672
898,synthetic_standard_multihotspot_16_00048,standard,multihotspot,16,16x16,synthetic,0.009969930164515972,11.6214017868042,0.5602543950080872,25.015548706054688,25.894657135009766,25.223770141601562
899,synthetic_standard_stripes_16_00049,standard,stripes,16,16x16,synthetic,0.9754043221473694,8.843923568725586,4.909663677215576,26.682466506958008,27.24437713623047,26.963420867919922
900,synthetic_standard_quadrant_16_00050,standard,quadrant,16,16x16,synthetic,0.3730120062828064,11.43278980255127,3.137956380844116,25.18994140625,29.130870819091797,26.254878997802734
901,synthetic_standard_uniform_16_00051,standard,uniform,16,16x16,synthetic,10.593792915344238,10.593792915344238,10.593793869018555,29.237049102783203,29.237049102783203,29.23705291748047
902,synthetic_standard_stripes_16_00052,standard,stripes,16,16x16,synthetic,0.6146062016487122,8.982139587402344,4.798373222351074,26.340065002441406,27.497806549072266,26.91893196105957
903,synthetic_standard_uniform_16_00053,standard,uniform,16,16x16,synthetic,8.862282752990723,8.862282752990723,8.862282752990723,28.544395446777344,28.544395446777344,28.544401168823242
904,synthetic_standard_checkerboard_16_00054,standard,checkerboard,16,16x16,synthetic,0.4419010877609253,10.391117095947266,5.416508674621582,27.052282333374023,27.2801456451416,27.166213989257812
905,synthetic_standard_checkerboard_16_00055,standard,checkerboard,16,16x16,synthetic,0.37392184138298035,11.531237602233887,5.952579498291016,27.252870559692383,27.508405685424805,27.380638122558594
906,synthetic_standard_hotspot_16_00056,standard,hotspot,16,16x16,synthetic,0.27291443943977356,9.63880443572998,0.5655986070632935,25.112255096435547,26.294998168945312,25.225908279418945
907,synthetic_standard_uniform_16_00057,standard,uniform,16,16x16,synthetic,11.85605525970459,11.85605525970459,11.856053352355957,29.741918563842773,29.741918563842773,29.741914749145508
908,synthetic_standard_stripes_16_00058,standard,stripes,16,16x16,synthetic,0.7235593795776367,10.476367950439453,5.599963188171387,26.564865112304688,27.914264678955078,27.239564895629883
909,synthetic_standard_checkerboard_16_00059,standard,checkerboard,16,16x16,synthetic,0.6088078022003174,10.44383430480957,5.526320934295654,27.097570419311523,27.322805404663086,27.210186004638672
910,synthetic_standard_checkerboard_16_00060,standard,checkerboard,16,16x16,synthetic,0.11390725523233414,8.887808799743652,4.500858306884766,26.699495315551758,26.900423049926758,26.799957275390625
911,synthetic_standard_multihotspot_16_00061,standard,multihotspot,16,16x16,synthetic,1.5618380308151245,10.804764747619629,2.049391269683838,25.632160186767578,26.561315536499023,25.819374084472656
912,synthetic_standard_quadrant_16_00062,standard,quadrant,16,16x16,synthetic,1.3740874528884888,11.251312255859375,3.843393564224243,25.58587646484375,29.105440139770508,26.536956787109375
913,synthetic_standard_hotspot_16_00063,standard,hotspot,16,16x16,synthetic,0.12534305453300476,8.18989372253418,0.3773602843284607,25.059492111206055,25.69227409362793,25.15060806274414
914,synthetic_standard_uniform_16_00064,standard,uniform,16,16x16,synthetic,11.812814712524414,11.812814712524414,11.81281566619873,29.72466278076172,29.72466278076172,29.724668502807617
915,synthetic_standard_checkerboard_16_00065,standard,checkerboard,16,16x16,synthetic,0.7608388662338257,11.837516784667969,6.299178123474121,27.39242935180664,27.646099090576172,27.519262313842773
916,synthetic_standard_multihotspot_16_00066,standard,multihotspot,16,16x16,synthetic,1.3520379066467285,11.68852710723877,1.6847641468048096,25.560317993164062,26.12401580810547,25.673534393310547
917,synthetic_standard_multihotspot_16_00067,standard,multihotspot,16,16x16,synthetic,1.3128974437713623,10.366641998291016,1.6492133140563965,25.54547882080078,26.402856826782227,25.659324645996094
918,synthetic_standard_uniform_16_00068,standard,uniform,16,16x16,synthetic,9.329508781433105,9.329508781433105,9.329508781433105,28.731307983398438,28.731307983398438,28.73131561279297
919,synthetic_standard_checkerboard_16_00069,standard,checkerboard,16,16x16,synthetic,0.1904195100069046,9.816716194152832,5.003567695617676,26.89081382751465,27.11128044128418,27.00104522705078
920,synthetic_standard_checkerboard_16_00070,standard,checkerboard,16,16x16,synthetic,0.1288774013519287,10.166954040527344,5.147915363311768,26.9438419342041,27.17371940612793,27.058780670166016
921,synthetic_standard_multihotspot_16_00071,standard,multihotspot,16,16x16,synthetic,1.8878942728042603,9.133977890014648,2.0843467712402344,25.759185791015625,26.264951705932617,25.83330726623535
922,synthetic_standard_stripes_16_00072,standard,stripes,16,16x16,synthetic,0.056817676872015,10.107627868652344,5.082223892211914,26.673593521118164,27.391321182250977,27.032455444335938
923,synthetic_standard_checkerboard_16_00073,standard,checkerboard,16,16x16,synthetic,0.996015727519989,8.692095756530762,4.844056129455566,26.84910774230957,27.02535057067871,26.937227249145508
924,synthetic_standard_uniform_16_00074,standard,uniform,16,16x16,synthetic,11.308032035827637,11.308032035827637,11.308030128479004,29.522674560546875,29.522674560546875,29.522674560546875
925,synthetic_standard_multihotspot_16_00075,standard,multihotspot,16,16x16,synthetic,1.4701608419418335,10.558585166931152,1.6986358165740967,25.59157943725586,26.143035888671875,25.67902374267578
926,synthetic_standard_uniform_16_00076,standard,uniform,16,16x16,synthetic,8.744555473327637,8.744555473327637,8.74455451965332,28.49728012084961,28.49728012084961,28.497282028198242
927,synthetic_standard_checkerboard_16_00077,standard,checkerboard,16,16x16,synthetic,0.05691320076584816,8.280933380126953,4.168923377990723,26.573034286499023,26.76137924194336,26.667205810546875
928,synthetic_standard_quadrant_16_00078,standard,quadrant,16,16x16,synthetic,0.4681541323661804,11.911153793334961,3.328904390335083,25.229389190673828,29.30684471130371,26.331218719482422
929,synthetic_standard_quadrant_16_00079,standard,quadrant,16,16x16,synthetic,0.21385692059993744,10.574621200561523,2.8040480613708496,25.123655319213867,28.815479278564453,26.121274948120117
930,synthetic_standard_multihotspot_16_00080,standard,multihotspot,16,16x16,synthetic,0.19238199293613434,11.932955741882324,0.8776124119758606,25.101848602294922,26.250524520874023,25.350679397583008
931,synthetic_standard_quadrant_16_00081,standard,quadrant,16,16x16,synthetic,1.0170173645019531,7.2009077072143555,2.562990188598633,25.429420471191406,27.632890701293945,26.02484893798828
932,synthetic_standard_stripes_16_00082,standard,stripes,16,16x16,synthetic,0.364678293466568,7.017454624176025,3.691066265106201,26.015748977661133,26.936214447021484,26.47598648071289
933,synthetic_standard_quadrant_16_00083,standard,quadrant,16,16x16,synthetic,0.3859960436820984,9.457566261291504,2.653888463973999,25.187726974487305,28.420181274414062,26.061208724975586
934,synthetic_standard_uniform_16_00084,standard,uniform,16,16x16,synthetic,8.322179794311523,8.322179794311523,8.32218074798584,28.328388214111328,28.328388214111328,28.328392028808594
935,synthetic_standard_multihotspot_16_00085,standard,multihotspot,16,16x16,synthetic,1.7281489372253418,7.716494083404541,1.9529719352722168,25.703216552734375,26.147109985351562,25.780773162841797
936,synthetic_standard_multihotspot_16_00086,standard,multihotspot,16,16x16,synthetic,0.7761070728302002,11.65897274017334,1.3475433588027954,25.340330123901367,26.268945693969727,25.53860092163086
937,synthetic_standard_quadrant_16_00087,standard,quadrant,16,16x16,synthetic,0.9740889072418213,11.641193389892578,3.640864849090576,25.42887306213379,29.22989273071289,26.45600128173828
938,synthetic_standard_hotspot_16_00088,standard,hotspot,16,16x16,synthetic,0.09385667741298676,8.01446533203125,0.21761620044708252,25.037946701049805,25.804065704345703,25.0867919921875
939,synthetic_standard_checkerboard_16_00089,standard,checkerboard,16,16x16,synthetic,0.7906488180160522,10.805083274841309,5.797866344451904,27.204078674316406,27.433427810668945,27.318754196166992
940,synthetic_standard_hotspot_16_00090,standard,hotspot,16,16x16,synthetic,1.1218523979187012,8.585744857788086,1.2967876195907593,25.450111389160156,26.162141799926758,25.518287658691406
941,synthetic_standard_checkerboard_16_00091,standard,checkerboard,16,16x16,synthetic,0.2742455303668976,9.322402000427246,4.798324108123779,26.815319061279297,27.022537231445312,26.918928146362305
942,synthetic_standard_stripes_16_00092,standard,stripes,16,16x16,synthetic,0.7599263787269592,9.782208442687988,5.271067142486572,26.785837173461914,27.430150985717773,27.107994079589844
943,synthetic_standard_stripes_16_00093,standard,stripes,16,16x16,synthetic,0.6771759390830994,7.779350757598877,4.228263854980469,26.19951820373535,27.182191848754883,26.69085693359375
944,synthetic_standard_hotspot_16_00094,standard,hotspot,16,16x16,synthetic,0.16818474233150482,9.757400512695312,0.3929319977760315,25.069658279418945,25.805007934570312,25.156768798828125
945,synthetic_standard_uniform_16_00095,standard,uniform,16,16x16,synthetic,8.53018569946289,8.53018569946289,8.530183792114258,28.411548614501953,28.411548614501953,28.41155242919922
946,synthetic_standard_quadrant_16_00096,standard,quadrant,16,16x16,synthetic,0.42729702591896057,8.776021957397461,2.5144782066345215,25.201539993286133,28.17640495300293,26.005416870117188
947,synthetic_standard_quadrant_16_00097,standard,quadrant,16,16x16,synthetic,0.8444488644599915,11.595799446105957,3.5322868824005127,25.377302169799805,29.208301544189453,26.412534713745117
948,synthetic_standard_checkerboard_16_00098,standard,checkerboard,16,16x16,synthetic,0.5562184453010559,8.459339141845703,4.507779121398926,26.712228775024414,26.893217086791992,26.802724838256836
949,synthetic_standard_checkerboard_16_00099,standard,checkerboard,16,16x16,synthetic,0.8794233798980713,11.207627296447754,6.043525695800781,27.298778533935547,27.535310745239258,27.41704559326172
950,synthetic_standard_hotspot_16_00100,standard,hotspot,16,16x16,synthetic,0.829519510269165,11.885436058044434,1.0886423587799072,25.335290908813477,26.38199234008789,25.435047149658203
951,synthetic_standard_uniform_16_00101,standard,uniform,16,16x16,synthetic,11.216004371643066,11.216004371643066,11.216004371643066,29.485864639282227,29.485864639282227,29.485868453979492
952,synthetic_standard_uniform_16_00102,standard,uniform,16,16x16,synthetic,9.234993934631348,9.234993934631348,9.234994888305664,28.69345474243164,28.69345474243164,28.693452835083008
953,synthetic_standard_hotspot_16_00103,standard,hotspot,16,16x16,synthetic,0.11897534877061844,8.171900749206543,0.3706292510032654,25.04964828491211,25.90923500061035,25.147911071777344
954,synthetic_standard_hotspot_16_00104,standard,hotspot,16,16x16,synthetic,0.34211909770965576,9.354782104492188,0.5533534288406372,25.13800621032715,26.031057357788086,25.22100067138672
955,synthetic_standard_quadrant_16_00105,standard,quadrant,16,16x16,synthetic,0.21026961505413055,11.798405647277832,3.1073036193847656,25.126758575439453,29.255943298339844,26.242568969726562
956,synthetic_standard_multihotspot_16_00106,standard,multihotspot,16,16x16,synthetic,1.4198527336120605,10.520594596862793,1.8686593770980835,25.585987091064453,26.517671585083008,25.747055053710938
957,synthetic_standard_multihotspot_16_00107,standard,multihotspot,16,16x16,synthetic,0.06721993535757065,10.193655014038086,0.3553042709827423,25.031993865966797,25.60952377319336,25.141788482666016
958,synthetic_standard_uniform_16_00108,standard,uniform,16,16x16,synthetic,9.733495712280273,9.733495712280273,9.733495712280273,28.89286994934082,28.89286994934082,28.89287567138672
959,synthetic_standard_checkerboard_16_00109,standard,checkerboard,16,16x16,synthetic,0.5790265798568726,10.881836891174316,5.730431079864502,27.173847198486328,27.40980339050293,27.291824340820312
960,synthetic_standard_hotspot_16_00110,standard,hotspot,16,16x16,synthetic,1.449445366859436,9.947928428649902,1.7482202053070068,25.5816707611084,26.729934692382812,25.698875427246094
961,synthetic_standard_hotspot_16_00111,standard,hotspot,16,16x16,synthetic,1.4137638807296753,8.105916023254395,1.6490347385406494,25.574003219604492,26.19853401184082,25.659255981445312
962,synthetic_standard_quadrant_16_00112,standard,quadrant,16,16x16,synthetic,1.078034520149231,7.236818790435791,2.6177306175231934,25.453744888305664,27.648216247558594,26.046743392944336
963,synthetic_standard_uniform_16_00113,standard,uniform,16,16x16,synthetic,8.102005958557129,8.102005958557129,8.102005958557129,28.24026107788086,28.24026107788086,28.240262985229492
964,synthetic_standard_hotspot_16_00114,standard,hotspot,16,16x16,synthetic,1.4000825881958008,8.28625774383545,1.8304681777954102,25.589370727539062,26.435440063476562,25.731761932373047
965,synthetic_standard_multihotspot_16_00115,standard,multihotspot,16,16x16,synthetic,0.5837888121604919,7.427788257598877,0.9020717144012451,25.23731231689453,26.003183364868164,25.36048126220703
966,synthetic_standard_hotspot_16_00116,standard,hotspot,16,16x16,synthetic,1.2020233869552612,10.830723762512207,1.5405322313308716,25.483489990234375,26.483470916748047,25.61587905883789
967,synthetic_standard_hotspot_16_00117,standard,hotspot,16,16x16,synthetic,0.7597099542617798,11.395088195800781,1.0089765787124634,25.304609298706055,26.95248794555664,25.403160095214844
968,synthetic_standard_checkerboard_16_00118,standard,checkerboard,16,16x16,synthetic,0.24267403781414032,8.104805946350098,4.173740386962891,26.57908821105957,26.7591495513916,26.66912078857422
969,synthetic_standard_hotspot_16_00119,standard,hotspot,16,16x16,synthetic,0.7870012521743774,9.40539836883545,1.1909887790679932,25.319499969482422,26.325523376464844,25.476036071777344
970,synthetic_standard_hotspot_16_00120,standard,hotspot,16,16x16,synthetic,1.2326595783233643,9.360555648803711,1.4231570959091187,25.49394989013672,26.21047592163086,25.568866729736328
971,synthetic_standard_hotspot_16_00121,standard,hotspot,16,16x16,synthetic,1.1932878494262695,10.68755054473877,1.4158096313476562,25.478740692138672,26.287477493286133,25.565937042236328
972,synthetic_standard_hotspot_16_00122,standard,hotspot,16,16x16,synthetic,0.17414896190166473,8.131470680236816,0.4228152334690094,25.071664810180664,25.921110153198242,25.168777465820312
973,synthetic_standard_hotspot_16_00123,standard,hotspot,16,16x16,synthetic,0.8408992290496826,9.425270080566406,1.2432918548583984,25.349571228027344,26.279050827026367,25.496925354003906
974,synthetic_standard_multihotspot_16_00124,standard,multihotspot,16,16x16,synthetic,0.636128306388855,8.731072425842285,1.011885643005371,25.261579513549805,25.9832706451416,25.40436363220215
975,synthetic_standard_multihotspot_16_00125,standard,multihotspot,16,16x16,synthetic,0.2701016068458557,11.275819778442383,0.6514825224876404,25.119081497192383,25.986347198486328,25.260211944580078
976,synthetic_standard_hotspot_16_00126,standard,hotspot,16,16x16,synthetic,1.3730953931808472,8.040517807006836,1.607496738433838,25.55104637145996,26.437530517578125,25.642608642578125
977,synthetic_standard_checkerboard_16_00127,standard,checkerboard,16,16x16,synthetic,0.922389566898346,11.465103149414062,6.1937456130981445,27.356393814086914,27.59783935546875,27.477115631103516
978,synthetic_standard_hotspot_16_00128,standard,hotspot,16,16x16,synthetic,1.0278711318969727,8.810710906982422,1.392691731452942,25.412639617919922,27.11063003540039,25.556671142578125
979,synthetic_standard_hotspot_16_00129,standard,hotspot,16,16x16,synthetic,0.20743049681186676,9.074054718017578,0.6230534315109253,25.086198806762695,26.41999053955078,25.248886108398438
980,synthetic_standard_uniform_16_00130,standard,uniform,16,16x16,synthetic,10.96178150177002,10.96178150177002,10.96178150177002,29.384193420410156,29.384193420410156,29.384187698364258
981,synthetic_standard_quadrant_16_00131,standard,quadrant,16,16x16,synthetic,0.11217229813337326,7.5508503913879395,1.9718416929244995,25.07210922241211,27.722755432128906,25.788368225097656
982,synthetic_standard_multihotspot_16_00132,standard,multihotspot,16,16x16,synthetic,0.13765482604503632,11.389954566955566,0.7918635606765747,25.081138610839844,26.291271209716797,25.31635284423828
983,synthetic_standard_checkerboard_16_00133,standard,checkerboard,16,16x16,synthetic,0.10081137716770172,10.02390193939209,5.062356948852539,26.910926818847656,27.13817596435547,27.024551391601562
984,synthetic_standard_multihotspot_16_00134,standard,multihotspot,16,16x16,synthetic,0.26795443892478943,9.555865287780762,0.7178019285202026,25.113636016845703,26.34016990661621,25.286733627319336
985,synthetic_standard_uniform_16_00135,standard,uniform,16,16x16,synthetic,11.401134490966797,11.401134490966797,11.40113639831543,29.559955596923828,29.559955596923828,29.559959411621094
986,synthetic_standard_stripes_16_00136,standard,stripes,16,16x16,synthetic,0.34226906299591064,9.636015892028809,4.989142417907715,26.66339874267578,27.327091217041016,26.99524688720703
987,synthetic_standard_uniform_16_00137,standard,uniform,16,16x16,synthetic,10.114649772644043,10.114649772644043,10.114649772644043,29.045352935791016,29.045352935791016,29.045351028442383
988,synthetic_standard_uniform_16_00138,standard,uniform,16,16x16,synthetic,11.513888359069824,11.513888359069824,11.513886451721191,29.605072021484375,29.605072021484375,29.605072021484375
989,synthetic_standard_quadrant_16_00139,standard,quadrant,16,16x16,synthetic,1.232419729232788,9.812640190124512,3.377474784851074,25.524417877197266,28.581806182861328,26.350603103637695
990,synthetic_standard_hotspot_16_00140,standard,hotspot,16,16x16,synthetic,0.3718525469303131,11.938429832458496,0.7333081364631653,25.15468406677246,26.16339874267578,25.29300308227539
991,synthetic_standard_checkerboard_16_00141,standard,checkerboard,16,16x16,synthetic,0.007085354067385197,9.289355278015137,4.648220062255859,26.752601623535156,26.965181350708008,26.858890533447266
992,synthetic_standard_hotspot_16_00142,standard,hotspot,16,16x16,synthetic,0.28178781270980835,9.056135177612305,0.41888701915740967,25.1138916015625,25.650217056274414,25.167211532592773
993,synthetic_standard_quadrant_16_00143,standard,quadrant,16,16x16,synthetic,0.5050061941146851,10.395371437072754,2.977597236633301,25.238327026367188,28.762527465820312,26.190650939941406
994,synthetic_standard_checkerboard_16_00144,standard,checkerboard,16,16x16,synthetic,0.6918796300888062,11.2865629196167,5.98922061920166,27.273983001708984,27.516611099243164,27.39529800415039
995,synthetic_standard_hotspot_16_00145,standard,hotspot,16,16x16,synthetic,0.052636150270700455,8.0039701461792,0.30111533403396606,25.023658752441406,25.860918045043945,25.120149612426758
996,synthetic_standard_quadrant_16_00146,standard,quadrant,16,16x16,synthetic,1.353454828262329,7.102214813232422,2.790644645690918,25.5623722076416,27.610811233520508,26.115909576416016
997,synthetic_standard_stripes_16_00147,standard,stripes,16,16x16,synthetic,0.451145738363266,10.158232688903809,5.304689407348633,26.774843215942383,27.468055725097656,27.121444702148438
998,synthetic_standard_checkerboard_16_00148,standard,checkerboard,16,16x16,synthetic,0.7930207848548889,11.005294799804688,5.899158477783203,27.242341995239258,27.476228713989258,27.359285354614258
999,synthetic_standard_multihotspot_16_00149,standard,multihotspot,16,16x16,synthetic,0.6025123596191406,9.235628128051758,1.185487985610962,25.266321182250977,26.146440505981445,25.473812103271484
1000,synthetic_standard_hotspot_16_00150,standard,hotspot,16,16x16,synthetic,1.2400723695755005,9.729341506958008,1.6380069255828857,25.498395919799805,26.827173233032227,25.654787063598633
1001,synthetic_standard_hotspot_16_00151,standard,hotspot,16,16x16,synthetic,1.0578601360321045,9.768593788146973,1.3300707340240479,25.426416397094727,26.271636962890625,25.531635284423828
1002,synthetic_standard_multihotspot_16_00152,standard,multihotspot,16,16x16,synthetic,1.49945867061615,10.38196849822998,1.8949644565582275,25.602266311645508,27.065826416015625,25.75758934020996
1003,synthetic_standard_stripes_16_00153,standard,stripes,16,16x16,synthetic,0.6100245118141174,7.516545295715332,4.0632853507995605,26.14716339111328,27.102750778198242,26.624958038330078
1004,synthetic_standard_multihotspot_16_00154,standard,multihotspot,16,16x16,synthetic,1.5165990591049194,9.852545738220215,1.821307897567749,25.61359405517578,26.267946243286133,25.728120803833008
1005,synthetic_standard_multihotspot_16_00155,standard,multihotspot,16,16x16,synthetic,1.134218692779541,8.39037036895752,1.3893177509307861,25.46076011657715,26.141494750976562,25.555316925048828
1006,synthetic_standard_quadrant_16_00156,standard,quadrant,16,16x16,synthetic,1.4568920135498047,11.594548225402832,3.9913065433502197,25.620031356811523,29.232370376586914,26.596179962158203
1007,synthetic_standard_multihotspot_16_00157,standard,multihotspot,16,16x16,synthetic,0.34434133768081665,11.341196060180664,1.060448408126831,25.200897216796875,26.320140838623047,25.423763275146484
1008,synthetic_standard_hotspot_16_00158,standard,hotspot,16,16x16,synthetic,0.1628798246383667,9.729301452636719,0.6113058924674988,25.071840286254883,26.171077728271484,25.244184494018555
1009,synthetic_standard_hotspot_16_00159,standard,hotspot,16,16x16,synthetic,0.024736888706684113,8.194890022277832,0.28005412220954895,25.01318359375,26.042415618896484,25.111709594726562
1010,synthetic_standard_multihotspot_16_00160,standard,multihotspot,16,16x16,synthetic,1.5906469821929932,8.517912864685059,1.8524205684661865,25.6397705078125,26.159299850463867,25.740596771240234
1011,synthetic_standard_quadrant_16_00161,standard,quadrant,16,16x16,synthetic,0.3378717005252838,8.650121688842773,2.4159340858459473,25.16563606262207,28.12749671936035,25.965999603271484
1012,synthetic_standard_hotspot_16_00162,standard,hotspot,16,16x16,synthetic,1.4964720010757446,9.920320510864258,1.6280945539474487,25.599374771118164,26.0802059173584,25.650876998901367
1013,synthetic_standard_stripes_16_00163,standard,stripes,16,16x16,synthetic,0.5531986355781555,8.376148223876953,4.46467399597168,26.244243621826172,27.326642990112305,26.785442352294922
1014,synthetic_standard_checkerboard_16_00164,standard,checkerboard,16,16x16,synthetic,0.4982791543006897,11.196430206298828,5.847353935241699,27.21603012084961,27.461030960083008,27.338531494140625
1015,synthetic_standard_quadrant_16_00165,standard,quadrant,16,16x16,synthetic,0.9340370297431946,9.5715970993042,3.0934269428253174,25.405345916748047,28.483112335205078,26.23703384399414
1016,synthetic_standard_hotspot_16_00166,standard,hotspot,16,16x16,synthetic,0.2766689360141754,11.618025779724121,0.6310863494873047,25.113595962524414,26.3243408203125,25.252038955688477
1017,synthetic_standard_stripes_16_00167,standard,stripes,16,16x16,synthetic,0.48290783166885376,10.348806381225586,5.415857315063477,26.813636779785156,27.51817512512207,27.165904998779297
1018,synthetic_standard_stripes_16_00168,standard,stripes,16,16x16,synthetic,0.14045016467571259,8.2282075881958,4.184328556060791,26.113821029663086,27.23285675048828,26.67333984375
1019,synthetic_standard_checkerboard_16_00169,standard,checkerboard,16,16x16,synthetic,0.820104718208313,9.548068046569824,5.184086799621582,26.973352432250977,27.173240661621094,27.07329559326172
1020,synthetic_standard_checkerboard_16_00170,standard,checkerboard,16,16x16,synthetic,0.0737120658159256,10.981124877929688,5.527419090270996,27.08565330505371,27.33545684814453,27.210556030273438
1021,synthetic_standard_stripes_16_00171,standard,stripes,16,16x16,synthetic,0.792023241519928,8.606795310974121,4.699409008026123,26.33871078491211,27.419967651367188,26.87933921813965
1022,synthetic_standard_quadrant_16_00172,standard,quadrant,16,16x16,synthetic,1.2010694742202759,8.952232360839844,3.1388602256774902,25.50885009765625,28.2707576751709,26.255186080932617
1023,synthetic_standard_hotspot_16_00173,standard,hotspot,16,16x16,synthetic,0.4388918876647949,11.117429733276367,0.9394484162330627,25.180448532104492,26.852195739746094,25.37542724609375
1024,synthetic_standard_stripes_16_00174,standard,stripes,16,16x16,synthetic,0.08680044114589691,7.177589416503906,3.6321945190429688,25.96189308166504,26.94297981262207,26.452434539794922
1025,synthetic_standard_stripes_16_00175,standard,stripes,16,16x16,synthetic,0.8828474879264832,10.805119514465332,5.843984603881836,26.982866287231445,27.69145393371582,27.337162017822266
1026,synthetic_standard_checkerboard_16_00176,standard,checkerboard,16,16x16,synthetic,0.5012091398239136,8.520099639892578,4.510654449462891,26.712034225463867,26.89569854736328,26.80386734008789
1027,synthetic_standard_checkerboard_16_00177,standard,checkerboard,16,16x16,synthetic,0.004003162495791912,11.742203712463379,5.873103141784668,27.214435577392578,27.48326873779297,27.348854064941406
1028,synthetic_standard_uniform_16_00178,standard,uniform,16,16x16,synthetic,8.9859037399292,8.9859037399292,8.985902786254883,28.593891143798828,28.593891143798828,28.593894958496094
1029,synthetic_standard_checkerboard_16_00179,standard,checkerboard,16,16x16,synthetic,0.6560475826263428,8.90311336517334,4.779580116271973,26.817012786865234,27.005870819091797,26.91144371032715
1030,synthetic_standard_checkerboard_16_00180,standard,checkerboard,16,16x16,synthetic,0.8902579545974731,10.460097312927246,5.675178050994873,27.160112380981445,27.37928009033203,27.269695281982422
1031,synthetic_standard_multihotspot_16_00181,standard,multihotspot,16,16x16,synthetic,1.3890656232833862,11.821413040161133,1.8720535039901733,25.570308685302734,26.587209701538086,25.748424530029297
1032,synthetic_standard_hotspot_16_00182,standard,hotspot,16,16x16,synthetic,1.002665400505066,11.342052459716797,1.3661596775054932,25.40391731262207,26.516529083251953,25.546037673950195
1033,synthetic_standard_multihotspot_16_00183,standard,multihotspot,16,16x16,synthetic,1.2854595184326172,9.994292259216309,1.5936881303787231,25.52802085876465,26.135316848754883,25.637123107910156
1034,synthetic_standard_uniform_16_00184,standard,uniform,16,16x16,synthetic,11.288509368896484,11.288509368896484,11.288511276245117,29.514854431152344,29.514854431152344,29.514860153198242
1035,synthetic_standard_checkerboard_16_00185,standard,checkerboard,16,16x16,synthetic,0.5343784689903259,11.218184471130371,5.87628173828125,27.227750778198242,27.472431182861328,27.35009002685547
1036,synthetic_standard_checkerboard_16_00186,standard,checkerboard,16,16x16,synthetic,0.815833330154419,8.120840072631836,4.468337535858154,26.703306198120117,26.87059783935547,26.78695297241211
1037,synthetic_standard_uniform_16_00187,standard,uniform,16,16x16,synthetic,8.207220077514648,8.207220077514648,8.207221031188965,28.282421112060547,28.282421112060547,28.28241729736328
1038,synthetic_standard_stripes_16_00188,standard,stripes,16,16x16,synthetic,0.35004323720932007,8.55733585357666,4.4536895751953125,26.488006591796875,27.074125289916992,26.781064987182617
1039,synthetic_standard_stripes_16_00189,standard,stripes,16,16x16,synthetic,0.29732951521873474,7.840770244598389,4.06904935836792,26.35784912109375,26.896562576293945,26.627208709716797
1040,synthetic_standard_checkerboard_16_00190,standard,checkerboard,16,16x16,synthetic,0.08293621987104416,9.270621299743652,4.676778793334961,26.76513671875,26.975542068481445,26.870338439941406
1041,synthetic_standard_uniform_16_00191,standard,uniform,16,16x16,synthetic,9.668211936950684,9.668211936950684,9.668211936950684,28.866735458374023,28.866735458374023,28.866731643676758
1042,synthetic_standard_quadrant_16_00192,standard,quadrant,16,16x16,synthetic,0.08593612164258957,8.063373565673828,2.0802955627441406,25.06361961364746,27.90618133544922,25.831741333007812
1043,synthetic_standard_quadrant_16_00193,standard,quadrant,16,16x16,synthetic,1.0191762447357178,8.202367782592773,2.814974069595337,25.433977127075195,27.993501663208008,26.12561798095703
1044,synthetic_standard_hotspot_16_00194,standard,hotspot,16,16x16,synthetic,0.19288276135921478,8.844883918762207,0.5984452962875366,25.083187103271484,26.13035774230957,25.239025115966797
1045,synthetic_standard_checkerboard_16_00195,standard,checkerboard,16,16x16,synthetic,0.2962547242641449,10.44329833984375,5.369776725769043,27.031335830688477,27.263717651367188,27.147525787353516
1046,synthetic_standard_checkerboard_16_00196,standard,checkerboard,16,16x16,synthetic,0.878314733505249,11.162693977355957,6.020503997802734,27.29006576538086,27.525604248046875,27.4078369140625
1047,synthetic_standard_checkerboard_16_00197,standard,checkerboard,16,16x16,synthetic,0.27816227078437805,10.286063194274902,5.282113075256348,26.997867584228516,27.227073669433594,27.112470626831055
1048,synthetic_standard_uniform_16_00198,standard,uniform,16,16x16,synthetic,10.951428413391113,10.951428413391113,10.951430320739746,29.38009262084961,29.38009262084961,29.380094528198242
1049,synthetic_standard_uniform_16_00199,standard,uniform,16,16x16,synthetic,9.702850341796875,9.702850341796875,9.702850341796875,28.880653381347656,28.880653381347656,28.880647659301758
1050,synthetic_standard_hotspot_16_00200,standard,hotspot,16,16x16,synthetic,0.14183302223682404,8.737886428833008,0.4440380334854126,25.059885025024414,26.194406509399414,25.177263259887695
1051,synthetic_standard_multihotspot_16_00201,standard,multihotspot,16,16x16,synthetic,0.7628204822540283,9.712719917297363,1.1233274936676025,25.308839797973633,26.320589065551758,25.448993682861328
1052,synthetic_standard_checkerboard_16_00202,standard,checkerboard,16,16x16,synthetic,0.02477787435054779,8.189537048339844,4.1071577072143555,26.548967361450195,26.735958099365234,26.64246368408203
1053,synthetic_standard_hotspot_16_00203,standard,hotspot,16,16x16,synthetic,0.366094172000885,11.533381462097168,0.758694052696228,25.149843215942383,26.634578704833984,25.303176879882812
1054,synthetic_standard_uniform_16_00204,standard,uniform,16,16x16,synthetic,8.612401962280273,8.612401962280273,8.61240291595459,28.444442749023438,28.444442749023438,28.444446563720703
1055,synthetic_standard_checkerboard_16_00205,standard,checkerboard,16,16x16,synthetic,0.4390351176261902,10.68037223815918,5.559703826904297,27.106197357177734,27.340763092041016,27.223480224609375
1056,synthetic_standard_multihotspot_16_00206,standard,multihotspot,16,16x16,synthetic,1.7351957559585571,11.260895729064941,2.388482093811035,25.714872360229492,26.967214584350586,25.954998016357422
1057,synthetic_standard_stripes_16_00207,standard,stripes,16,16x16,synthetic,0.9346832036972046,8.900829315185547,4.917757034301758,26.415529251098633,27.51774787902832,26.966638565063477
1058,synthetic_standard_hotspot_16_00208,standard,hotspot,16,16x16,synthetic,0.6470394134521484,11.40414810180664,1.3193588256835938,25.266157150268555,26.782939910888672,25.527393341064453
1059,synthetic_standard_quadrant_16_00209,standard,quadrant,16,16x16,synthetic,0.3733810484409332,10.548097610473633,2.917060136795044,25.186752319335938,28.812313079833984,26.166467666625977
1060,synthetic_standard_quadrant_16_00210,standard,quadrant,16,16x16,synthetic,1.3603535890579224,9.867629051208496,3.4871726036071777,25.575349807739258,28.606740951538086,26.394508361816406
1061,synthetic_standard_hotspot_16_00211,standard,hotspot,16,16x16,synthetic,1.4624440670013428,8.669164657592773,1.5750491619110107,25.588594436645508,25.95790672302246,25.629629135131836
1062,synthetic_standard_stripes_16_00212,standard,stripes,16,16x16,synthetic,0.44121551513671875,7.8447747230529785,4.142995357513428,26.392446517944336,26.921131134033203,26.656789779663086
1063,synthetic_standard_stripes_16_00213,standard,stripes,16,16x16,synthetic,0.5107564926147461,7.36054801940918,3.9356532096862793,26.099884033203125,27.04762077331543,26.57375144958496
1064,synthetic_standard_checkerboard_16_00214,standard,checkerboard,16,16x16,synthetic,0.309571772813797,11.505578994750977,5.907574653625488,27.23442840576172,27.490833282470703,27.362628936767578
1065,synthetic_standard_checkerboard_16_00215,standard,checkerboard,16,16x16,synthetic,0.5115311145782471,8.339433670043945,4.425481796264648,26.680191040039062,26.859466552734375,26.76982879638672
1066,synthetic_standard_hotspot_16_00216,standard,hotspot,16,16x16,synthetic,0.6969038844108582,11.0052490234375,1.0593066215515137,25.288597106933594,26.26589584350586,25.423336029052734
1067,synthetic_standard_checkerboard_16_00217,standard,checkerboard,16,16x16,synthetic,0.16507859528064728,11.71139144897461,5.938235282897949,27.24266242980957,27.507102966308594,27.374881744384766
1068,synthetic_standard_quadrant_16_00218,standard,quadrant,16,16x16,synthetic,0.4903791844844818,7.441951274871826,2.2282721996307373,25.22161293029785,27.69862174987793,25.890953063964844
1069,synthetic_standard_uniform_16_00219,standard,uniform,16,16x16,synthetic,11.16011905670166,11.16011905670166,11.160120964050293,29.463539123535156,29.463539123535156,29.463533401489258
1070,synthetic_standard_hotspot_16_00220,standard,hotspot,16,16x16,synthetic,0.9930744171142578,9.347946166992188,1.1236193180084229,25.400575637817383,25.828279495239258,25.449047088623047
1071,synthetic_standard_quadrant_16_00221,standard,quadrant,16,16x16,synthetic,1.0210256576538086,11.089079856872559,3.538039445877075,25.445344924926758,29.0329532623291,26.41480827331543
1072,synthetic_standard_stripes_16_00222,standard,stripes,16,16x16,synthetic,0.49130353331565857,9.817832946777344,5.154568195343018,26.728408813476562,27.394445419311523,27.06142807006836
1073,synthetic_standard_stripes_16_00223,standard,stripes,16,16x16,synthetic,0.9618330001831055,7.339899063110352,4.15086555480957,26.218664169311523,27.10114288330078,26.65990447998047
1074,synthetic_standard_quadrant_16_00224,standard,quadrant,16,16x16,synthetic,0.3392833471298218,9.624055862426758,2.6604766845703125,25.169822692871094,28.478219985961914,26.063823699951172
1075,synthetic_standard_quadrant_16_00225,standard,quadrant,16,16x16,synthetic,0.1918235719203949,8.745020866394043,2.330122709274292,25.10816764831543,28.155824661254883,25.931713104248047
1076,synthetic_standard_multihotspot_16_00226,standard,multihotspot,16,16x16,synthetic,0.4431169927120209,9.811647415161133,0.7905158996582031,25.18959617614746,25.840694427490234,25.315872192382812
1077,synthetic_standard_stripes_16_00227,standard,stripes,16,16x16,synthetic,0.41528141498565674,8.093962669372559,4.254622936248779,26.427248001098633,26.975608825683594,26.70142936706543
1078,synthetic_standard_checkerboard_16_00228,standard,checkerboard,16,16x16,synthetic,0.17820686101913452,9.249550819396973,4.713878631591797,26.78122329711914,26.988967895507812,26.88509750366211
1079,synthetic_standard_uniform_16_00229,standard,uniform,16,16x16,synthetic,8.629790306091309,8.629790306091309,8.629790306091309,28.451412200927734,28.451412200927734,28.451414108276367
1080,synthetic_standard_multihotspot_16_00230,standard,multihotspot,16,16x16,synthetic,1.2591708898544312,11.678418159484863,1.7293777465820312,25.512605667114258,26.63913917541504,25.691320419311523
1081,synthetic_standard_hotspot_16_00231,standard,hotspot,16,16x16,synthetic,0.641720712184906,9.561034202575684,0.7810848951339722,25.257858276367188,25.755138397216797,25.31209945678711
1082,synthetic_standard_stripes_16_00232,standard,stripes,16,16x16,synthetic,0.768517017364502,9.511008262634277,5.1397624015808105,26.45063018798828,27.66026496887207,27.055450439453125
1083,synthetic_standard_uniform_16_00233,standard,uniform,16,16x16,synthetic,10.891736030578613,10.891736030578613,10.891737937927246,29.356163024902344,29.356163024902344,29.356168746948242
1084,synthetic_standard_hotspot_16_00234,standard,hotspot,16,16x16,synthetic,0.49176305532455444,9.082963943481445,1.0287132263183594,25.21282386779785,26.30400276184082,25.411128997802734
1085,synthetic_standard_hotspot_16_00235,standard,hotspot,16,16x16,synthetic,0.6206135153770447,10.483687400817871,0.967362105846405,25.25395965576172,26.200546264648438,25.386554718017578
1086,synthetic_standard_hotspot_16_00236,standard,hotspot,16,16x16,synthetic,0.05991288647055626,10.742368698120117,0.7275663614273071,25.043670654296875,26.411163330078125,25.290653228759766
1087,synthetic_standard_multihotspot_16_00237,standard,multihotspot,16,16x16,synthetic,1.2854505777359009,10.263140678405762,1.6893712282180786,25.525667190551758,26.922161102294922,25.675411224365234
1088,synthetic_standard_checkerboard_16_00238,standard,checkerboard,16,16x16,synthetic,0.4240171015262604,9.133223533630371,4.778620719909668,26.811302185058594,27.010778427124023,26.911039352416992
1089,synthetic_standard_checkerboard_16_00239,standard,checkerboard,16,16x16,synthetic,0.39096060395240784,9.466972351074219,4.928966522216797,26.867252349853516,27.075105667114258,26.97117805480957
1090,synthetic_standard_multihotspot_16_00240,standard,multihotspot,16,16x16,synthetic,0.4397800862789154,11.021459579467773,0.7139848470687866,25.183652877807617,25.785987854003906,25.285247802734375
1091,synthetic_standard_multihotspot_16_00241,standard,multihotspot,16,16x16,synthetic,0.687420129776001,11.746264457702637,1.124725341796875,25.313203811645508,26.08013916015625,25.449491500854492
1092,synthetic_standard_hotspot_16_00242,standard,hotspot,16,16x16,synthetic,0.16728201508522034,8.814757347106934,0.43751561641693115,25.06977081298828,26.161766052246094,25.174686431884766
1093,synthetic_standard_hotspot_16_00243,standard,hotspot,16,16x16,synthetic,1.4293931722640991,8.007719039916992,1.532179594039917,25.573026657104492,25.933767318725586,25.612449645996094
1094,synthetic_standard_multihotspot_16_00244,standard,multihotspot,16,16x16,synthetic,1.8291984796524048,10.564431190490723,2.222628116607666,25.734121322631836,26.924230575561523,25.888635635375977
1095,synthetic_standard_quadrant_16_00245,standard,quadrant,16,16x16,synthetic,0.38215863704681396,7.712290287017822,2.2146918773651123,25.179738998413086,27.791658401489258,25.885536193847656
1096,synthetic_standard_hotspot_16_00246,standard,hotspot,16,16x16,synthetic,1.3869287967681885,10.092671394348145,1.7950103282928467,25.565052032470703,26.52159881591797,25.71760368347168
1097,synthetic_standard_hotspot_16_00247,standard,hotspot,16,16x16,synthetic,0.2884710729122162,8.53398323059082,0.48172527551651,25.116945266723633,25.744909286499023,25.19232749938965
1098,synthetic_standard_multihotspot_16_00248,standard,multihotspot,16,16x16,synthetic,1.0606900453567505,11.406166076660156,1.6990090608596802,25.46853256225586,26.42966651916504,25.679229736328125
1099,synthetic_standard_hotspot_16_00249,standard,hotspot,16,16x16,synthetic,1.2981477975845337,9.898119926452637,1.566896915435791,25.53257179260254,26.201107025146484,25.626373291015625
1100,synthetic_systolic_checkerboard_16_00000,systolic,checkerboard,16,16x16,synthetic,7.217403411865234,12.699399948120117,9.564651489257812,28.609420776367188,29.19261932373047,28.825471878051758
1101,synthetic_systolic_hotspot_16_00001,systolic,hotspot,16,16x16,synthetic,0.6457534432411194,13.307024002075195,5.905544281005859,25.732635498046875,29.2092227935791,27.361835479736328
1102,synthetic_systolic_uniform_16_00002,systolic,uniform,16,16x16,synthetic,12.240229606628418,13.440230369567871,13.050664901733398,30.003337860107422,30.338228225708008,30.219894409179688
1103,synthetic_systolic_wavefront_16_00003,systolic,wavefront,16,16x16,synthetic,7.5854973793029785,15.056303024291992,11.00961685180664,28.64846420288086,30.44698143005371,29.403461456298828
1104,synthetic_systolic_hotspot_16_00004,systolic,hotspot,16,16x16,synthetic,0.8791640996932983,15.06099796295166,3.320338249206543,25.404296875,28.914047241210938,26.32775115966797
1105,synthetic_systolic_checkerboard_16_00005,systolic,checkerboard,16,16x16,synthetic,7.478203296661377,12.510788917541504,9.600746154785156,28.624353408813477,29.206552505493164,28.83990478515625
1106,synthetic_systolic_uniform_16_00006,systolic,uniform,16,16x16,synthetic,10.29216480255127,11.492165565490723,11.020563125610352,29.210432052612305,29.545326232910156,29.407840728759766
1107,synthetic_systolic_uniform_16_00007,systolic,uniform,16,16x16,synthetic,12.433202743530273,13.63320255279541,13.159767150878906,30.066526412963867,30.401418685913086,30.263511657714844
1108,synthetic_systolic_banded_16_00008,systolic,banded,16,16x16,synthetic,4.629281997680664,10.455657005310059,5.994838237762451,26.931652069091797,28.223974227905273,27.39754867553711
1109,synthetic_systolic_banded_16_00009,systolic,banded,16,16x16,synthetic,4.885982513427734,12.127113342285156,6.583123207092285,27.053800582885742,28.659997940063477,27.63284683227539
1110,synthetic_systolic_banded_16_00010,systolic,banded,16,16x16,synthetic,6.8331074714660645,13.574584007263184,8.413141250610352,27.825763702392578,29.321115493774414,28.364852905273438
1111,synthetic_systolic_uniform_16_00011,systolic,uniform,16,16x16,synthetic,12.373360633850098,13.866151809692383,13.289558410644531,30.074203491210938,30.442577362060547,30.315439224243164
1112,synthetic_systolic_banded_16_00012,systolic,banded,16,16x16,synthetic,4.318007469177246,11.979836463928223,6.113749027252197,26.832414627075195,28.531906127929688,27.445098876953125
1113,synthetic_systolic_checkerboard_16_00013,systolic,checkerboard,16,16x16,synthetic,6.439455986022949,13.299193382263184,9.475574493408203,28.572256088256836,29.158540725708008,28.789852142333984
1114,synthetic_systolic_checkerboard_16_00014,systolic,checkerboard,16,16x16,synthetic,6.869731426239014,10.88143539428711,8.481833457946777,28.177953720092773,28.757841110229492,28.392356872558594
1115,synthetic_systolic_hotspot_16_00015,systolic,hotspot,16,16x16,synthetic,0.23725178837776184,14.59254264831543,3.922992706298828,25.26744270324707,28.425357818603516,26.568828582763672
1116,synthetic_systolic_hotspot_16_00016,systolic,hotspot,16,16x16,synthetic,0.295469731092453,12.458170890808105,3.494765520095825,25.235431671142578,28.4337100982666,26.39752960205078
1117,synthetic_systolic_hotspot_16_00017,systolic,hotspot,16,16x16,synthetic,0.9777233004570007,12.524039268493652,4.321618556976318,25.529285430908203,28.55450439453125,26.728256225585938
1118,synthetic_systolic_checkerboard_16_00018,systolic,checkerboard,16,16x16,synthetic,6.323669910430908,11.400524139404297,8.468347549438477,28.171371459960938,28.753633499145508,28.386951446533203
1119,synthetic_systolic_hotspot_16_00019,systolic,hotspot,16,16x16,synthetic,1.4856632947921753,17.977590560913086,7.175993919372559,26.190811157226562,29.770156860351562,27.869998931884766
1120,synthetic_systolic_checkerboard_16_00020,systolic,checkerboard,16,16x16,synthetic,6.655428886413574,10.576506614685059,8.222217559814453,28.074180603027344,28.654888153076172,28.288490295410156
1121,synthetic_systolic_uniform_16_00021,systolic,uniform,16,16x16,synthetic,11.81276798248291,13.012767791748047,12.577163696289062,29.82465362548828,30.15957260131836,30.030473709106445
1122,synthetic_systolic_uniform_16_00022,systolic,uniform,16,16x16,synthetic,12.864399909973145,14.064399719238281,13.632875442504883,30.245990753173828,30.580888748168945,30.452754974365234
1123,synthetic_systolic_banded_16_00023,systolic,banded,16,16x16,synthetic,4.722931385040283,12.691967010498047,6.59067440032959,26.998594284057617,28.76624870300293,27.635848999023438
1124,synthetic_systolic_uniform_16_00024,systolic,uniform,16,16x16,synthetic,11.981202125549316,13.18120288848877,12.701841354370117,29.884740829467773,30.219627380371094,30.08034896850586
1125,synthetic_systolic_uniform_16_00025,systolic,uniform,16,16x16,synthetic,12.448893547058105,13.648893356323242,13.195552825927734,30.0761661529541,30.411067962646484,30.277835845947266
1126,synthetic_systolic_uniform_16_00026,systolic,uniform,16,16x16,synthetic,13.719073295593262,14.919073104858398,14.414125442504883,30.575653076171875,30.91053009033203,30.765268325805664
1127,synthetic_systolic_hotspot_16_00027,systolic,hotspot,16,16x16,synthetic,0.8223957419395447,13.503653526306152,4.112444877624512,25.452362060546875,28.93079376220703,26.64460563659668
1128,synthetic_systolic_checkerboard_16_00028,systolic,checkerboard,16,16x16,synthetic,6.566770553588867,11.77951431274414,8.779393196105957,28.29561424255371,28.87821388244629,28.511371612548828
1129,synthetic_systolic_banded_16_00029,systolic,banded,16,16x16,synthetic,6.389400005340576,14.734461784362793,8.345272064208984,27.67040252685547,29.521453857421875,28.337722778320312
1130,synthetic_systolic_hotspot_16_00030,systolic,hotspot,16,16x16,synthetic,0.9943822622299194,14.880186080932617,6.205726146697998,25.824687957763672,29.66436004638672,27.481914520263672
1131,synthetic_systolic_hotspot_16_00031,systolic,hotspot,16,16x16,synthetic,0.8192092180252075,12.744118690490723,4.528368949890137,25.50199317932129,28.709810256958008,26.810972213745117
1132,synthetic_systolic_checkerboard_16_00032,systolic,checkerboard,16,16x16,synthetic,7.823110580444336,12.289558410644531,9.66258430480957,28.649734497070312,29.23063850402832,28.86463737487793
1133,synthetic_systolic_wavefront_16_00033,systolic,wavefront,16,16x16,synthetic,7.588030815124512,15.104446411132812,11.03305435180664,28.65323257446289,30.462717056274414,29.412837982177734
1134,synthetic_systolic_hotspot_16_00034,systolic,hotspot,16,16x16,synthetic,0.3896973729133606,13.44893741607666,3.837346315383911,25.28630256652832,28.831436157226562,26.53458023071289
1135,synthetic_systolic_banded_16_00035,systolic,banded,16,16x16,synthetic,6.007112503051758,12.735831260681152,7.584155082702637,27.495235443115234,28.987728118896484,28.033294677734375
1136,synthetic_systolic_hotspot_16_00036,systolic,hotspot,16,16x16,synthetic,1.2422916889190674,17.097942352294922,4.369661331176758,25.60114288330078,29.119400024414062,26.747482299804688
1137,synthetic_systolic_wavefront_16_00037,systolic,wavefront,16,16x16,synthetic,9.88375186920166,16.715091705322266,13.014782905578613,29.515155792236328,31.159711837768555,30.205530166625977
1138,synthetic_systolic_uniform_16_00038,systolic,uniform,16,16x16,synthetic,12.344548225402832,13.544548034667969,13.05731201171875,30.028779983520508,30.363662719726562,30.222537994384766
1139,synthetic_systolic_wavefront_16_00039,systolic,wavefront,16,16x16,synthetic,7.819638729095459,14.624804496765137,10.93867301940918,28.687376022338867,30.32562255859375,29.375104904174805
1140,synthetic_systolic_banded_16_00040,systolic,banded,16,16x16,synthetic,4.54302978515625,11.964289665222168,6.282387733459473,26.919158935546875,28.56527328491211,27.512592315673828
1141,synthetic_systolic_hotspot_16_00041,systolic,hotspot,16,16x16,synthetic,0.6294878721237183,13.048913955688477,3.426511287689209,25.33051300048828,28.41912841796875,26.370223999023438
1142,synthetic_systolic_hotspot_16_00042,systolic,hotspot,16,16x16,synthetic,0.23436185717582703,14.704160690307617,3.816235303878784,25.238500595092773,29.187786102294922,26.526092529296875
1143,synthetic_systolic_checkerboard_16_00043,systolic,checkerboard,16,16x16,synthetic,7.260283946990967,14.212894439697266,10.342840194702148,28.9190616607666,29.505523681640625,29.13674545288086
1144,synthetic_systolic_hotspot_16_00044,systolic,hotspot,16,16x16,synthetic,0.9255343675613403,12.439476013183594,3.8840529918670654,25.465320587158203,28.52846336364746,26.55325698852539
1145,synthetic_systolic_wavefront_16_00045,systolic,wavefront,16,16x16,synthetic,7.106710433959961,12.436452865600586,9.549509048461914,28.280792236328125,29.563859939575195,28.819416046142578
1146,synthetic_systolic_checkerboard_16_00046,systolic,checkerboard,16,16x16,synthetic,7.362155437469482,13.007184982299805,9.79092025756836,28.699729919433594,29.283308029174805,28.915971755981445
1147,synthetic_systolic_wavefront_16_00047,systolic,wavefront,16,16x16,synthetic,9.331113815307617,14.89573860168457,11.881567001342773,29.189865112304688,30.529460906982422,29.75222396850586
1148,synthetic_systolic_hotspot_16_00048,systolic,hotspot,16,16x16,synthetic,0.8395842909812927,13.835023880004883,6.569174766540527,25.919065475463867,29.546720504760742,27.62729263305664
1149,synthetic_systolic_wavefront_16_00049,systolic,wavefront,16,16x16,synthetic,9.562702178955078,15.820302963256836,12.430768966674805,29.339527130126953,30.845962524414062,29.971921920776367
1150,synthetic_systolic_checkerboard_16_00050,systolic,checkerboard,16,16x16,synthetic,7.8354811668396,13.603240966796875,10.325611114501953,28.91343879699707,29.497285842895508,29.12981414794922
1151,synthetic_systolic_hotspot_16_00051,systolic,hotspot,16,16x16,synthetic,1.1517860889434814,13.607254028320312,6.022686958312988,25.8333797454834,29.04890251159668,27.40869140625
1152,synthetic_systolic_hotspot_16_00052,systolic,hotspot,16,16x16,synthetic,1.4265673160552979,16.789270401000977,6.4478325843811035,25.971397399902344,29.576086044311523,27.578750610351562
1153,synthetic_systolic_uniform_16_00053,systolic,uniform,16,16x16,synthetic,12.075082778930664,13.2750825881958,12.872112274169922,29.935035705566406,30.269933700561523,30.148456573486328
1154,synthetic_systolic_wavefront_16_00054,systolic,wavefront,16,16x16,synthetic,9.733879089355469,16.65041160583496,12.903956413269043,29.46222496032715,31.12729835510254,30.161209106445312
1155,synthetic_systolic_hotspot_16_00055,systolic,hotspot,16,16x16,synthetic,0.641143798828125,15.061955451965332,4.429417610168457,25.416902542114258,29.535417556762695,26.77138900756836
1156,synthetic_systolic_banded_16_00056,systolic,banded,16,16x16,synthetic,6.127821922302246,13.978543281555176,7.967835426330566,27.558975219726562,29.300338745117188,28.186748504638672
1157,synthetic_systolic_checkerboard_16_00057,systolic,checkerboard,16,16x16,synthetic,7.237946510314941,10.653934478759766,8.552190780639648,28.206750869750977,28.792673110961914,28.420494079589844
1158,synthetic_systolic_checkerboard_16_00058,systolic,checkerboard,16,16x16,synthetic,7.12883186340332,11.5408353805542,8.941083908081055,28.361162185668945,28.941978454589844,28.576019287109375
1159,synthetic_systolic_uniform_16_00059,systolic,uniform,16,16x16,synthetic,12.761631965637207,13.96163272857666,13.548334121704102,30.207904815673828,30.542810440063477,30.418926239013672
1160,synthetic_systolic_hotspot_16_00060,systolic,hotspot,16,16x16,synthetic,0.3749801218509674,15.226982116699219,5.097039222717285,25.477746963500977,28.98708152770996,27.038436889648438
1161,synthetic_systolic_uniform_16_00061,systolic,uniform,16,16x16,synthetic,13.630784034729004,14.83078384399414,14.33240032196045,30.541423797607422,30.876314163208008,30.73257827758789
1162,synthetic_systolic_hotspot_16_00062,systolic,hotspot,16,16x16,synthetic,0.3110593259334564,15.142694473266602,4.1724395751953125,25.305448532104492,28.904104232788086,26.668588638305664
1163,synthetic_systolic_hotspot_16_00063,systolic,hotspot,16,16x16,synthetic,0.3733195960521698,12.116436958312988,4.534777641296387,25.385894775390625,28.633750915527344,26.81354331970215
1164,synthetic_systolic_banded_16_00064,systolic,banded,16,16x16,synthetic,6.120517730712891,14.978348731994629,8.196571350097656,27.56990623474121,29.53472137451172,28.278240203857422
1165,synthetic_systolic_checkerboard_16_00065,systolic,checkerboard,16,16x16,synthetic,7.758106708526611,12.742234230041504,9.85641860961914,28.7266845703125,29.308774948120117,28.942180633544922
1166,synthetic_systolic_hotspot_16_00066,systolic,hotspot,16,16x16,synthetic,1.4787797927856445,15.92392349243164,7.161890506744385,26.21639633178711,29.491479873657227,27.864376068115234
1167,synthetic_systolic_wavefront_16_00067,systolic,wavefront,16,16x16,synthetic,8.629864692687988,16.12813949584961,12.066574096679688,29.06845474243164,30.87356948852539,29.826236724853516
1168,synthetic_systolic_wavefront_16_00068,systolic,wavefront,16,16x16,synthetic,6.782928466796875,11.848066329956055,9.104450225830078,28.12950325012207,29.34886932373047,28.64138412475586
1169,synthetic_systolic_uniform_16_00069,systolic,uniform,16,16x16,synthetic,11.972979545593262,13.172979354858398,12.676860809326172,29.87867546081543,30.213571548461914,30.070369720458984
1170,synthetic_systolic_wavefront_16_00070,systolic,wavefront,16,16x16,synthetic,8.75937271118164,16.0006160736084,12.078275680541992,29.099130630493164,30.842370986938477,29.8309383392334
1171,synthetic_systolic_checkerboard_16_00071,systolic,checkerboard,16,16x16,synthetic,7.2182817459106445,10.98991870880127,8.710350036621094,28.269622802734375,28.851831436157227,28.483749389648438
1172,synthetic_systolic_banded_16_00072,systolic,banded,16,16x16,synthetic,4.525014877319336,10.511811256408691,5.928170680999756,26.892112731933594,28.220096588134766,27.370864868164062
1173,synthetic_systolic_uniform_16_00073,systolic,uniform,16,16x16,synthetic,13.224925994873047,14.424925804138184,13.934659957885742,30.380441665649414,30.715333938598633,30.573497772216797
1174,synthetic_systolic_hotspot_16_00074,systolic,hotspot,16,16x16,synthetic,1.119271993637085,16.506486892700195,3.7372612953186035,25.514440536499023,28.983625411987305,26.494539260864258
1175,synthetic_systolic_uniform_16_00075,systolic,uniform,16,16x16,synthetic,12.797082901000977,13.99708366394043,13.565460205078125,30.219064712524414,30.55394744873047,30.425798416137695
1176,synthetic_systolic_hotspot_16_00076,systolic,hotspot,16,16x16,synthetic,0.17022739350795746,15.405302047729492,4.085729598999023,25.268756866455078,28.549978256225586,26.63391876220703
1177,synthetic_systolic_banded_16_00077,systolic,banded,16,16x16,synthetic,6.0535807609558105,10.908647537231445,7.1914873123168945,27.48801612854004,28.56488800048828,27.876235961914062
1178,synthetic_systolic_uniform_16_00078,systolic,uniform,16,16x16,synthetic,11.337851524353027,12.537851333618164,12.058570861816406,29.627431869506836,29.96233558654785,29.82305908203125
1179,synthetic_systolic_uniform_16_00079,systolic,uniform,16,16x16,synthetic,13.49100112915039,14.729116439819336,14.316999435424805,30.50623893737793,30.841135025024414,30.726425170898438
1180,synthetic_systolic_uniform_16_00080,systolic,uniform,16,16x16,synthetic,12.226637840270996,13.426637649536133,12.971426010131836,29.986940383911133,30.321842193603516,30.18818473815918
1181,synthetic_systolic_banded_16_00081,systolic,banded,16,16x16,synthetic,4.09827184677124,13.661592483520508,6.339675426483154,26.770721435546875,28.892013549804688,27.535465240478516
1182,synthetic_systolic_wavefront_16_00082,systolic,wavefront,16,16x16,synthetic,6.706171035766602,11.888965606689453,9.081619262695312,28.108503341674805,29.356199264526367,28.632278442382812
1183,synthetic_systolic_checkerboard_16_00083,systolic,checkerboard,16,16x16,synthetic,7.916309833526611,12.668000221252441,9.89840316772461,28.74373435974121,29.325286865234375,28.958972930908203
1184,synthetic_systolic_hotspot_16_00084,systolic,hotspot,16,16x16,synthetic,1.1745193004608154,16.96873664855957,4.929842472076416,25.64251708984375,29.08892059326172,26.971559524536133
1185,synthetic_systolic_checkerboard_16_00085,systolic,checkerboard,16,16x16,synthetic,7.888979434967041,10.603147506713867,8.852313041687012,28.321674346923828,28.92074966430664,28.54055404663086
1186,synthetic_systolic_uniform_16_00086,systolic,uniform,16,16x16,synthetic,13.200799942016602,14.400799751281738,13.965335845947266,30.379892349243164,30.71477508544922,30.585731506347656
1187,synthetic_systolic_uniform_16_00087,systolic,uniform,16,16x16,synthetic,10.747018814086914,11.94701862335205,11.556083679199219,29.40578842163086,29.740692138671875,29.622032165527344
1188,synthetic_systolic_banded_16_00088,systolic,banded,16,16x16,synthetic,4.211952209472656,10.15240478515625,5.604246139526367,26.766265869140625,28.083921432495117,27.241291046142578
1189,synthetic_systolic_hotspot_16_00089,systolic,hotspot,16,16x16,synthetic,1.4342811107635498,13.67405891418457,7.128071308135986,26.16048240661621,29.549049377441406,27.850849151611328
1190,synthetic_systolic_wavefront_16_00090,systolic,wavefront,16,16x16,synthetic,8.868242263793945,15.104891777038574,11.726705551147461,29.060009002685547,30.561424255371094,29.690292358398438
1191,synthetic_systolic_hotspot_16_00091,systolic,hotspot,16,16x16,synthetic,1.2232540845870972,16.75847625732422,6.286953926086426,25.909608840942383,29.382869720458984,27.514404296875
1192,synthetic_systolic_wavefront_16_00092,systolic,wavefront,16,16x16,synthetic,9.127877235412598,14.433845520019531,11.559779167175293,29.087305068969727,30.364656448364258,29.623531341552734
1193,synthetic_systolic_uniform_16_00093,systolic,uniform,16,16x16,synthetic,11.618993759155273,13.024439811706543,12.504255294799805,29.76732063293457,30.116008758544922,30.001319885253906
1194,synthetic_systolic_checkerboard_16_00094,systolic,checkerboard,16,16x16,synthetic,7.580020427703857,10.549392700195312,8.670955657958984,28.252071380615234,28.84529685974121,28.468019485473633
1195,synthetic_systolic_checkerboard_16_00095,systolic,checkerboard,16,16x16,synthetic,7.4110331535339355,11.039029121398926,8.831281661987305,28.318126678466797,28.901859283447266,28.532108306884766
1196,synthetic_systolic_banded_16_00096,systolic,banded,16,16x16,synthetic,4.468822002410889,14.548967361450195,6.831355094909668,26.92612648010254,29.162006378173828,27.732179641723633
1197,synthetic_systolic_uniform_16_00097,systolic,uniform,16,16x16,synthetic,13.9771146774292,15.216248512268066,14.803474426269531,30.70073699951172,31.03562355041504,30.921009063720703
1198,synthetic_systolic_uniform_16_00098,systolic,uniform,16,16x16,synthetic,10.261109352111816,11.461109161376953,10.963621139526367,29.193683624267578,29.528583526611328,29.385053634643555
1199,synthetic_systolic_hotspot_16_00099,systolic,hotspot,16,16x16,synthetic,1.2143688201904297,14.417776107788086,5.076086044311523,25.685176849365234,28.794437408447266,27.030057907104492
1200,synthetic_systolic_wavefront_16_00100,systolic,wavefront,16,16x16,synthetic,8.407832145690918,15.27079963684082,11.553359031677246,28.92738914489746,30.579544067382812,29.620960235595703
1201,synthetic_systolic_banded_16_00101,systolic,banded,16,16x16,synthetic,5.050893306732178,10.061077117919922,6.225154876708984,27.089031219482422,28.20034408569336,27.489669799804688
1202,synthetic_systolic_uniform_16_00102,systolic,uniform,16,16x16,synthetic,12.214056968688965,13.414056777954102,12.97952651977539,29.9853572845459,30.32025718688965,30.191425323486328
1203,synthetic_systolic_banded_16_00103,systolic,banded,16,16x16,synthetic,5.882338047027588,12.601776123046875,7.457206726074219,27.445144653320312,28.935632705688477,27.982481002807617
1204,synthetic_systolic_wavefront_16_00104,systolic,wavefront,16,16x16,synthetic,7.863534450531006,15.054723739624023,11.15949535369873,28.736658096313477,30.467849731445312,29.463401794433594
1205,synthetic_systolic_uniform_16_00105,systolic,uniform,16,16x16,synthetic,12.47870922088623,13.935648918151855,13.382208824157715,30.11422348022461,30.474531173706055,30.352497100830078
1206,synthetic_systolic_wavefront_16_00106,systolic,wavefront,16,16x16,synthetic,9.26816177368164,15.148721694946289,11.963418960571289,29.190662384033203,30.606338500976562,29.784961700439453
1207,synthetic_systolic_wavefront_16_00107,systolic,wavefront,16,16x16,synthetic,8.559181213378906,15.126655578613281,11.569273948669434,28.963605880737305,30.544641494750977,29.627317428588867
1208,synthetic_systolic_uniform_16_00108,systolic,uniform,16,16x16,synthetic,10.806206703186035,12.009842872619629,11.6199951171875,29.430274963378906,29.765174865722656,29.64760398864746
1209,synthetic_systolic_uniform_16_00109,systolic,uniform,16,16x16,synthetic,12.965786933898926,14.360224723815918,13.847150802612305,30.30534553527832,30.651594161987305,30.538463592529297
1210,synthetic_systolic_banded_16_00110,systolic,banded,16,16x16,synthetic,4.305305480957031,14.698600769042969,6.741233825683594,26.86502456665039,29.17034912109375,27.696117401123047
1211,synthetic_systolic_uniform_16_00111,systolic,uniform,16,16x16,synthetic,11.896224975585938,13.290790557861328,12.777633666992188,29.877527236938477,30.223814010620117,30.110658645629883
1212,synthetic_systolic_uniform_16_00112,systolic,uniform,16,16x16,synthetic,10.072924613952637,11.272924423217773,10.763755798339844,29.116483688354492,29.451377868652344,29.30512809753418
1213,synthetic_systolic_hotspot_16_00113,systolic,hotspot,16,16x16,synthetic,1.2173950672149658,12.764559745788574,3.5462706089019775,25.53946304321289,28.592636108398438,26.418132781982422
1214,synthetic_systolic_wavefront_16_00114,systolic,wavefront,16,16x16,synthetic,9.888336181640625,16.913040161132812,13.107992172241211,29.53288459777832,31.223995208740234,30.242809295654297
1215,synthetic_systolic_banded_16_00115,systolic,banded,16,16x16,synthetic,5.55875825881958,14.161596298217773,7.57504940032959,27.34168815612793,29.24991226196289,28.029621124267578
1216,synthetic_systolic_uniform_16_00116,systolic,uniform,16,16x16,synthetic,10.273391723632812,11.546320915222168,11.11172103881836,29.22126007080078,29.5561466217041,29.444316864013672
1217,synthetic_systolic_uniform_16_00117,systolic,uniform,16,16x16,synthetic,13.569925308227539,14.866351127624512,14.416576385498047,30.541236877441406,30.876144409179688,30.766252517700195
1218,synthetic_systolic_banded_16_00118,systolic,banded,16,16x16,synthetic,4.941659927368164,12.430791854858398,6.696924686431885,27.079530715942383,28.7407283782959,27.678407669067383
1219,synthetic_systolic_wavefront_16_00119,systolic,wavefront,16,16x16,synthetic,7.566000938415527,13.895732879638672,10.467126846313477,28.546775817871094,30.070579528808594,29.18646812438965
1220,synthetic_systolic_hotspot_16_00120,systolic,hotspot,16,16x16,synthetic,1.4682129621505737,16.468219757080078,4.073840141296387,25.660634994506836,28.554506301879883,26.629138946533203
1221,synthetic_systolic_uniform_16_00121,systolic,uniform,16,16x16,synthetic,11.727864265441895,12.927864074707031,12.47925090789795,29.788543701171875,30.12342643737793,29.991317749023438
1222,synthetic_systolic_uniform_16_00122,systolic,uniform,16,16x16,synthetic,12.048168182373047,13.248167991638184,12.77188491821289,29.912046432495117,30.24693489074707,30.108352661132812
1223,synthetic_systolic_hotspot_16_00123,systolic,hotspot,16,16x16,synthetic,0.2545453906059265,16.341569900512695,4.024667263031006,25.255586624145508,29.126201629638672,26.60950469970703
1224,synthetic_systolic_hotspot_16_00124,systolic,hotspot,16,16x16,synthetic,0.48015713691711426,13.350459098815918,5.069980144500732,25.52426528930664,28.67438507080078,27.02762222290039
1225,synthetic_systolic_checkerboard_16_00125,systolic,checkerboard,16,16x16,synthetic,6.488487243652344,13.400561332702637,9.550773620605469,28.602277755737305,29.188642501831055,28.819915771484375
1226,synthetic_systolic_hotspot_16_00126,systolic,hotspot,16,16x16,synthetic,0.30152422189712524,16.56177520751953,4.722891807556152,25.378746032714844,29.327552795410156,26.8887882232666
1227,synthetic_systolic_hotspot_16_00127,systolic,hotspot,16,16x16,synthetic,0.2705131471157074,16.539094924926758,4.553922176361084,25.334619522094727,28.859928131103516,26.821210861206055
1228,synthetic_systolic_wavefront_16_00128,systolic,wavefront,16,16x16,synthetic,6.654088497161865,12.150800704956055,9.173416137695312,28.113468170166016,29.436742782592773,28.668981552124023
1229,synthetic_systolic_hotspot_16_00129,systolic,hotspot,16,16x16,synthetic,0.8933165669441223,17.51533317565918,5.417339324951172,25.622085571289062,29.22161865234375,27.166549682617188
1230,synthetic_systolic_checkerboard_16_00130,systolic,checkerboard,16,16x16,synthetic,6.284564018249512,13.489956855773926,9.493510246276855,28.578996658325195,29.166061401367188,28.796977996826172
1231,synthetic_systolic_uniform_16_00131,systolic,uniform,16,16x16,synthetic,11.028079986572266,12.37973403930664,11.894290924072266,29.527774810791016,29.86437225341797,29.757343292236328
1232,synthetic_systolic_hotspot_16_00132,systolic,hotspot,16,16x16,synthetic,0.020959079265594482,12.013411521911621,4.48508882522583,25.305261611938477,28.58884620666504,26.793643951416016
1233,synthetic_systolic_hotspot_16_00133,systolic,hotspot,16,16x16,synthetic,0.3426547050476074,15.553242683410645,4.1378984451293945,25.314292907714844,28.930105209350586,26.654788970947266
1234,synthetic_systolic_checkerboard_16_00134,systolic,checkerboard,16,16x16,synthetic,6.239664077758789,11.752508163452148,8.602336883544922,28.22445297241211,28.807727813720703,28.440540313720703
1235,synthetic_systolic_banded_16_00135,systolic,banded,16,16x16,synthetic,6.494086265563965,11.860018730163574,7.751727104187012,27.67120361328125,28.8614559173584,28.100296020507812
1236,synthetic_systolic_hotspot_16_00136,systolic,hotspot,16,16x16,synthetic,0.8510408401489258,16.97242546081543,3.6931042671203613,25.429588317871094,28.73789405822754,26.476869583129883
1237,synthetic_systolic_uniform_16_00137,systolic,uniform,16,16x16,synthetic,11.25875186920166,12.67817497253418,12.148963928222656,29.624038696289062,29.975894927978516,29.859207153320312
1238,synthetic_systolic_banded_16_00138,systolic,banded,16,16x16,synthetic,4.328906059265137,12.290292739868164,6.194855690002441,26.840951919555664,28.60686492919922,27.477577209472656
1239,synthetic_systolic_checkerboard_16_00139,systolic,checkerboard,16,16x16,synthetic,7.158718585968018,12.73887825012207,9.555047988891602,28.605491638183594,29.188919067382812,28.821659088134766
1240,synthetic_systolic_uniform_16_00140,systolic,uniform,16,16x16,synthetic,13.368968963623047,14.851587295532227,14.281562805175781,30.47186851501465,30.837928771972656,30.712251663208008
1241,synthetic_systolic_hotspot_16_00141,systolic,hotspot,16,16x16,synthetic,0.9906783699989319,15.167879104614258,4.408091068267822,25.531707763671875,28.90629768371582,26.762863159179688
1242,synthetic_systolic_uniform_16_00142,systolic,uniform,16,16x16,synthetic,13.298009872436523,14.498010635375977,14.081398010253906,30.421926498413086,30.7568359375,30.632177352905273
1243,synthetic_systolic_hotspot_16_00143,systolic,hotspot,16,16x16,synthetic,0.4907562732696533,17.816123962402344,3.7699666023254395,25.294763565063477,29.52515411376953,26.50760841369629
1244,synthetic_systolic_hotspot_16_00144,systolic,hotspot,16,16x16,synthetic,1.4878430366516113,13.412851333618164,5.750218391418457,25.846435546875,29.325057983398438,27.299707412719727
1245,synthetic_systolic_uniform_16_00145,systolic,uniform,16,16x16,synthetic,11.98261547088623,13.254631996154785,12.820621490478516,29.904878616333008,30.23977279663086,30.12786865234375
1246,synthetic_systolic_hotspot_16_00146,systolic,hotspot,16,16x16,synthetic,1.0805460214614868,16.97098159790039,7.187631607055664,26.15743637084961,29.79891014099121,27.874662399291992
1247,synthetic_systolic_wavefront_16_00147,systolic,wavefront,16,16x16,synthetic,7.852472305297852,15.182269096374512,11.211962699890137,28.743663787841797,30.508214950561523,29.484418869018555
1248,synthetic_systolic_checkerboard_16_00148,systolic,checkerboard,16,16x16,synthetic,7.731661796569824,10.96839714050293,8.956278800964355,28.368576049804688,28.956363677978516,28.582124710083008
1249,synthetic_systolic_checkerboard_16_00149,systolic,checkerboard,16,16x16,synthetic,7.24724006652832,12.619688034057617,9.539714813232422,28.599571228027344,29.18252944946289,28.815502166748047
1250,synthetic_systolic_banded_16_00150,systolic,banded,16,16x16,synthetic,6.988381862640381,10.536054611206055,7.819867134094238,27.843835830688477,28.630752563476562,28.127527236938477
1251,synthetic_systolic_checkerboard_16_00151,systolic,checkerboard,16,16x16,synthetic,6.895196437835693,12.435673713684082,9.271684646606445,28.49217414855957,29.07547950744629,28.708276748657227
1252,synthetic_systolic_hotspot_16_00152,systolic,hotspot,16,16x16,synthetic,1.2842925786972046,16.623355865478516,3.9690074920654297,25.579195022583008,28.81365203857422,26.58721160888672
1253,synthetic_systolic_hotspot_16_00153,systolic,hotspot,16,16x16,synthetic,0.1959678828716278,14.384844779968262,4.357540130615234,25.29054832458496,29.124252319335938,26.74262237548828
1254,synthetic_systolic_checkerboard_16_00154,systolic,checkerboard,16,16x16,synthetic,7.357974529266357,12.582921028137207,9.57669734954834,28.61452293395996,29.197128295898438,28.830276489257812
1255,synthetic_systolic_banded_16_00155,systolic,banded,16,16x16,synthetic,4.366044998168945,10.571314811706543,5.820404052734375,26.831613540649414,28.207971572875977,27.327804565429688
1256,synthetic_systolic_checkerboard_16_00156,systolic,checkerboard,16,16x16,synthetic,7.0424299240112305,11.714168548583984,8.984548568725586,28.378286361694336,28.95967674255371,28.593433380126953
1257,synthetic_systolic_wavefront_16_00157,systolic,wavefront,16,16x16,synthetic,7.162094593048096,12.074895858764648,9.413795471191406,28.26863670349121,29.451337814331055,28.765132904052734
1258,synthetic_systolic_hotspot_16_00158,systolic,hotspot,16,16x16,synthetic,1.1600689888000488,17.10337257385254,5.5707244873046875,25.721946716308594,29.625614166259766,27.2279052734375
1259,synthetic_systolic_wavefront_16_00159,systolic,wavefront,16,16x16,synthetic,7.548782825469971,13.906135559082031,10.462570190429688,28.542165756225586,30.072616577148438,29.184642791748047
1260,synthetic_systolic_wavefront_16_00160,systolic,wavefront,16,16x16,synthetic,7.889937877655029,14.567255020141602,10.950374603271484,28.704927444458008,30.312389373779297,29.379741668701172
1261,synthetic_systolic_hotspot_16_00161,systolic,hotspot,16,16x16,synthetic,0.7547382712364197,12.540329933166504,6.2522711753845215,25.860233306884766,29.058059692382812,27.50052261352539
1262,synthetic_systolic_checkerboard_16_00162,systolic,checkerboard,16,16x16,synthetic,6.277334690093994,10.638527870178223,8.064180374145508,28.010499954223633,28.591163635253906,28.225282669067383
1263,synthetic_systolic_banded_16_00163,systolic,banded,16,16x16,synthetic,5.480414390563965,11.777595520019531,6.956316947937012,27.27862548828125,28.675403594970703,27.78217315673828
1264,synthetic_systolic_checkerboard_16_00164,systolic,checkerboard,16,16x16,synthetic,8.14002513885498,11.529003143310547,9.440764427185059,28.562217712402344,29.148387908935547,28.775920867919922
1265,synthetic_systolic_wavefront_16_00165,systolic,wavefront,16,16x16,synthetic,7.264715194702148,12.133232116699219,9.496118545532227,28.306013107299805,29.47804069519043,28.79802703857422
1266,synthetic_systolic_wavefront_16_00166,systolic,wavefront,16,16x16,synthetic,6.963066101074219,13.707886695861816,10.054442405700684,28.339754104614258,29.963485717773438,29.021392822265625
1267,synthetic_systolic_checkerboard_16_00167,systolic,checkerboard,16,16x16,synthetic,7.672208309173584,13.599000930786133,10.241853713989258,28.879852294921875,29.46397590637207,29.09636688232422
1268,synthetic_systolic_wavefront_16_00168,systolic,wavefront,16,16x16,synthetic,7.0568132400512695,13.888396263122559,10.187955856323242,28.384380340576172,30.029003143310547,29.074790954589844
1269,synthetic_systolic_banded_16_00169,systolic,banded,16,16x16,synthetic,4.72787618637085,11.371192932128906,6.284903049468994,26.982322692871094,28.455894470214844,27.513561248779297
1270,synthetic_systolic_wavefront_16_00170,systolic,wavefront,16,16x16,synthetic,7.425715446472168,14.123525619506836,10.49554443359375,28.520954132080078,30.133377075195312,29.197837829589844
1271,synthetic_systolic_wavefront_16_00171,systolic,wavefront,16,16x16,synthetic,6.95986795425415,13.326530456542969,9.877922058105469,28.307371139526367,29.840076446533203,28.950790405273438
1272,synthetic_systolic_hotspot_16_00172,systolic,hotspot,16,16x16,synthetic,0.4551643431186676,17.258068084716797,3.8549304008483887,25.30651092529297,28.845205307006836,26.54161262512207
1273,synthetic_systolic_uniform_16_00173,systolic,uniform,16,16x16,synthetic,13.285496711730957,14.485496520996094,13.98897933959961,30.403608322143555,30.738510131835938,30.595211029052734
1274,synthetic_systolic_hotspot_16_00174,systolic,hotspot,16,16x16,synthetic,0.7624059319496155,16.067420959472656,6.993968963623047,26.03239631652832,29.646066665649414,27.797218322753906
1275,synthetic_systolic_hotspot_16_00175,systolic,hotspot,16,16x16,synthetic,1.153592824935913,15.034549713134766,6.1700286865234375,25.856689453125,29.5339298248291,27.46761131286621
1276,synthetic_systolic_checkerboard_16_00176,systolic,checkerboard,16,16x16,synthetic,7.173475742340088,13.439275741577148,9.912626266479492,28.74774742126465,29.332651138305664,28.96466827392578
1277,synthetic_systolic_uniform_16_00177,systolic,uniform,16,16x16,synthetic,10.845358848571777,12.330867767333984,11.758975982666016,29.46257781982422,29.82931137084961,29.70321273803711
1278,synthetic_systolic_hotspot_16_00178,systolic,hotspot,16,16x16,synthetic,0.27272316813468933,13.98878288269043,4.640440940856934,25.358278274536133,28.936016082763672,26.85580825805664
1279,synthetic_systolic_banded_16_00179,systolic,banded,16,16x16,synthetic,5.955096244812012,13.499611854553223,7.72334098815918,27.485591888427734,29.159059524536133,28.08889389038086
1280,synthetic_systolic_checkerboard_16_00180,systolic,checkerboard,16,16x16,synthetic,7.894317150115967,11.391193389892578,9.249006271362305,28.485382080078125,29.070470809936523,28.69921112060547
1281,synthetic_systolic_uniform_16_00181,systolic,uniform,16,16x16,synthetic,13.893023490905762,15.30335521697998,14.78001594543457,30.67721176147461,31.027023315429688,30.91162872314453
1282,synthetic_systolic_checkerboard_16_00182,systolic,checkerboard,16,16x16,synthetic,7.530341625213623,12.388072967529297,9.565458297729492,28.610429763793945,29.192174911499023,28.825759887695312
1283,synthetic_systolic_checkerboard_16_00183,systolic,checkerboard,16,16x16,synthetic,6.753548622131348,11.064109802246094,8.515079498291016,28.190900802612305,28.771448135375977,28.405628204345703
1284,synthetic_systolic_hotspot_16_00184,systolic,hotspot,16,16x16,synthetic,0.6698950529098511,15.073118209838867,4.721264839172363,25.47265625,28.761049270629883,26.888126373291016
1285,synthetic_systolic_banded_16_00185,systolic,banded,16,16x16,synthetic,4.327813625335693,13.11425495147705,6.3871355056762695,26.851837158203125,28.800783157348633,27.554452896118164
1286,synthetic_systolic_banded_16_00186,systolic,banded,16,16x16,synthetic,4.992762565612793,10.975715637207031,6.395016670227051,27.079181671142578,28.406253814697266,27.557601928710938
1287,synthetic_systolic_checkerboard_16_00187,systolic,checkerboard,16,16x16,synthetic,6.72586727142334,12.308795928955078,9.123580932617188,28.432863235473633,29.01630401611328,28.649036407470703
1288,synthetic_systolic_checkerboard_16_00188,systolic,checkerboard,16,16x16,synthetic,6.722548007965088,13.114048957824707,9.52454948425293,28.592369079589844,29.177579879760742,28.809432983398438
1289,synthetic_systolic_uniform_16_00189,systolic,uniform,16,16x16,synthetic,11.361454963684082,12.656691551208496,12.207684516906738,29.65776252746582,29.992652893066406,29.882667541503906
1290,synthetic_systolic_uniform_16_00190,systolic,uniform,16,16x16,synthetic,10.883711814880371,12.083711624145508,11.615617752075195,29.447650909423828,29.782533645629883,29.645870208740234
1291,synthetic_systolic_uniform_16_00191,systolic,uniform,16,16x16,synthetic,11.895071029663086,13.095070838928223,12.589178085327148,29.845882415771484,30.180761337280273,30.035268783569336
1292,synthetic_systolic_checkerboard_16_00192,systolic,checkerboard,16,16x16,synthetic,8.169607162475586,14.193584442138672,10.787845611572266,29.098094940185547,29.682466506958008,29.314733505249023
1293,synthetic_systolic_uniform_16_00193,systolic,uniform,16,16x16,synthetic,11.240009307861328,12.440010070800781,12.033401489257812,29.600383758544922,29.935277938842773,29.812965393066406
1294,synthetic_systolic_banded_16_00194,systolic,banded,16,16x16,synthetic,6.407938003540039,10.631207466125488,7.39776611328125,27.62102508544922,28.55781364440918,27.95874786376953
1295,synthetic_systolic_uniform_16_00195,systolic,uniform,16,16x16,synthetic,11.666929244995117,13.081192016601562,12.555313110351562,29.786991119384766,30.137685775756836,30.021730422973633
1296,synthetic_systolic_banded_16_00196,systolic,banded,16,16x16,synthetic,4.3220977783203125,12.87148666381836,6.325860977172852,26.84628677368164,28.74266815185547,27.529953002929688
1297,synthetic_systolic_uniform_16_00197,systolic,uniform,16,16x16,synthetic,12.74451732635498,14.189363479614258,13.643733978271484,30.219804763793945,30.577415466308594,30.45709991455078
1298,synthetic_systolic_hotspot_16_00198,systolic,hotspot,16,16x16,synthetic,0.12462416291236877,15.47552490234375,5.325927734375,25.495885848999023,28.93981170654297,27.129987716674805
1299,synthetic_systolic_banded_16_00199,systolic,banded,16,16x16,synthetic,4.821101188659668,10.787588119506836,6.21949577331543,27.010278701782227,28.333709716796875,27.487384796142578
1300,synthetic_systolic_checkerboard_16_00200,systolic,checkerboard,16,16x16,synthetic,6.249831676483154,11.644984245300293,8.553658485412598,28.20514678955078,28.788118362426758,28.421092987060547
1301,synthetic_systolic_hotspot_16_00201,systolic,hotspot,16,16x16,synthetic,0.2134244740009308,12.668190002441406,3.6384615898132324,25.218782424926758,28.53394889831543,26.45500373840332
1302,synthetic_systolic_banded_16_00202,systolic,banded,16,16x16,synthetic,4.139683246612549,13.800358772277832,6.403904914855957,26.788644790649414,28.931509017944336,27.56116485595703
1303,synthetic_systolic_wavefront_16_00203,systolic,wavefront,16,16x16,synthetic,9.653812408447266,15.382211685180664,12.279329299926758,29.332435607910156,30.711477279663086,29.911346435546875
1304,synthetic_systolic_checkerboard_16_00204,systolic,checkerboard,16,16x16,synthetic,7.086164474487305,13.946300506591797,10.122482299804688,28.830991744995117,29.41725730895996,29.048572540283203
1305,synthetic_systolic_wavefront_16_00205,systolic,wavefront,16,16x16,synthetic,7.984977722167969,13.393122673034668,10.46371078491211,28.638553619384766,29.940507888793945,29.18510627746582
1306,synthetic_systolic_wavefront_16_00206,systolic,wavefront,16,16x16,synthetic,9.273536682128906,15.163385391235352,11.973051071166992,29.193628311157227,30.61153793334961,29.788860321044922
1307,synthetic_systolic_hotspot_16_00207,systolic,hotspot,16,16x16,synthetic,0.6003180146217346,14.870960235595703,5.5924072265625,25.593759536743164,29.241798400878906,27.236560821533203
1308,synthetic_systolic_hotspot_16_00208,systolic,hotspot,16,16x16,synthetic,0.5134724974632263,14.241545677185059,3.876574754714966,25.31732177734375,28.949569702148438,26.550256729125977
1309,synthetic_systolic_hotspot_16_00209,systolic,hotspot,16,16x16,synthetic,0.2510358989238739,14.07844066619873,5.269174575805664,25.501930236816406,29.260482788085938,27.107284545898438
1310,synthetic_systolic_banded_16_00210,systolic,banded,16,16x16,synthetic,5.700787544250488,10.968962669372559,6.935517311096191,27.352556228637695,28.521081924438477,27.773822784423828
1311,synthetic_systolic_checkerboard_16_00211,systolic,checkerboard,16,16x16,synthetic,7.360738277435303,12.5464448928833,9.55984115600586,28.60779571533203,29.190338134765625,28.823516845703125
1312,synthetic_systolic_uniform_16_00212,systolic,uniform,16,16x16,synthetic,11.787185668945312,12.98718547821045,12.599126815795898,29.82236099243164,30.157258987426758,30.039270401000977
1313,synthetic_systolic_checkerboard_16_00213,systolic,checkerboard,16,16x16,synthetic,7.404891014099121,10.800640106201172,8.709016799926758,28.269495010375977,28.855609893798828,28.483203887939453
1314,synthetic_systolic_checkerboard_16_00214,systolic,checkerboard,16,16x16,synthetic,7.788553714752197,11.55713939666748,9.279096603393555,28.49712371826172,29.079349517822266,28.711231231689453
1315,synthetic_systolic_hotspot_16_00215,systolic,hotspot,16,16x16,synthetic,0.6150445938110352,13.898760795593262,6.481541633605957,25.91832160949707,29.35184097290039,27.59224510192871
1316,synthetic_systolic_banded_16_00216,systolic,banded,16,16x16,synthetic,6.237833023071289,13.408998489379883,7.918574333190918,27.59358024597168,29.184234619140625,28.167022705078125
1317,synthetic_systolic_uniform_16_00217,systolic,uniform,16,16x16,synthetic,10.524819374084473,11.786124229431152,11.359031677246094,29.32111167907715,29.65601348876953,29.54322052001953
1318,synthetic_systolic_uniform_16_00218,systolic,uniform,16,16x16,synthetic,10.902551651000977,12.256783485412598,11.769676208496094,29.477689743041992,29.814884185791016,29.70747184753418
1319,synthetic_systolic_checkerboard_16_00219,systolic,checkerboard,16,16x16,synthetic,6.323174476623535,10.665727615356445,8.100700378417969,28.025144577026367,28.605754852294922,28.239906311035156
1320,synthetic_systolic_hotspot_16_00220,systolic,hotspot,16,16x16,synthetic,0.9256928563117981,17.21331214904785,3.214287281036377,25.41765785217285,29.266613006591797,26.285362243652344
1321,synthetic_systolic_checkerboard_16_00221,systolic,checkerboard,16,16x16,synthetic,7.145074844360352,14.216498374938965,10.287036895751953,28.896638870239258,29.483320236206055,29.11444091796875
1322,synthetic_systolic_hotspot_16_00222,systolic,hotspot,16,16x16,synthetic,0.6226809024810791,17.9366397857666,3.7373905181884766,25.336896896362305,29.25145149230957,26.494600296020508
1323,synthetic_systolic_hotspot_16_00223,systolic,hotspot,16,16x16,synthetic,1.382946491241455,15.043943405151367,4.616140365600586,25.660581588745117,29.265405654907227,26.846065521240234
1324,synthetic_systolic_hotspot_16_00224,systolic,hotspot,16,16x16,synthetic,0.3215181529521942,16.25647735595703,5.483190536499023,25.56171226501465,29.22821044921875,27.192913055419922
1325,synthetic_systolic_hotspot_16_00225,systolic,hotspot,16,16x16,synthetic,0.00908717606216669,12.449991226196289,4.55225133895874,25.318042755126953,28.612825393676758,26.820514678955078
1326,synthetic_systolic_hotspot_16_00226,systolic,hotspot,16,16x16,synthetic,0.46520814299583435,17.985891342163086,6.520218849182129,25.91107177734375,29.59453582763672,27.607702255249023
1327,synthetic_systolic_banded_16_00227,systolic,banded,16,16x16,synthetic,4.956695556640625,13.747981071472168,7.017153263092041,27.10346221923828,29.053466796875,27.806459426879883
1328,synthetic_systolic_uniform_16_00228,systolic,uniform,16,16x16,synthetic,12.738205909729004,13.93820571899414,13.537996292114258,30.200733184814453,30.535621643066406,30.414810180664062
1329,synthetic_systolic_uniform_16_00229,systolic,uniform,16,16x16,synthetic,11.096919059753418,12.567471504211426,12.005239486694336,29.56230926513672,29.925683975219727,29.801712036132812
1330,synthetic_systolic_checkerboard_16_00230,systolic,checkerboard,16,16x16,synthetic,6.542909145355225,11.270125389099121,8.51276683807373,28.189546585083008,28.771026611328125,28.40474510192871
1331,synthetic_systolic_hotspot_16_00231,systolic,hotspot,16,16x16,synthetic,1.2639738321304321,16.548009872436523,4.535693645477295,25.620885848999023,29.23590660095215,26.813861846923828
1332,synthetic_systolic_hotspot_16_00232,systolic,hotspot,16,16x16,synthetic,1.2221630811691284,16.37809181213379,4.750054359436035,25.630252838134766,29.043758392333984,26.8996524810791
1333,synthetic_systolic_hotspot_16_00233,systolic,hotspot,16,16x16,synthetic,0.7762578725814819,16.085800170898438,5.400948524475098,25.61432647705078,29.15801429748535,27.159982681274414
1334,synthetic_systolic_uniform_16_00234,systolic,uniform,16,16x16,synthetic,10.945493698120117,12.14549446105957,11.74751091003418,29.48403549194336,29.818925857543945,29.698623657226562
1335,synthetic_systolic_hotspot_16_00235,systolic,hotspot,16,16x16,synthetic,0.8285771608352661,16.28731346130371,4.278975486755371,25.461589813232422,28.973167419433594,26.711198806762695
1336,synthetic_systolic_hotspot_16_00236,systolic,hotspot,16,16x16,synthetic,0.6032536625862122,13.073548316955566,5.415927886962891,25.584918975830078,28.85508155822754,27.165992736816406
1337,synthetic_systolic_hotspot_16_00237,systolic,hotspot,16,16x16,synthetic,0.4490555226802826,16.093738555908203,5.87593936920166,25.680463790893555,29.4381160736084,27.3499755859375
1338,synthetic_systolic_uniform_16_00238,systolic,uniform,16,16x16,synthetic,10.043014526367188,11.24301528930664,10.756759643554688,29.10830307006836,29.443212509155273,29.30229377746582
1339,synthetic_systolic_uniform_16_00239,systolic,uniform,16,16x16,synthetic,13.515716552734375,14.715716361999512,14.300056457519531,30.509159088134766,30.84404945373535,30.719623565673828
1340,synthetic_systolic_checkerboard_16_00240,systolic,checkerboard,16,16x16,synthetic,7.038150310516357,12.099363327026367,9.175006866455078,28.454030990600586,29.036273956298828,28.66960906982422
1341,synthetic_systolic_checkerboard_16_00241,systolic,checkerboard,16,16x16,synthetic,6.455799102783203,13.143661499023438,9.40597915649414,28.54463768005371,29.130510330200195,28.762027740478516
1342,synthetic_systolic_uniform_16_00242,systolic,uniform,16,16x16,synthetic,13.10169792175293,14.301697731018066,13.833841323852539,30.334854125976562,30.66974449157715,30.533130645751953
1343,synthetic_systolic_wavefront_16_00243,systolic,wavefront,16,16x16,synthetic,8.879551887512207,13.918062210083008,11.188868522644043,28.965944290161133,30.178922653198242,29.475143432617188
1344,synthetic_systolic_uniform_16_00244,systolic,uniform,16,16x16,synthetic,13.798291206359863,14.998291015625,14.591527938842773,30.62368392944336,30.958566665649414,30.836223602294922
1345,synthetic_systolic_hotspot_16_00245,systolic,hotspot,16,16x16,synthetic,0.034890659153461456,13.672261238098145,4.901818752288818,25.382490158081055,28.892709732055664,26.960357666015625
1346,synthetic_systolic_wavefront_16_00246,systolic,wavefront,16,16x16,synthetic,8.440382957458496,13.447721481323242,10.73541259765625,28.78774070739746,29.99320411682129,29.293779373168945
1347,synthetic_systolic_checkerboard_16_00247,systolic,checkerboard,16,16x16,synthetic,6.655727863311768,12.29011058807373,9.079170227050781,28.415063858032227,28.998594284057617,28.63128662109375
1348,synthetic_systolic_hotspot_16_00248,systolic,hotspot,16,16x16,synthetic,0.6501296162605286,13.467219352722168,5.936385154724121,25.76609230041504,29.000486373901367,27.374160766601562
1349,synthetic_systolic_hotspot_16_00249,systolic,hotspot,16,16x16,synthetic,0.33285096287727356,16.08258628845215,4.706774711608887,25.367265701293945,29.201614379882812,26.882320404052734
1350,synthetic_standard_hotspot_32_00000,standard,hotspot,32,32x32,synthetic,0.5104509592056274,10.41065788269043,0.819832444190979,25.20405387878418,26.961870193481445,25.327713012695312
1351,synthetic_standard_uniform_32_00001,standard,uniform,32,32x32,synthetic,10.780153274536133,10.780153274536133,10.780152320861816,29.31153106689453,29.31153106689453,29.311525344848633
1352,synthetic_standard_hotspot_32_00002,standard,hotspot,32,32x32,synthetic,0.33753544092178345,11.998859405517578,1.2599644660949707,25.135908126831055,28.315345764160156,25.503742218017578
1353,synthetic_standard_checkerboard_32_00003,standard,checkerboard,32,32x32,synthetic,0.4809081256389618,10.767973899841309,5.624441146850586,27.131343841552734,27.367412567138672,27.249378204345703
1354,synthetic_standard_checkerboard_32_00004,standard,checkerboard,32,32x32,synthetic,0.8887877464294434,10.025496482849121,5.457141876220703,27.07764434814453,27.287330627441406,27.18248748779297
1355,synthetic_standard_stripes_32_00005,standard,stripes,32,32x32,synthetic,0.4988289177417755,8.153970718383789,4.565622329711914,26.206972122192383,27.832576751708984,26.82579803466797
1356,synthetic_standard_quadrant_32_00006,standard,quadrant,32,32x32,synthetic,1.0652503967285156,9.860816955566406,3.26414155960083,25.426441192626953,28.9232234954834,26.305450439453125
1357,synthetic_standard_quadrant_32_00007,standard,quadrant,32,32x32,synthetic,0.18253542482852936,10.412446022033691,2.740013360977173,25.073501586914062,29.140527725219727,26.095861434936523
1358,synthetic_standard_uniform_32_00008,standard,uniform,32,32x32,synthetic,9.862434387207031,9.862434387207031,9.862432479858398,28.944459915161133,28.944459915161133,28.944459915161133
1359,synthetic_standard_hotspot_32_00009,standard,hotspot,32,32x32,synthetic,0.48596933484077454,11.764694213867188,0.7062569856643677,25.194204330444336,26.822153091430664,25.28219223022461
1360,synthetic_standard_multihotspot_32_00010,standard,multihotspot,32,32x32,synthetic,1.8408010005950928,9.039623260498047,2.2318367958068848,25.736799240112305,27.241548538208008,25.892385482788086
1361,synthetic_standard_checkerboard_32_00011,standard,checkerboard,32,32x32,synthetic,0.48496025800704956,8.864448547363281,4.674704551696777,26.773340225219727,26.965639114379883,26.869489669799805
1362,synthetic_standard_multihotspot_32_00012,standard,multihotspot,32,32x32,synthetic,0.5733840465545654,10.788582801818848,0.8981760144233704,25.229312896728516,26.874862670898438,25.35897445678711
1363,synthetic_standard_hotspot_32_00013,standard,hotspot,32,32x32,synthetic,0.9475025534629822,10.897439956665039,1.2195709943771362,25.37879753112793,27.042381286621094,25.487506866455078
1364,synthetic_standard_uniform_32_00014,standard,uniform,32,32x32,synthetic,10.380863189697266,10.380863189697266,10.380861282348633,29.151790618896484,29.151790618896484,29.151792526245117
1365,synthetic_standard_quadrant_32_00015,standard,quadrant,32,32x32,synthetic,0.797257125377655,11.003358840942383,3.3487820625305176,25.319337844848633,29.37692642211914,26.339324951171875
1366,synthetic_standard_hotspot_32_00016,standard,hotspot,32,32x32,synthetic,0.9833912253379822,11.132352828979492,1.53841233253479,25.393394470214844,27.79708480834961,25.615108489990234
1367,synthetic_standard_stripes_32_00017,standard,stripes,32,32x32,synthetic,0.23790988326072693,10.922560691833496,5.580235481262207,26.488149642944336,27.97532844543457,27.231739044189453
1368,synthetic_standard_checkerboard_32_00018,standard,checkerboard,32,32x32,synthetic,0.24298585951328278,11.4346923828125,5.838839054107666,27.20675277709961,27.463598251342773,27.33517837524414
1369,synthetic_standard_hotspot_32_00019,standard,hotspot,32,32x32,synthetic,0.2381228655576706,10.858560562133789,0.570011556148529,25.095237731933594,27.02256202697754,25.227819442749023
1370,synthetic_standard_checkerboard_32_00020,standard,checkerboard,32,32x32,synthetic,0.009238921105861664,8.942631721496582,4.475934982299805,26.68750762939453,26.892513275146484,26.790008544921875
1371,synthetic_standard_hotspot_32_00021,standard,hotspot,32,32x32,synthetic,0.04673371464014053,9.273002624511719,0.4882251024246216,25.019168853759766,27.09825897216797,25.19503402709961
1372,synthetic_standard_uniform_32_00022,standard,uniform,32,32x32,synthetic,9.268166542053223,9.268166542053223,9.268167495727539,28.706806182861328,28.706806182861328,28.706809997558594
1373,synthetic_standard_quadrant_32_00023,standard,quadrant,32,32x32,synthetic,0.8732506036758423,9.059873580932617,2.9199066162109375,25.349653244018555,28.60433006286621,26.16779899597168
1374,synthetic_standard_checkerboard_32_00024,standard,checkerboard,32,32x32,synthetic,0.9140046834945679,11.247526168823242,6.080765724182129,27.31338882446289,27.550548553466797,27.43196678161621
1375,synthetic_standard_quadrant_32_00025,standard,quadrant,32,32x32,synthetic,0.3359015882015228,8.553701400756836,2.3903520107269287,25.134719848632812,28.40180206298828,25.95598793029785
1376,synthetic_standard_uniform_32_00026,standard,uniform,32,32x32,synthetic,9.228804588317871,9.228804588317871,9.228804588317871,28.690975189208984,28.690975189208984,28.690977096557617
1377,synthetic_standard_checkerboard_32_00027,standard,checkerboard,32,32x32,synthetic,0.189646378159523,10.53242301940918,5.361035346984863,27.025318145751953,27.262680053710938,27.144001007080078
1378,synthetic_standard_quadrant_32_00028,standard,quadrant,32,32x32,synthetic,0.15464919805526733,7.034389972686768,1.8745843172073364,25.062191009521484,27.797142028808594,25.749683380126953
1379,synthetic_standard_multihotspot_32_00029,standard,multihotspot,32,32x32,synthetic,0.7107197642326355,9.977498054504395,1.1413987874984741,25.28426742553711,26.95340347290039,25.456308364868164
1380,synthetic_standard_checkerboard_32_00030,standard,checkerboard,32,32x32,synthetic,0.7668614983558655,10.651710510253906,5.709285736083984,27.169904708862305,27.396770477294922,27.283336639404297
1381,synthetic_standard_uniform_32_00031,standard,uniform,32,32x32,synthetic,8.175433158874512,8.175433158874512,8.175432205200195,28.269641876220703,28.269641876220703,28.26964569091797
1382,synthetic_standard_hotspot_32_00032,standard,hotspot,32,32x32,synthetic,0.976169764995575,11.09609603881836,1.5987823009490967,25.390371322631836,27.901962280273438,25.63922691345215
1383,synthetic_standard_checkerboard_32_00033,standard,checkerboard,32,32x32,synthetic,0.20436570048332214,10.127115249633789,5.165740013122559,26.95205307006836,27.179777145385742,27.065914154052734
1384,synthetic_standard_multihotspot_32_00034,standard,multihotspot,32,32x32,synthetic,0.39393290877342224,10.004246711730957,0.9507395625114441,25.15803337097168,27.262659072875977,25.379989624023438
1385,synthetic_standard_stripes_32_00035,standard,stripes,32,32x32,synthetic,0.8791134357452393,9.51806640625,5.4685564041137695,26.82964324951172,27.93697166442871,27.18700408935547
1386,synthetic_standard_multihotspot_32_00036,standard,multihotspot,32,32x32,synthetic,0.8697683215141296,8.610529899597168,1.2683866024017334,25.348405838012695,26.851852416992188,25.50705337524414
1387,synthetic_standard_hotspot_32_00037,standard,hotspot,32,32x32,synthetic,0.29725685715675354,10.459951400756836,0.535444974899292,25.11881446838379,26.74129295349121,25.21399688720703
1388,synthetic_standard_quadrant_32_00038,standard,quadrant,32,32x32,synthetic,1.144485354423523,8.203714370727539,2.909292459487915,25.458005905151367,28.264503479003906,26.163488388061523
1389,synthetic_standard_uniform_32_00039,standard,uniform,32,32x32,synthetic,9.264930725097656,9.264930725097656,9.264930725097656,28.70547103881836,28.70547103881836,28.705472946166992
1390,synthetic_standard_hotspot_32_00040,standard,hotspot,32,32x32,synthetic,1.4983372688293457,8.983139038085938,1.7541651725769043,25.599056243896484,27.05521011352539,25.70133399963379
1391,synthetic_standard_uniform_32_00041,standard,uniform,32,32x32,synthetic,11.920978546142578,11.920978546142578,11.920976638793945,29.767864227294922,29.767864227294922,29.767860412597656
1392,synthetic_standard_checkerboard_32_00042,standard,checkerboard,32,32x32,synthetic,0.5585640668869019,9.68675422668457,5.122658729553223,26.943944931030273,27.15343475341797,27.048690795898438
1393,synthetic_standard_uniform_32_00043,standard,uniform,32,32x32,synthetic,11.267280578613281,11.267280578613281,11.267278671264648,29.506366729736328,29.506366729736328,29.506370544433594
1394,synthetic_standard_checkerboard_32_00044,standard,checkerboard,32,32x32,synthetic,0.549633800983429,10.1970796585083,5.373356819152832,27.038259506225586,27.25967025756836,27.148963928222656
1395,synthetic_standard_multihotspot_32_00045,standard,multihotspot,32,32x32,synthetic,0.11097197234630585,7.8430938720703125,0.4550724923610687,25.045066833496094,26.311107635498047,25.181686401367188
1396,synthetic_standard_multihotspot_32_00046,standard,multihotspot,32,32x32,synthetic,0.7149763703346252,8.718229293823242,1.0210216045379639,25.28606605529785,26.598417282104492,25.408077239990234
1397,synthetic_standard_quadrant_32_00047,standard,quadrant,32,32x32,synthetic,0.3349838852882385,9.43988037109375,2.611207962036133,25.134395599365234,28.75417709350586,26.0443172454834
1398,synthetic_standard_checkerboard_32_00048,standard,checkerboard,32,32x32,synthetic,0.17446213960647583,10.869242668151855,5.521851539611816,27.085670471191406,27.33111000061035,27.208389282226562
1399,synthetic_standard_hotspot_32_00049,standard,hotspot,32,32x32,synthetic,0.0773693174123764,9.666804313659668,0.4144979417324066,25.030948638916016,27.140661239624023,25.165733337402344
1400,synthetic_standard_stripes_32_00050,standard,stripes,32,32x32,synthetic,0.416313499212265,10.749441146850586,5.905787467956543,26.52654457092285,28.72083854675293,27.361854553222656
1401,synthetic_standard_hotspot_32_00051,standard,hotspot,32,32x32,synthetic,0.5155009627342224,11.035456657409668,0.8237026929855347,25.2060604095459,27.113849639892578,25.329212188720703
1402,synthetic_standard_hotspot_32_00052,standard,hotspot,32,32x32,synthetic,0.9651933312416077,10.757521629333496,1.5676512718200684,25.385929107666016,28.37906837463379,25.626811981201172
1403,synthetic_standard_hotspot_32_00053,standard,hotspot,32,32x32,synthetic,0.03420037031173706,9.178224563598633,0.7575069665908813,25.01405906677246,27.507524490356445,25.302734375
1404,synthetic_standard_hotspot_32_00054,standard,hotspot,32,32x32,synthetic,0.4321230947971344,8.658824920654297,0.8820209503173828,25.173240661621094,27.117048263549805,25.35245132446289
1405,synthetic_standard_uniform_32_00055,standard,uniform,32,32x32,synthetic,10.448599815368652,10.448599815368652,10.448598861694336,29.178970336914062,29.178970336914062,29.17896270751953
1406,synthetic_standard_stripes_32_00056,standard,stripes,32,32x32,synthetic,0.9360474944114685,7.466814994812012,4.201430797576904,26.225685119628906,27.13467788696289,26.680179595947266
1407,synthetic_standard_multihotspot_32_00057,standard,multihotspot,32,32x32,synthetic,1.5334031581878662,8.53416919708252,1.8525002002716064,25.61492156982422,26.719255447387695,25.740659713745117
1408,synthetic_standard_hotspot_32_00058,standard,hotspot,32,32x32,synthetic,0.6592226624488831,8.16744613647461,0.8645256757736206,25.26348304748535,26.517229080200195,25.34552001953125
1409,synthetic_standard_quadrant_32_00059,standard,quadrant,32,32x32,synthetic,0.4494703412055969,7.875926971435547,2.306084632873535,25.180082321166992,28.132530212402344,25.92224884033203
1410,synthetic_standard_checkerboard_32_00060,standard,checkerboard,32,32x32,synthetic,0.8745055794715881,9.911008834838867,5.392757415771484,27.05304718017578,27.260425567626953,27.156734466552734
1411,synthetic_standard_hotspot_32_00061,standard,hotspot,32,32x32,synthetic,0.05982840433716774,8.22156810760498,0.41849860548973083,25.023962020874023,26.746524810791016,25.1672306060791
1412,synthetic_standard_multihotspot_32_00062,standard,multihotspot,32,32x32,synthetic,1.125915765762329,11.174721717834473,1.6383376121520996,25.451818466186523,27.01405143737793,25.654953002929688
1413,synthetic_standard_quadrant_32_00063,standard,quadrant,32,32x32,synthetic,0.4152049422264099,10.292166709899902,2.8844454288482666,25.16646385192871,29.093229293823242,26.153564453125
1414,synthetic_standard_hotspot_32_00064,standard,hotspot,32,32x32,synthetic,0.09414491802453995,8.869327545166016,0.29981327056884766,25.03762435913086,26.95395278930664,25.119766235351562
1415,synthetic_standard_hotspot_32_00065,standard,hotspot,32,32x32,synthetic,0.4526539444923401,9.820920944213867,0.864345371723175,25.181013107299805,27.812610626220703,25.345548629760742
1416,synthetic_standard_uniform_32_00066,standard,uniform,32,32x32,synthetic,9.660429954528809,9.660429954528809,9.660429954528809,28.863683700561523,28.863683700561523,28.863679885864258
1417,synthetic_standard_multihotspot_32_00067,standard,multihotspot,32,32x32,synthetic,1.4669816493988037,8.831860542297363,1.7947883605957031,25.586883544921875,26.81524085998535,25.717565536499023
1418,synthetic_standard_stripes_32_00068,standard,stripes,32,32x32,synthetic,0.04685702174901962,7.697566986083984,4.111296653747559,26.025693893432617,27.650331497192383,26.644145965576172
1419,synthetic_standard_checkerboard_32_00069,standard,checkerboard,32,32x32,synthetic,0.5042102932929993,8.017130851745605,4.260671138763428,26.6176815032959,26.790098190307617,26.703887939453125
1420,synthetic_standard_hotspot_32_00070,standard,hotspot,32,32x32,synthetic,0.5773686766624451,10.631567001342773,0.8522882461547852,25.2308406829834,27.60934066772461,25.34073257446289
1421,synthetic_standard_uniform_32_00071,standard,uniform,32,32x32,synthetic,11.464681625366211,11.464681625366211,11.464680671691895,29.585330963134766,29.585330963134766,29.585329055786133
1422,synthetic_standard_uniform_32_00072,standard,uniform,32,32x32,synthetic,10.12190055847168,10.12190055847168,10.121901512145996,29.048213958740234,29.048213958740234,29.048215866088867
1423,synthetic_standard_quadrant_32_00073,standard,quadrant,32,32x32,synthetic,0.8587343692779541,10.042083740234375,3.154571533203125,25.343887329101562,28.994890213012695,26.26166534423828
1424,synthetic_standard_multihotspot_32_00074,standard,multihotspot,32,32x32,synthetic,0.24481768906116486,10.374635696411133,0.5927212834358215,25.09796714782715,26.83525276184082,25.236915588378906
1425,synthetic_standard_hotspot_32_00075,standard,hotspot,32,32x32,synthetic,0.258236825466156,9.029218673706055,0.6436803340911865,25.103515625,26.937170028686523,25.25717544555664
1426,synthetic_standard_uniform_32_00076,standard,uniform,32,32x32,synthetic,8.078875541687012,8.078875541687012,8.078874588012695,28.23101043701172,28.23101043701172,28.231016159057617
1427,synthetic_standard_uniform_32_00077,standard,uniform,32,32x32,synthetic,11.719537734985352,11.719537734985352,11.719538688659668,29.687278747558594,29.687278747558594,29.687284469604492
1428,synthetic_standard_uniform_32_00078,standard,uniform,32,32x32,synthetic,8.292722702026367,8.292722702026367,8.292723655700684,28.31656265258789,28.31656265258789,28.316560745239258
1429,synthetic_standard_hotspot_32_00079,standard,hotspot,32,32x32,synthetic,1.4440407752990723,8.980401039123535,1.9739409685134888,25.577775955200195,27.537065505981445,25.789283752441406
1430,synthetic_standard_hotspot_32_00080,standard,hotspot,32,32x32,synthetic,0.05679917335510254,9.500454902648926,0.3334687650203705,25.02265167236328,26.888944625854492,25.133256912231445
1431,synthetic_standard_uniform_32_00081,standard,uniform,32,32x32,synthetic,10.243446350097656,10.243446350097656,10.243444442749023,29.096858978271484,29.096858978271484,29.096860885620117
1432,synthetic_standard_uniform_32_00082,standard,uniform,32,32x32,synthetic,8.411725044250488,8.411725044250488,8.411725997924805,28.36414337158203,28.36414337158203,28.364137649536133
1433,synthetic_standard_hotspot_32_00083,standard,hotspot,32,32x32,synthetic,0.2064521759748459,9.769129753112793,0.355868935585022,25.08246612548828,26.292699813842773,25.142120361328125
1434,synthetic_standard_checkerboard_32_00084,standard,checkerboard,32,32x32,synthetic,0.9154383540153503,11.200993537902832,6.058216094970703,27.304903030395508,27.540943145751953,27.422924041748047
1435,synthetic_standard_hotspot_32_00085,standard,hotspot,32,32x32,synthetic,1.068721890449524,9.62010669708252,1.477919101715088,25.4273738861084,27.365955352783203,25.590917587280273
1436,synthetic_standard_uniform_32_00086,standard,uniform,32,32x32,synthetic,9.750447273254395,9.750447273254395,9.750447273254395,28.899639129638672,28.899639129638672,28.899635314941406
1437,synthetic_standard_hotspot_32_00087,standard,hotspot,32,32x32,synthetic,0.43991023302078247,8.554830551147461,0.5984048843383789,25.17577362060547,26.413599014282227,25.23910903930664
1438,synthetic_standard_hotspot_32_00088,standard,hotspot,32,32x32,synthetic,0.7640848159790039,10.61225414276123,1.052605390548706,25.305471420288086,27.133235931396484,25.420764923095703
1439,synthetic_standard_stripes_32_00089,standard,stripes,32,32x32,synthetic,0.4793046712875366,7.248556613922119,4.075469970703125,26.34980583190918,27.21746826171875,26.629817962646484
1440,synthetic_standard_stripes_32_00090,standard,stripes,32,32x32,synthetic,0.7517263293266296,10.503266334533691,5.627496242523193,26.039979934692383,28.461366653442383,27.250675201416016
1441,synthetic_standard_hotspot_32_00091,standard,hotspot,32,32x32,synthetic,0.2910000681877136,9.70654010772705,0.8702764511108398,25.116783142089844,27.444664001464844,25.347881317138672
1442,synthetic_standard_uniform_32_00092,standard,uniform,32,32x32,synthetic,11.542652130126953,11.542652130126953,11.54265022277832,29.61651611328125,29.61651611328125,29.61651611328125
1443,synthetic_standard_hotspot_32_00093,standard,hotspot,32,32x32,synthetic,0.49182137846946716,8.198955535888672,1.1014677286148071,25.196697235107422,27.413467407226562,25.44042205810547
1444,synthetic_standard_hotspot_32_00094,standard,hotspot,32,32x32,synthetic,1.312862753868103,11.825359344482422,1.887764811515808,25.52505874633789,28.071348190307617,25.75491714477539
1445,synthetic_standard_hotspot_32_00095,standard,hotspot,32,32x32,synthetic,0.8660085201263428,11.02587604522705,1.5803743600845337,25.34633445739746,28.003889083862305,25.63188362121582
1446,synthetic_standard_multihotspot_32_00096,standard,multihotspot,32,32x32,synthetic,1.9151848554611206,8.51331615447998,2.33785080909729,25.765979766845703,27.268390655517578,25.934803009033203
1447,synthetic_standard_hotspot_32_00097,standard,hotspot,32,32x32,synthetic,0.9126755595207214,9.228525161743164,1.237513542175293,25.365245819091797,27.03225326538086,25.49464988708496
1448,synthetic_standard_stripes_32_00098,standard,stripes,32,32x32,synthetic,0.66816645860672,10.049607276916504,5.35888671875,25.97838592529297,28.30788230895996,27.143131256103516
1449,synthetic_standard_quadrant_32_00099,standard,quadrant,32,32x32,synthetic,0.3621150851249695,8.311455726623535,2.349449872970581,25.145198822021484,28.305519104003906,25.939624786376953
1450,synthetic_standard_hotspot_32_00100,standard,hotspot,32,32x32,synthetic,1.0889424085617065,10.453436851501465,1.3450026512145996,25.43532371520996,26.9986572265625,25.53765106201172
1451,synthetic_standard_multihotspot_32_00101,standard,multihotspot,32,32x32,synthetic,1.9973909854888916,9.127077102661133,2.2871971130371094,25.79872703552246,27.48016357421875,25.91460418701172
1452,synthetic_standard_multihotspot_32_00102,standard,multihotspot,32,32x32,synthetic,0.6900559663772583,9.034429550170898,1.1942243576049805,25.276273727416992,27.024015426635742,25.477394104003906
1453,synthetic_standard_multihotspot_32_00103,standard,multihotspot,32,32x32,synthetic,1.7276499271392822,10.011374473571777,1.8889213800430298,25.690895080566406,26.63873863220215,25.75518226623535
1454,synthetic_standard_checkerboard_32_00104,standard,checkerboard,32,32x32,synthetic,0.742569088935852,11.063363075256348,5.902966022491455,27.242401123046875,27.479267120361328,27.3608341217041
1455,synthetic_standard_checkerboard_32_00105,standard,checkerboard,32,32x32,synthetic,0.35781002044677734,8.643305778503418,4.500558376312256,26.70479393005371,26.894947052001953,26.799869537353516
1456,synthetic_standard_stripes_32_00106,standard,stripes,32,32x32,synthetic,0.6950634121894836,9.66341495513916,5.459500312805176,26.81236457824707,27.961889266967773,27.1833438873291
1457,synthetic_standard_checkerboard_32_00107,standard,checkerboard,32,32x32,synthetic,0.04233945161104202,9.358735084533691,4.70053768157959,26.77294158935547,26.986743927001953,26.879844665527344
1458,synthetic_standard_stripes_32_00108,standard,stripes,32,32x32,synthetic,0.5824297070503235,8.192489624023438,4.625273704528809,26.534934997558594,27.510356903076172,26.8497314453125
1459,synthetic_standard_multihotspot_32_00109,standard,multihotspot,32,32x32,synthetic,1.497475028038025,10.765789985656738,1.9695378541946411,25.60021209716797,27.38327980041504,25.78746795654297
1460,synthetic_standard_quadrant_32_00110,standard,quadrant,32,32x32,synthetic,1.3924607038497925,9.978187561035156,3.5388925075531006,25.557266235351562,28.970748901367188,26.415334701538086
1461,synthetic_standard_hotspot_32_00111,standard,hotspot,32,32x32,synthetic,1.2286182641983032,9.454936027526855,1.566025972366333,25.49123191833496,27.751998901367188,25.626140594482422
1462,synthetic_standard_uniform_32_00112,standard,uniform,32,32x32,synthetic,11.600743293762207,11.600743293762207,11.600743293762207,29.63978385925293,29.63978385925293,29.63977813720703
1463,synthetic_standard_quadrant_32_00113,standard,quadrant,32,32x32,synthetic,1.427748680114746,9.139254570007324,3.3556251525878906,25.571321487426758,28.63718605041504,26.34200668334961
1464,synthetic_standard_stripes_32_00114,standard,stripes,32,32x32,synthetic,0.3156968951225281,7.581350803375244,4.1755757331848145,26.369247436523438,27.300521850585938,26.669795989990234
1465,synthetic_standard_uniform_32_00115,standard,uniform,32,32x32,synthetic,10.38934326171875,10.38934326171875,10.38934326171875,29.155223846435547,29.155223846435547,29.15522003173828
1466,synthetic_standard_multihotspot_32_00116,standard,multihotspot,32,32x32,synthetic,1.3635786771774292,11.145191192626953,1.8000214099884033,25.54564666748047,27.000728607177734,25.71965789794922
1467,synthetic_standard_stripes_32_00117,standard,stripes,32,32x32,synthetic,0.18894575536251068,7.951945781707764,4.0704450607299805,26.087488174438477,27.167991638183594,26.627742767333984
1468,synthetic_standard_uniform_32_00118,standard,uniform,32,32x32,synthetic,8.763043403625488,8.763043403625488,8.763044357299805,28.504714965820312,28.504714965820312,28.50470733642578
1469,synthetic_standard_hotspot_32_00119,standard,hotspot,32,32x32,synthetic,0.8428167700767517,11.720727920532227,1.352718710899353,25.337024688720703,27.733579635620117,25.540800094604492
1470,synthetic_standard_hotspot_32_00120,standard,hotspot,32,32x32,synthetic,0.6174664497375488,9.734939575195312,1.0181365013122559,25.246950149536133,27.15415382385254,25.40699005126953
1471,synthetic_standard_multihotspot_32_00121,standard,multihotspot,32,32x32,synthetic,0.08167119324207306,10.409083366394043,0.33269739151000977,25.032915115356445,26.34294891357422,25.13286018371582
1472,synthetic_standard_checkerboard_32_00122,standard,checkerboard,32,32x32,synthetic,0.2265055775642395,8.653666496276855,4.440086364746094,26.6789493560791,26.872337341308594,26.775646209716797
1473,synthetic_standard_stripes_32_00123,standard,stripes,32,32x32,synthetic,0.26764872670173645,10.098810195922852,5.183229446411133,25.85234260559082,28.293411254882812,27.0728759765625
1474,synthetic_standard_checkerboard_32_00124,standard,checkerboard,32,32x32,synthetic,0.46854501962661743,10.909234046936035,5.688889026641846,27.15537452697754,27.394977569580078,27.275177001953125
1475,synthetic_standard_uniform_32_00125,standard,uniform,32,32x32,synthetic,11.83976936340332,11.83976936340332,11.839768409729004,29.735435485839844,29.735435485839844,29.735441207885742
1476,synthetic_standard_uniform_32_00126,standard,uniform,32,32x32,synthetic,9.413627624511719,9.413627624511719,9.413627624511719,28.76498031616211,28.76498031616211,28.764982223510742
1477,synthetic_standard_hotspot_32_00127,standard,hotspot,32,32x32,synthetic,1.1781660318374634,9.957719802856445,1.3496415615081787,25.47105598449707,27.219758987426758,25.53961181640625
1478,synthetic_standard_multihotspot_32_00128,standard,multihotspot,32,32x32,synthetic,1.9012978076934814,11.086947441101074,2.399083137512207,25.76058006286621,27.836505889892578,25.9593563079834
1479,synthetic_standard_hotspot_32_00129,standard,hotspot,32,32x32,synthetic,0.13777202367782593,10.926691055297852,0.654038667678833,25.05523681640625,27.499502182006836,25.26141929626465
1480,synthetic_standard_quadrant_32_00130,standard,quadrant,32,32x32,synthetic,0.23331870138645172,7.6458210945129395,2.086444139480591,25.09368324279785,28.040523529052734,25.834442138671875
1481,synthetic_standard_stripes_32_00131,standard,stripes,32,32x32,synthetic,0.8187018036842346,9.955038070678711,5.6723809242248535,26.529991149902344,28.470123291015625,27.268543243408203
1482,synthetic_standard_checkerboard_32_00132,standard,checkerboard,32,32x32,synthetic,0.35204052925109863,11.306594848632812,5.829317569732666,27.20566749572754,27.457056045532227,27.331361770629883
1483,synthetic_standard_hotspot_32_00133,standard,hotspot,32,32x32,synthetic,0.008775033988058567,9.782400131225586,0.27602261304855347,25.003664016723633,26.62900161743164,25.110231399536133
1484,synthetic_standard_uniform_32_00134,standard,uniform,32,32x32,synthetic,11.72662353515625,11.72662353515625,11.72662353515625,29.690139770507812,29.690139770507812,29.69013214111328
1485,synthetic_standard_hotspot_32_00135,standard,hotspot,32,32x32,synthetic,0.9689213633537292,8.712984085083008,1.1957982778549194,25.387361526489258,26.92925453186035,25.478065490722656
1486,synthetic_standard_multihotspot_32_00136,standard,multihotspot,32,32x32,synthetic,0.2213897705078125,11.048846244812012,0.668697714805603,25.088563919067383,27.07788848876953,25.267330169677734
1487,synthetic_standard_hotspot_32_00137,standard,hotspot,32,32x32,synthetic,0.9488568305969238,8.386502265930176,1.1522297859191895,25.37933921813965,26.807798385620117,25.46062469482422
1488,synthetic_standard_checkerboard_32_00138,standard,checkerboard,32,32x32,synthetic,0.12829142808914185,10.731578826904297,5.429934978485107,27.049959182739258,27.29329490661621,27.1716251373291
1489,synthetic_standard_checkerboard_32_00139,standard,checkerboard,32,32x32,synthetic,0.5730961561203003,9.80379867553711,5.188447952270508,26.969104766845703,27.180932998657227,27.07501983642578
1490,synthetic_standard_quadrant_32_00140,standard,quadrant,32,32x32,synthetic,0.03888934105634689,7.001572132110596,1.7795600891113281,25.01584815979004,27.78390121459961,25.711668014526367
1491,synthetic_standard_hotspot_32_00141,standard,hotspot,32,32x32,synthetic,1.3688738346099854,11.535348892211914,1.8454272747039795,25.54734230041504,27.82337188720703,25.737876892089844
1492,synthetic_standard_hotspot_32_00142,standard,hotspot,32,32x32,synthetic,0.4689165949821472,10.983540534973145,0.838571310043335,25.187490463256836,27.10928726196289,25.335208892822266
1493,synthetic_standard_checkerboard_32_00143,standard,checkerboard,32,32x32,synthetic,0.25050902366638184,11.441719055175781,5.846114158630371,27.209680557250977,27.466503143310547,27.338092803955078
1494,synthetic_standard_quadrant_32_00144,standard,quadrant,32,32x32,synthetic,0.459389328956604,7.117640495300293,2.1239521503448486,25.184040069580078,27.831039428710938,25.84942054748535
1495,synthetic_standard_checkerboard_32_00145,standard,checkerboard,32,32x32,synthetic,0.5068269371986389,8.684820175170898,4.595824241638184,26.74413299560547,26.931819915771484,26.83797836303711
1496,synthetic_standard_uniform_32_00146,standard,uniform,32,32x32,synthetic,10.504195213317871,10.504195213317871,10.504195213317871,29.201183319091797,29.201183319091797,29.20117950439453
1497,synthetic_standard_quadrant_32_00147,standard,quadrant,32,32x32,synthetic,0.5437783002853394,7.842463493347168,2.3684496879577637,25.217830657958984,28.11943817138672,25.94721031188965
1498,synthetic_standard_stripes_32_00148,standard,stripes,32,32x32,synthetic,0.5914876461029053,7.4045729637146,3.998029947280884,25.752960205078125,27.44466209411621,26.59880828857422
1499,synthetic_standard_hotspot_32_00149,standard,hotspot,32,32x32,synthetic,0.16524089872837067,9.308448791503906,0.4777529239654541,25.066043853759766,27.165496826171875,25.19091796875
1500,synthetic_standard_checkerboard_32_00150,standard,checkerboard,32,32x32,synthetic,0.5701930522918701,8.582330703735352,4.576261520385742,26.73821258544922,26.922088623046875,26.830150604248047
1501,synthetic_standard_hotspot_32_00151,standard,hotspot,32,32x32,synthetic,0.644135057926178,8.998229026794434,0.8888838887214661,25.257505416870117,26.872156143188477,25.35531997680664
1502,synthetic_standard_quadrant_32_00152,standard,quadrant,32,32x32,synthetic,0.4595193564891815,7.9908952713012695,2.342363119125366,25.1840877532959,28.17823600769043,25.93673324584961
1503,synthetic_standard_quadrant_32_00153,standard,quadrant,32,32x32,synthetic,1.2158409357070923,8.71568775177002,3.0908026695251465,25.48664093017578,28.468236923217773,26.236141204833984
1504,synthetic_standard_hotspot_32_00154,standard,hotspot,32,32x32,synthetic,1.2594174146652222,9.387009620666504,1.6880208253860474,25.50374984741211,27.360355377197266,25.674848556518555
1505,synthetic_standard_multihotspot_32_00155,standard,multihotspot,32,32x32,synthetic,0.7387804388999939,9.992162704467773,1.03812837600708,25.295373916625977,26.953449249267578,25.41499900817871
1506,synthetic_standard_checkerboard_32_00156,standard,checkerboard,32,32x32,synthetic,0.6216683983802795,11.88630485534668,6.2539873123168945,27.37194061279297,27.63047218322754,27.501209259033203
1507,synthetic_standard_multihotspot_32_00157,standard,multihotspot,32,32x32,synthetic,0.9095855355262756,8.43930721282959,1.275869607925415,25.363826751708984,26.952285766601562,25.51004409790039
1508,synthetic_standard_checkerboard_32_00158,standard,checkerboard,32,32x32,synthetic,0.670364499092102,9.331530570983887,5.00094747543335,26.90062141418457,27.099388122558594,27.000003814697266
1509,synthetic_standard_uniform_32_00159,standard,uniform,32,32x32,synthetic,11.71774959564209,11.71774959564209,11.717747688293457,29.68661117553711,29.68661117553711,29.686613082885742
1510,synthetic_standard_hotspot_32_00160,standard,hotspot,32,32x32,synthetic,0.26202601194381714,8.404797554016113,0.9061320424079895,25.104787826538086,27.428245544433594,25.36227035522461
1511,synthetic_standard_multihotspot_32_00161,standard,multihotspot,32,32x32,synthetic,0.3123304545879364,7.970508575439453,0.5811089277267456,25.12495231628418,26.35845375061035,25.23223114013672
1512,synthetic_standard_checkerboard_32_00162,standard,checkerboard,32,32x32,synthetic,0.9822308421134949,8.512649536132812,4.747440338134766,26.812231063842773,26.98505401611328,26.898639678955078
1513,synthetic_standard_multihotspot_32_00163,standard,multihotspot,32,32x32,synthetic,1.7013812065124512,10.76069164276123,2.164865493774414,25.680500030517578,27.590557098388672,25.86560821533203
1514,synthetic_standard_quadrant_32_00164,standard,quadrant,32,32x32,synthetic,0.8529897332191467,8.473105430603027,2.7580184936523438,25.341514587402344,28.370943069458008,26.10303497314453
1515,synthetic_standard_hotspot_32_00165,standard,hotspot,32,32x32,synthetic,0.6400946974754333,10.454854965209961,1.1768394708633423,25.256221771240234,27.5764217376709,25.470457077026367
1516,synthetic_standard_uniform_32_00166,standard,uniform,32,32x32,synthetic,10.279359817504883,10.279359817504883,10.279358863830566,29.111255645751953,29.111255645751953,29.11125946044922
1517,synthetic_standard_multihotspot_32_00167,standard,multihotspot,32,32x32,synthetic,1.8305225372314453,9.658282279968262,2.051213502883911,25.732364654541016,26.722373962402344,25.820133209228516
1518,synthetic_standard_quadrant_32_00168,standard,quadrant,32,32x32,synthetic,0.822089433670044,9.782777786254883,3.0622613430023193,25.329181671142578,28.891633987426758,26.224700927734375
1519,synthetic_standard_hotspot_32_00169,standard,hotspot,32,32x32,synthetic,1.0635654926300049,9.716607093811035,1.3001720905303955,25.425207138061523,27.087011337280273,25.5197696685791
1520,synthetic_standard_checkerboard_32_00170,standard,checkerboard,32,32x32,synthetic,0.6271259784698486,10.606821060180664,5.616972923278809,27.131872177124023,27.360904693603516,27.246387481689453
1521,synthetic_standard_checkerboard_32_00171,standard,checkerboard,32,32x32,synthetic,0.8356332778930664,9.761809349060059,5.2987213134765625,27.01668357849121,27.221527099609375,27.11910629272461
1522,synthetic_standard_multihotspot_32_00172,standard,multihotspot,32,32x32,synthetic,0.1374766081571579,10.072819709777832,0.7577245831489563,25.05516242980957,27.753828048706055,25.302967071533203
1523,synthetic_standard_multihotspot_32_00173,standard,multihotspot,32,32x32,synthetic,1.5374600887298584,7.898858547210693,1.8898303508758545,25.614822387695312,27.09979248046875,25.755645751953125
1524,synthetic_standard_uniform_32_00174,standard,uniform,32,32x32,synthetic,10.674778938293457,10.674778938293457,10.674778938293457,29.269378662109375,29.269378662109375,29.269378662109375
1525,synthetic_standard_checkerboard_32_00175,standard,checkerboard,32,32x32,synthetic,0.048108529299497604,10.845623016357422,5.446866035461426,27.054502487182617,27.302289962768555,27.178394317626953
1526,synthetic_standard_hotspot_32_00176,standard,hotspot,32,32x32,synthetic,1.195457100868225,9.565794944763184,1.4243335723876953,25.47793960571289,26.943723678588867,25.569438934326172
1527,synthetic_standard_multihotspot_32_00177,standard,multihotspot,32,32x32,synthetic,0.4550977349281311,9.902033805847168,0.9683429598808289,25.1822452545166,27.205759048461914,25.387104034423828
1528,synthetic_standard_hotspot_32_00178,standard,hotspot,32,32x32,synthetic,0.4331115484237671,9.441527366638184,0.9081648588180542,25.17323875427246,27.23750114440918,25.363059997558594
1529,synthetic_standard_stripes_32_00179,standard,stripes,32,32x32,synthetic,0.13326114416122437,9.986899375915527,5.060079574584961,25.800294876098633,28.24697494506836,27.023635864257812
1530,synthetic_standard_uniform_32_00180,standard,uniform,32,32x32,synthetic,10.113469123840332,10.113469123840332,10.113469123840332,29.044876098632812,29.044876098632812,29.04486846923828
1531,synthetic_standard_uniform_32_00181,standard,uniform,32,32x32,synthetic,8.839736938476562,8.839736938476562,8.839736938476562,28.535430908203125,28.535430908203125,28.535430908203125
1532,synthetic_standard_multihotspot_32_00182,standard,multihotspot,32,32x32,synthetic,0.514284074306488,11.459441184997559,1.01211678981781,25.205659866333008,27.298919677734375,25.40460205078125
1533,synthetic_standard_hotspot_32_00183,standard,hotspot,32,32x32,synthetic,1.355686068534851,10.06356143951416,1.7128450870513916,25.542051315307617,27.759695053100586,25.68485450744629
1534,synthetic_standard_stripes_32_00184,standard,stripes,32,32x32,synthetic,0.37004977464675903,10.47032642364502,5.420187950134277,25.913732528686523,28.42171287536621,27.167724609375
1535,synthetic_standard_uniform_32_00185,standard,uniform,32,32x32,synthetic,10.336193084716797,10.336193084716797,10.33619499206543,29.13395881652832,29.13395881652832,29.13396453857422
1536,synthetic_standard_hotspot_32_00186,standard,hotspot,32,32x32,synthetic,0.1047578901052475,8.060760498046875,0.43107831478118896,25.041820526123047,27.055618286132812,25.17226791381836
1537,synthetic_standard_quadrant_32_00187,standard,quadrant,32,32x32,synthetic,0.8184612989425659,7.527827262878418,2.495803117752075,25.327640533447266,27.99496078491211,25.99813461303711
1538,synthetic_standard_hotspot_32_00188,standard,hotspot,32,32x32,synthetic,1.1242164373397827,11.4224214553833,1.3253531455993652,25.449399948120117,26.962696075439453,25.52980613708496
1539,synthetic_standard_quadrant_32_00189,standard,quadrant,32,32x32,synthetic,1.2811331748962402,7.268576622009277,2.777994155883789,25.512584686279297,27.89298439025879,26.11095428466797
1540,synthetic_standard_uniform_32_00190,standard,uniform,32,32x32,synthetic,8.253134727478027,8.253134727478027,8.253134727478027,28.300724029541016,28.300724029541016,28.300722122192383
1541,synthetic_standard_stripes_32_00191,standard,stripes,32,32x32,synthetic,0.536310613155365,8.658191680908203,4.851059913635254,26.283464431762695,28.008211135864258,26.940032958984375
1542,synthetic_standard_stripes_32_00192,standard,stripes,32,32x32,synthetic,0.057623472064733505,9.464348793029785,4.760986804962158,25.736169815063477,28.071842193603516,26.90400505065918
1543,synthetic_standard_hotspot_32_00193,standard,hotspot,32,32x32,synthetic,1.0290712118148804,11.932022094726562,1.6253262758255005,25.411510467529297,28.05307960510254,25.64983367919922
1544,synthetic_standard_stripes_32_00194,standard,stripes,32,32x32,synthetic,0.9967566728591919,7.393357276916504,4.394950866699219,26.240530014038086,27.598861694335938,26.757610321044922
1545,synthetic_standard_stripes_32_00195,standard,stripes,32,32x32,synthetic,0.06435427814722061,7.274240493774414,3.6692967414855957,25.572250366210938,27.362430572509766,26.46734046936035
1546,synthetic_standard_stripes_32_00196,standard,stripes,32,32x32,synthetic,0.8815631866455078,9.60205364227295,5.5143232345581055,26.500436782836914,28.352262496948242,27.20537567138672
1547,synthetic_standard_quadrant_32_00197,standard,quadrant,32,32x32,synthetic,0.4480852782726288,8.377553939819336,2.430452823638916,25.179529190063477,28.331995010375977,25.971981048583984
1548,synthetic_standard_quadrant_32_00198,standard,quadrant,32,32x32,synthetic,1.0212339162826538,11.478360176086426,3.6355152130126953,25.408889770507812,29.56640625,26.453996658325195
1549,synthetic_standard_quadrant_32_00199,standard,quadrant,32,32x32,synthetic,0.9191132187843323,10.34017562866211,3.274378776550293,25.368026733398438,29.11355209350586,26.30956268310547
1550,synthetic_standard_quadrant_32_00200,standard,quadrant,32,32x32,synthetic,0.5711294412612915,10.597874641418457,3.0778157711029053,25.22883415222168,29.215208053588867,26.230915069580078
1551,synthetic_standard_stripes_32_00201,standard,stripes,32,32x32,synthetic,0.8969427943229675,9.720243453979492,5.30859375,26.027618408203125,28.218521118164062,27.123069763183594
1552,synthetic_standard_checkerboard_32_00202,standard,checkerboard,32,32x32,synthetic,0.9686504602432251,11.815913200378418,6.392281532287598,27.432090759277344,27.681032180786133,27.556560516357422
1553,synthetic_standard_quadrant_32_00203,standard,quadrant,32,32x32,synthetic,0.05519910156726837,8.912240982055664,2.2694592475891113,25.022525787353516,28.543691635131836,25.907657623291016
1554,synthetic_standard_stripes_32_00204,standard,stripes,32,32x32,synthetic,0.7528858184814453,7.343635559082031,4.048260688781738,25.800687789916992,27.437150955200195,26.618921279907227
1555,synthetic_standard_uniform_32_00205,standard,uniform,32,32x32,synthetic,9.972837448120117,9.972837448120117,9.972838401794434,28.988616943359375,28.988616943359375,28.988616943359375
1556,synthetic_standard_checkerboard_32_00206,standard,checkerboard,32,32x32,synthetic,0.08001942187547684,8.212644577026367,4.146332740783691,26.564857482910156,26.751495361328125,26.65817642211914
1557,synthetic_standard_quadrant_32_00207,standard,quadrant,32,32x32,synthetic,1.1169689893722534,11.659119606018066,3.7525064945220947,25.447227478027344,29.638492584228516,26.500818252563477
1558,synthetic_standard_hotspot_32_00208,standard,hotspot,32,32x32,synthetic,0.9244606494903564,9.433629035949707,1.27346932888031,25.36958885192871,27.15421485900879,25.509056091308594
1559,synthetic_standard_stripes_32_00209,standard,stripes,32,32x32,synthetic,0.8758445978164673,7.971203804016113,4.645254135131836,26.284175872802734,27.790889739990234,26.857738494873047
1560,synthetic_standard_checkerboard_32_00210,standard,checkerboard,32,32x32,synthetic,0.7078253030776978,8.150223731994629,4.4290242195129395,26.68587303161621,26.85667610168457,26.77127456665039
1561,synthetic_standard_hotspot_32_00211,standard,hotspot,32,32x32,synthetic,0.131434366106987,10.895709037780762,0.5729377865791321,25.05250358581543,27.829471588134766,25.229026794433594
1562,synthetic_standard_hotspot_32_00212,standard,hotspot,32,32x32,synthetic,0.3653528392314911,11.464235305786133,0.7555478811264038,25.146045684814453,27.162023544311523,25.301969528198242
1563,synthetic_standard_stripes_32_00213,standard,stripes,32,32x32,synthetic,0.8117740750312805,8.852106094360352,5.083199977874756,26.382896423339844,28.09027671813965,27.032848358154297
1564,synthetic_standard_multihotspot_32_00214,standard,multihotspot,32,32x32,synthetic,0.264902800321579,9.596880912780762,0.9425846338272095,25.105968475341797,27.018577575683594,25.37681770324707
1565,synthetic_standard_hotspot_32_00215,standard,hotspot,32,32x32,synthetic,0.9078665375709534,9.65572738647461,1.3862652778625488,25.36305809020996,27.434795379638672,25.554244995117188
1566,synthetic_standard_hotspot_32_00216,standard,hotspot,32,32x32,synthetic,1.0578968524932861,10.90760326385498,1.5965526103973389,25.423059463500977,27.763803482055664,25.638336181640625
1567,synthetic_standard_stripes_32_00217,standard,stripes,32,32x32,synthetic,0.5137604475021362,7.29877233505249,3.906266927719116,25.719749450683594,27.404460906982422,26.562105178833008
1568,synthetic_standard_multihotspot_32_00218,standard,multihotspot,32,32x32,synthetic,1.0472543239593506,10.968995094299316,1.3420727252960205,25.418968200683594,27.065736770629883,25.536531448364258
1569,synthetic_standard_stripes_32_00219,standard,stripes,32,32x32,synthetic,0.7209181785583496,7.695950031280518,4.426403999328613,26.481647491455078,27.375667572021484,26.770170211791992
1570,synthetic_standard_uniform_32_00220,standard,uniform,32,32x32,synthetic,10.746896743774414,10.746896743774414,10.74689769744873,29.298267364501953,29.298267364501953,29.29827117919922
1571,synthetic_standard_checkerboard_32_00221,standard,checkerboard,32,32x32,synthetic,0.7918298244476318,10.101548194885254,5.446688652038574,27.07147216796875,27.28512954711914,27.178298950195312
1572,synthetic_standard_multihotspot_32_00222,standard,multihotspot,32,32x32,synthetic,0.5967479944229126,8.66433334350586,0.9581387639045715,25.238630294799805,26.64752197265625,25.383033752441406
1573,synthetic_standard_hotspot_32_00223,standard,hotspot,32,32x32,synthetic,0.56549072265625,8.793757438659668,1.0717220306396484,25.226425170898438,27.260744094848633,25.42840576171875
1574,synthetic_standard_hotspot_32_00224,standard,hotspot,32,32x32,synthetic,1.333796501159668,9.849101066589355,1.6664259433746338,25.53327751159668,27.445919036865234,25.666276931762695
1575,synthetic_standard_uniform_32_00225,standard,uniform,32,32x32,synthetic,11.141349792480469,11.141349792480469,11.141351699829102,29.456010818481445,29.456010818481445,29.456016540527344
1576,synthetic_standard_quadrant_32_00226,standard,quadrant,32,32x32,synthetic,1.2954001426696777,7.1184868812561035,2.7511720657348633,25.518293380737305,27.833303451538086,26.10022735595703
1577,synthetic_standard_checkerboard_32_00227,standard,checkerboard,32,32x32,synthetic,0.8207793831825256,8.173369407653809,4.497074127197266,26.71413230895996,26.88286018371582,26.79849624633789
1578,synthetic_standard_hotspot_32_00228,standard,hotspot,32,32x32,synthetic,0.8316748142242432,10.054874420166016,1.2369911670684814,25.333263397216797,27.26064682006836,25.494430541992188
1579,synthetic_standard_uniform_32_00229,standard,uniform,32,32x32,synthetic,10.584047317504883,10.584047317504883,10.584046363830566,29.233139038085938,29.233139038085938,29.23314666748047
1580,synthetic_standard_multihotspot_32_00230,standard,multihotspot,32,32x32,synthetic,1.3460525274276733,8.660587310791016,1.6198338270187378,25.53841781616211,26.944881439208984,25.647602081298828
1581,synthetic_standard_checkerboard_32_00231,standard,checkerboard,32,32x32,synthetic,0.1549689918756485,8.477731704711914,4.316349983215332,26.63064956665039,26.821657180786133,26.726150512695312
1582,synthetic_standard_uniform_32_00232,standard,uniform,32,32x32,synthetic,9.911163330078125,9.911163330078125,9.911163330078125,28.963909149169922,28.963909149169922,28.963905334472656
1583,synthetic_standard_multihotspot_32_00233,standard,multihotspot,32,32x32,synthetic,0.3528045415878296,10.562482833862305,0.8594566583633423,25.14143180847168,26.841798782348633,25.343490600585938
1584,synthetic_standard_hotspot_32_00234,standard,hotspot,32,32x32,synthetic,0.39085397124290466,8.168122291564941,0.573133647441864,25.156164169311523,26.378931045532227,25.228992462158203
1585,synthetic_standard_uniform_32_00235,standard,uniform,32,32x32,synthetic,11.865904808044434,11.865904808044434,11.865904808044434,29.745826721191406,29.745826721191406,29.745820999145508
1586,synthetic_standard_hotspot_32_00236,standard,hotspot,32,32x32,synthetic,1.2710258960723877,10.070959091186523,1.5116491317749023,25.508174896240234,26.975303649902344,25.604337692260742
1587,synthetic_standard_uniform_32_00237,standard,uniform,32,32x32,synthetic,11.363112449645996,11.363112449645996,11.363112449645996,29.544702529907227,29.544702529907227,29.544706344604492
1588,synthetic_standard_hotspot_32_00238,standard,hotspot,32,32x32,synthetic,1.249867558479309,8.24451732635498,1.4411276578903198,25.49964141845703,26.678211212158203,25.576087951660156
1589,synthetic_standard_stripes_32_00239,standard,stripes,32,32x32,synthetic,0.4648711383342743,10.525554656982422,5.495213985443115,25.948646545410156,28.446739196777344,27.197689056396484
1590,synthetic_standard_multihotspot_32_00240,standard,multihotspot,32,32x32,synthetic,0.5844702124595642,9.645052909851074,0.9966433644294739,25.233654022216797,27.078800201416016,25.398345947265625
1591,synthetic_standard_hotspot_32_00241,standard,hotspot,32,32x32,synthetic,1.1657692193984985,11.191736221313477,1.8707199096679688,25.46637725830078,28.07562828063965,25.748031616210938
1592,synthetic_standard_hotspot_32_00242,standard,hotspot,32,32x32,synthetic,1.120286464691162,8.037338256835938,1.3904839754104614,25.448060989379883,26.83529281616211,25.555866241455078
1593,synthetic_standard_uniform_32_00243,standard,uniform,32,32x32,synthetic,11.27759838104248,11.27759838104248,11.27759838104248,29.510562896728516,29.510562896728516,29.510560989379883
1594,synthetic_standard_stripes_32_00244,standard,stripes,32,32x32,synthetic,0.8774529099464417,7.1837477684021,4.2276716232299805,26.18090057373047,27.520105361938477,26.690696716308594
1595,synthetic_standard_checkerboard_32_00245,standard,checkerboard,32,32x32,synthetic,0.24933573603630066,9.2377347946167,4.74353551864624,26.793907165527344,27.000186920166016,26.897045135498047
1596,synthetic_standard_checkerboard_32_00246,standard,checkerboard,32,32x32,synthetic,0.2398105412721634,10.21064567565918,5.225228309631348,26.975324630737305,27.20414924621582,27.089736938476562
1597,synthetic_standard_hotspot_32_00247,standard,hotspot,32,32x32,synthetic,1.2540392875671387,10.62242603302002,1.6199921369552612,25.501737594604492,27.379945755004883,25.647666931152344
1598,synthetic_standard_uniform_32_00248,standard,uniform,32,32x32,synthetic,11.2644624710083,11.2644624710083,11.264464378356934,29.50531768798828,29.50531768798828,29.505311965942383
1599,synthetic_standard_uniform_32_00249,standard,uniform,32,32x32,synthetic,9.056766510009766,9.056766510009766,9.056764602661133,28.622215270996094,28.622215270996094,28.622220993041992
1600,synthetic_systolic_uniform_32_00000,systolic,uniform,32,32x32,synthetic,12.669715881347656,13.869715690612793,13.435790061950684,30.11687660217285,30.526134490966797,30.373950958251953
1601,synthetic_systolic_hotspot_32_00001,systolic,hotspot,32,32x32,synthetic,0.5205464363098145,14.734444618225098,4.958864212036133,25.252233505249023,29.587486267089844,26.98328399658203
1602,synthetic_systolic_hotspot_32_00002,systolic,hotspot,32,32x32,synthetic,0.8190783858299255,12.451703071594238,5.622657775878906,25.415157318115234,29.41648292541504,27.248775482177734
1603,synthetic_systolic_uniform_32_00003,systolic,uniform,32,32x32,synthetic,11.990238189697266,13.190238952636719,12.74316120147705,29.843961715698242,30.253244400024414,30.09689712524414
1604,synthetic_systolic_wavefront_32_00004,systolic,wavefront,32,32x32,synthetic,7.767477035522461,14.81314468383789,11.048826217651367,28.401107788085938,30.65965461730957,29.419191360473633
1605,synthetic_systolic_checkerboard_32_00005,systolic,checkerboard,32,32x32,synthetic,7.421727180480957,16.596864700317383,11.137420654296875,28.855262756347656,30.573143005371094,29.45461654663086
1606,synthetic_systolic_checkerboard_32_00006,systolic,checkerboard,32,32x32,synthetic,6.2736101150512695,15.54178237915039,10.035820007324219,28.41451072692871,30.13263702392578,29.013957977294922
1607,synthetic_systolic_banded_32_00007,systolic,banded,32,32x32,synthetic,6.906975746154785,11.105111122131348,8.423880577087402,27.76759910583496,29.298120498657227,28.369182586669922
1608,synthetic_systolic_checkerboard_32_00008,systolic,checkerboard,32,32x32,synthetic,6.500545024871826,16.06365966796875,10.410225868225098,28.563955307006836,30.282730102539062,29.16371726989746
1609,synthetic_systolic_hotspot_32_00009,systolic,hotspot,32,32x32,synthetic,0.8088458180427551,16.96435546875,5.299458026885986,25.35794448852539,30.306650161743164,27.119525909423828
1610,synthetic_systolic_uniform_32_00010,systolic,uniform,32,32x32,synthetic,11.512060165405273,12.979083061218262,12.410099983215332,29.664913177490234,30.140199661254883,29.963665008544922
1611,synthetic_systolic_hotspot_32_00011,systolic,hotspot,32,32x32,synthetic,1.789001226425171,16.12696075439453,7.791810035705566,26.06900978088379,30.330453872680664,28.116424560546875
1612,synthetic_systolic_checkerboard_32_00012,systolic,checkerboard,32,32x32,synthetic,7.341355323791504,16.663724899291992,11.130664825439453,28.852373123168945,30.57060432434082,29.451881408691406
1613,synthetic_systolic_banded_32_00013,systolic,banded,32,32x32,synthetic,6.456531524658203,12.277381896972656,8.12206745147705,27.58672523498535,29.58715057373047,28.248489379882812
1614,synthetic_systolic_uniform_32_00014,systolic,uniform,32,32x32,synthetic,12.276693344116211,13.476694107055664,12.994684219360352,29.95561408996582,30.3648681640625,30.1975040435791
1615,synthetic_systolic_uniform_32_00015,systolic,uniform,32,32x32,synthetic,11.994670867919922,13.267217636108398,12.825859069824219,29.852323532104492,30.266910552978516,30.129972457885742
1616,synthetic_systolic_banded_32_00016,systolic,banded,32,32x32,synthetic,6.348506450653076,14.286202430725098,8.619741439819336,27.545141220092773,30.273088455200195,28.447574615478516
1617,synthetic_systolic_wavefront_32_00017,systolic,wavefront,32,32x32,synthetic,6.943904876708984,13.534821510314941,10.01346492767334,28.052669525146484,30.165414810180664,29.00503158569336
1618,synthetic_systolic_uniform_32_00018,systolic,uniform,32,32x32,synthetic,10.234668731689453,11.43466854095459,10.952653884887695,29.138805389404297,29.54804801940918,29.38068962097168
1619,synthetic_systolic_wavefront_32_00019,systolic,wavefront,32,32x32,synthetic,9.435443878173828,17.02663803100586,12.970858573913574,29.091083526611328,31.52450942993164,30.18799591064453
1620,synthetic_systolic_banded_32_00020,systolic,banded,32,32x32,synthetic,6.67985200881958,10.664629936218262,8.119665145874023,27.676454544067383,29.129276275634766,28.247495651245117
1621,synthetic_systolic_banded_32_00021,systolic,banded,32,32x32,synthetic,6.51591157913208,14.355429649353027,9.348550796508789,27.615676879882812,30.47377586364746,28.73907470703125
1622,synthetic_systolic_uniform_32_00022,systolic,uniform,32,32x32,synthetic,13.695235252380371,14.895235061645508,14.417171478271484,30.523351669311523,30.932615280151367,30.766490936279297
1623,synthetic_systolic_checkerboard_32_00023,systolic,checkerboard,32,32x32,synthetic,7.0919694900512695,13.897769927978516,9.622995376586914,28.25208282470703,29.966779708862305,28.84884262084961
1624,synthetic_systolic_uniform_32_00024,systolic,uniform,32,32x32,synthetic,13.976362228393555,15.3949556350708,14.85775375366211,30.649211883544922,31.109394073486328,30.94272232055664
1625,synthetic_systolic_banded_32_00025,systolic,banded,32,32x32,synthetic,4.853689193725586,11.100507736206055,6.140876293182373,26.94396209716797,28.855945587158203,27.455997467041016
1626,synthetic_systolic_hotspot_32_00026,systolic,hotspot,32,32x32,synthetic,0.6799790263175964,12.033596992492676,6.54182243347168,25.553586959838867,29.495769500732422,27.61644172668457
1627,synthetic_systolic_checkerboard_32_00027,systolic,checkerboard,32,32x32,synthetic,6.965503692626953,13.784308433532715,9.503030776977539,28.20404624938965,29.918663024902344,28.80083465576172
1628,synthetic_systolic_checkerboard_32_00028,systolic,checkerboard,32,32x32,synthetic,7.184265613555908,15.127391815185547,10.283952713012695,28.515233993530273,30.230411529541016,29.11321258544922
1629,synthetic_systolic_hotspot_32_00029,systolic,hotspot,32,32x32,synthetic,1.2735984325408936,13.35145378112793,3.4956777095794678,25.51105308532715,29.146530151367188,26.398025512695312
1630,synthetic_systolic_hotspot_32_00030,systolic,hotspot,32,32x32,synthetic,1.2122771739959717,17.32083511352539,5.234492301940918,25.501453399658203,31.143850326538086,27.09354591369629
1631,synthetic_systolic_hotspot_32_00031,systolic,hotspot,32,32x32,synthetic,0.49862271547317505,17.220155715942383,4.53203821182251,25.218746185302734,30.72102165222168,26.812572479248047
1632,synthetic_systolic_uniform_32_00032,systolic,uniform,32,32x32,synthetic,13.674342155456543,14.87434196472168,14.368264198303223,30.51264762878418,30.92191505432129,30.746944427490234
1633,synthetic_systolic_uniform_32_00033,systolic,uniform,32,32x32,synthetic,10.731955528259277,12.107132911682129,11.59842300415039,29.350217819213867,29.796838760375977,29.63900375366211
1634,synthetic_systolic_hotspot_32_00034,systolic,hotspot,32,32x32,synthetic,0.9387649297714233,14.146389961242676,3.14632511138916,25.376569747924805,29.668651580810547,26.258296966552734
1635,synthetic_systolic_uniform_32_00035,systolic,uniform,32,32x32,synthetic,12.290816307067871,13.490816116333008,12.992213249206543,29.959863662719727,30.369117736816406,30.196508407592773
1636,synthetic_systolic_uniform_32_00036,systolic,uniform,32,32x32,synthetic,13.201508522033691,14.401508331298828,13.995542526245117,30.33194351196289,30.741188049316406,30.597850799560547
1637,synthetic_systolic_checkerboard_32_00037,systolic,checkerboard,32,32x32,synthetic,6.87725305557251,16.31696319580078,10.72523307800293,28.690078735351562,30.408586502075195,29.289730072021484
1638,synthetic_systolic_uniform_32_00038,systolic,uniform,32,32x32,synthetic,10.465922355651855,11.712655067443848,11.288236618041992,29.240068435668945,29.64932632446289,29.514909744262695
1639,synthetic_systolic_hotspot_32_00039,systolic,hotspot,32,32x32,synthetic,1.458693265914917,14.247297286987305,3.4755849838256836,25.58431625366211,29.476898193359375,26.389984130859375
1640,synthetic_systolic_uniform_32_00040,systolic,uniform,32,32x32,synthetic,12.211447715759277,13.411447525024414,12.93881607055664,29.9303035736084,30.33956527709961,30.175151824951172
1641,synthetic_systolic_banded_32_00041,systolic,banded,32,32x32,synthetic,6.505484580993652,12.14814567565918,8.544336318969727,27.608774185180664,29.66596221923828,28.417367935180664
1642,synthetic_systolic_banded_32_00042,systolic,banded,32,32x32,synthetic,4.387753486633301,11.838568687438965,7.07994270324707,26.763967514038086,29.480344772338867,27.831655502319336
1643,synthetic_systolic_hotspot_32_00043,systolic,hotspot,32,32x32,synthetic,0.12725672125816345,14.29593276977539,4.292937278747559,25.077409744262695,29.486434936523438,26.716930389404297
1644,synthetic_systolic_wavefront_32_00044,systolic,wavefront,32,32x32,synthetic,7.62874698638916,12.68736457824707,9.984676361083984,28.262563705444336,29.88414192199707,28.99352264404297
1645,synthetic_systolic_banded_32_00045,systolic,banded,32,32x32,synthetic,4.001250743865967,10.279704093933105,5.797722339630127,26.60491371154785,28.76262664794922,27.318702697753906
1646,synthetic_systolic_wavefront_32_00046,systolic,wavefront,32,32x32,synthetic,7.4347944259643555,12.290364265441895,9.696159362792969,28.17648696899414,29.73297691345215,28.87809944152832
1647,synthetic_systolic_checkerboard_32_00047,systolic,checkerboard,32,32x32,synthetic,6.669961929321289,13.421679496765137,9.173945426940918,28.072513580322266,29.787778854370117,28.66921043395996
1648,synthetic_systolic_hotspot_32_00048,systolic,hotspot,32,32x32,synthetic,0.1749688684940338,13.724977493286133,5.586564064025879,25.240102767944336,29.608623504638672,27.234352111816406
1649,synthetic_systolic_checkerboard_32_00049,systolic,checkerboard,32,32x32,synthetic,6.673818588256836,17.227554321289062,11.078811645507812,28.830276489257812,30.55122184753418,29.431148529052734
1650,synthetic_systolic_uniform_32_00050,systolic,uniform,32,32x32,synthetic,10.732722282409668,11.932722091674805,11.516189575195312,29.34353256225586,29.752790451049805,29.60610580444336
1651,synthetic_systolic_uniform_32_00051,systolic,uniform,32,32x32,synthetic,10.62683391571045,11.826833724975586,11.331086158752441,29.29450798034668,29.703765869140625,29.532062530517578
1652,synthetic_systolic_hotspot_32_00052,systolic,hotspot,32,32x32,synthetic,0.9181233644485474,15.90097713470459,6.228792190551758,25.4984130859375,30.269100189208984,27.49123764038086
1653,synthetic_systolic_wavefront_32_00053,systolic,wavefront,32,32x32,synthetic,9.412991523742676,16.2979736328125,12.619505882263184,29.052574157714844,31.25961685180664,30.047435760498047
1654,synthetic_systolic_checkerboard_32_00054,systolic,checkerboard,32,32x32,synthetic,6.746065139770508,15.090067863464355,10.046191215515137,28.4196834564209,30.1357421875,29.018131256103516
1655,synthetic_systolic_uniform_32_00055,systolic,uniform,32,32x32,synthetic,11.805122375488281,13.005122184753418,12.49740982055664,29.764822006225586,30.17408561706543,29.99860382080078
1656,synthetic_systolic_uniform_32_00056,systolic,uniform,32,32x32,synthetic,13.725996017456055,15.020957946777344,14.564888954162598,30.545507431030273,30.967084884643555,30.825590133666992
1657,synthetic_systolic_hotspot_32_00057,systolic,hotspot,32,32x32,synthetic,0.7275934219360352,15.42322826385498,7.082581520080566,25.644512176513672,30.480886459350586,27.832754135131836
1658,synthetic_systolic_hotspot_32_00058,systolic,hotspot,32,32x32,synthetic,0.8916656970977783,16.191282272338867,7.055920124053955,25.71009635925293,30.459320068359375,27.822059631347656
1659,synthetic_systolic_hotspot_32_00059,systolic,hotspot,32,32x32,synthetic,0.6383159756660461,17.943748474121094,6.409797668457031,25.467620849609375,30.618541717529297,27.56363868713379
1660,synthetic_systolic_hotspot_32_00060,systolic,hotspot,32,32x32,synthetic,0.6003625392913818,15.166898727416992,6.708087921142578,25.59358787536621,30.088163375854492,27.682947158813477
1661,synthetic_systolic_wavefront_32_00061,systolic,wavefront,32,32x32,synthetic,8.744661331176758,14.208532333374023,11.289327621459961,28.725849151611328,30.477327346801758,29.515361785888672
1662,synthetic_systolic_hotspot_32_00062,systolic,hotspot,32,32x32,synthetic,0.9164235591888428,17.038724899291992,3.9371068477630615,25.370336532592773,30.16048812866211,26.574613571166992
1663,synthetic_systolic_uniform_32_00063,systolic,uniform,32,32x32,synthetic,11.662376403808594,13.022601127624512,12.523703575134277,29.721960067749023,30.163908004760742,30.009111404418945
1664,synthetic_systolic_uniform_32_00064,systolic,uniform,32,32x32,synthetic,11.839795112609863,13.333043098449707,12.746849060058594,29.796764373779297,30.280237197875977,30.09836196899414
1665,synthetic_systolic_hotspot_32_00065,systolic,hotspot,32,32x32,synthetic,0.7474857568740845,15.352761268615723,3.9862918853759766,25.306894302368164,29.74395179748535,26.594261169433594
1666,synthetic_systolic_checkerboard_32_00066,systolic,checkerboard,32,32x32,synthetic,6.75981330871582,13.525566101074219,9.270814895629883,28.111257553100586,29.826339721679688,28.707962036132812
1667,synthetic_systolic_banded_32_00067,systolic,banded,32,32x32,synthetic,4.096986770629883,13.749916076660156,7.584861755371094,26.650325775146484,30.169544219970703,28.033592224121094
1668,synthetic_systolic_checkerboard_32_00068,systolic,checkerboard,32,32x32,synthetic,7.377375602722168,14.390711784362793,10.012168884277344,28.40753173828125,30.12067222595215,29.004505157470703
1669,synthetic_systolic_uniform_32_00069,systolic,uniform,32,32x32,synthetic,12.133551597595215,13.432660102844238,12.973870277404785,29.90867042541504,30.3315372467041,30.18918800354004
1670,synthetic_systolic_uniform_32_00070,systolic,uniform,32,32x32,synthetic,11.74543571472168,12.945435523986816,12.528818130493164,29.748605728149414,30.157859802246094,30.011157989501953
1671,synthetic_systolic_uniform_32_00071,systolic,uniform,32,32x32,synthetic,12.260197639465332,13.460197448730469,12.975807189941406,29.948801040649414,30.35805320739746,30.189945220947266
1672,synthetic_systolic_hotspot_32_00072,systolic,hotspot,32,32x32,synthetic,0.17014726996421814,14.913254737854004,4.2314581871032715,25.093414306640625,29.529903411865234,26.69232940673828
1673,synthetic_systolic_banded_32_00073,systolic,banded,32,32x32,synthetic,5.469806671142578,14.09249496459961,8.585426330566406,27.198171615600586,30.341796875,28.43380355834961
1674,synthetic_systolic_checkerboard_32_00074,systolic,checkerboard,32,32x32,synthetic,6.330178737640381,15.082991600036621,9.834709167480469,28.334640502929688,30.05162239074707,28.933513641357422
1675,synthetic_systolic_hotspot_32_00075,systolic,hotspot,32,32x32,synthetic,1.2572505474090576,15.395489692687988,5.277647972106934,25.52924919128418,29.78325080871582,27.11077308654785
1676,synthetic_systolic_wavefront_32_00076,systolic,wavefront,32,32x32,synthetic,6.933167457580566,11.865793228149414,9.230419158935547,27.979055404663086,29.560237884521484,28.691804885864258
1677,synthetic_systolic_banded_32_00077,systolic,banded,32,32x32,synthetic,6.89056396484375,13.081286430358887,8.166191101074219,27.758655548095703,29.65350341796875,28.266109466552734
1678,synthetic_systolic_checkerboard_32_00078,systolic,checkerboard,32,32x32,synthetic,7.8464789390563965,14.218879699707031,10.160804748535156,28.467681884765625,30.186866760253906,29.063953399658203
1679,synthetic_systolic_hotspot_32_00079,systolic,hotspot,32,32x32,synthetic,0.5355259776115417,17.476200103759766,6.832911014556885,25.53896713256836,31.260950088500977,27.73288345336914
1680,synthetic_systolic_hotspot_32_00080,systolic,hotspot,32,32x32,synthetic,0.3679925501346588,17.309494018554688,3.9995510578155518,25.160322189331055,29.665653228759766,26.59958267211914
1681,synthetic_systolic_hotspot_32_00081,systolic,hotspot,32,32x32,synthetic,1.257547378540039,12.44777774810791,5.476605415344238,25.540027618408203,29.546327590942383,27.190349578857422
1682,synthetic_systolic_hotspot_32_00082,systolic,hotspot,32,32x32,synthetic,0.33193692564964294,15.562312126159668,3.461879253387451,25.140342712402344,28.99846076965332,26.38451385498047
1683,synthetic_systolic_uniform_32_00083,systolic,uniform,32,32x32,synthetic,12.6256685256958,13.960617065429688,13.478306770324707,30.10654067993164,30.54058837890625,30.390954971313477
1684,synthetic_systolic_uniform_32_00084,systolic,uniform,32,32x32,synthetic,13.079015731811523,14.27901554107666,13.822413444519043,30.278663635253906,30.68793487548828,30.528587341308594
1685,synthetic_systolic_checkerboard_32_00085,systolic,checkerboard,32,32x32,synthetic,6.353278160095215,16.754520416259766,10.682024002075195,28.671768188476562,30.392366409301758,29.272438049316406
1686,synthetic_systolic_hotspot_32_00086,systolic,hotspot,32,32x32,synthetic,0.7569979429244995,17.811328887939453,5.159139633178711,25.331205368041992,30.45859146118164,27.06338882446289
1687,synthetic_systolic_banded_32_00087,systolic,banded,32,32x32,synthetic,6.7234063148498535,14.955148696899414,9.078777313232422,27.695268630981445,30.524248123168945,28.631126403808594
1688,synthetic_systolic_wavefront_32_00088,systolic,wavefront,32,32x32,synthetic,9.343419075012207,15.990976333618164,12.439358711242676,29.01482582092285,31.145755767822266,29.97538185119629
1689,synthetic_systolic_checkerboard_32_00089,systolic,checkerboard,32,32x32,synthetic,8.110296249389648,14.21768856048584,10.29211711883545,28.520492553710938,30.242408752441406,29.116485595703125
1690,synthetic_systolic_hotspot_32_00090,systolic,hotspot,32,32x32,synthetic,0.7822306752204895,12.970975875854492,5.039948463439941,25.34832000732422,29.783525466918945,27.015714645385742
1691,synthetic_systolic_banded_32_00091,systolic,banded,32,32x32,synthetic,5.048189163208008,13.547103881835938,8.119085311889648,27.02939796447754,30.127904891967773,28.247291564941406
1692,synthetic_systolic_uniform_32_00092,systolic,uniform,32,32x32,synthetic,13.383795738220215,14.852136611938477,14.28228759765625,30.413637161254883,30.88933563232422,30.712539672851562
1693,synthetic_systolic_uniform_32_00093,systolic,uniform,32,32x32,synthetic,12.767437934875488,13.967437744140625,13.564698219299316,30.158571243286133,30.567829132080078,30.425495147705078
1694,synthetic_systolic_hotspot_32_00094,systolic,hotspot,32,32x32,synthetic,1.059734582901001,14.932442665100098,5.2586669921875,25.451770782470703,29.949243545532227,27.10320281982422
1695,synthetic_systolic_banded_32_00095,systolic,banded,32,32x32,synthetic,4.329707622528076,12.987875938415527,6.807092666625977,26.738142013549805,29.713695526123047,27.722488403320312
1696,synthetic_systolic_banded_32_00096,systolic,banded,32,32x32,synthetic,5.7371320724487305,12.015243530273438,7.030765533447266,27.297311782836914,29.21893310546875,27.81192970275879
1697,synthetic_systolic_checkerboard_32_00097,systolic,checkerboard,32,32x32,synthetic,7.053689479827881,17.230449676513672,11.270193099975586,28.907241821289062,30.627389907836914,29.507694244384766
1698,synthetic_systolic_hotspot_32_00098,systolic,hotspot,32,32x32,synthetic,0.7042343020439148,16.477642059326172,4.719969749450684,25.304903030395508,29.85078239440918,26.887725830078125
1699,synthetic_systolic_uniform_32_00099,systolic,uniform,32,32x32,synthetic,12.855237007141113,14.271437644958496,13.73580551147461,30.200706481933594,30.660144805908203,30.493953704833984
1700,synthetic_systolic_banded_32_00100,systolic,banded,32,32x32,synthetic,6.642408847808838,12.258918762207031,8.24947738647461,27.660846710205078,29.59113883972168,28.299407958984375
1701,synthetic_systolic_hotspot_32_00101,systolic,hotspot,32,32x32,synthetic,1.4320573806762695,16.3623046875,5.890851020812988,25.617443084716797,30.013263702392578,27.356056213378906
1702,synthetic_systolic_banded_32_00102,systolic,banded,32,32x32,synthetic,6.289647102355957,12.165952682495117,8.412921905517578,27.522756576538086,29.665130615234375,28.364830017089844
1703,synthetic_systolic_checkerboard_32_00103,systolic,checkerboard,32,32x32,synthetic,7.179763317108154,14.712711334228516,10.074362754821777,28.43180274963379,30.14613914489746,29.02936553955078
1704,synthetic_systolic_banded_32_00104,systolic,banded,32,32x32,synthetic,5.523897647857666,12.360281944274902,7.480010986328125,27.214433670043945,29.56389617919922,27.991657257080078
1705,synthetic_systolic_hotspot_32_00105,systolic,hotspot,32,32x32,synthetic,0.7800769209861755,12.774293899536133,6.525506496429443,25.55621910095215,29.6894588470459,27.609905242919922
1706,synthetic_systolic_uniform_32_00106,systolic,uniform,32,32x32,synthetic,12.213592529296875,13.516948699951172,13.05537223815918,29.9408016204834,30.364992141723633,30.221776962280273
1707,synthetic_systolic_banded_32_00107,systolic,banded,32,32x32,synthetic,4.154822826385498,14.866659164428711,7.219831466674805,26.669811248779297,30.351091384887695,27.887615203857422
1708,synthetic_systolic_wavefront_32_00108,systolic,wavefront,32,32x32,synthetic,7.386923789978027,12.670795440673828,9.847759246826172,28.175241470336914,29.86899757385254,28.938739776611328
1709,synthetic_systolic_checkerboard_32_00109,systolic,checkerboard,32,32x32,synthetic,7.931451320648193,14.565560340881348,10.376630783081055,28.5537166595459,30.27016830444336,29.150287628173828
1710,synthetic_systolic_hotspot_32_00110,systolic,hotspot,32,32x32,synthetic,1.0586071014404297,17.2319393157959,5.756992340087891,25.47187042236328,30.57360076904297,27.30252456665039
1711,synthetic_systolic_banded_32_00111,systolic,banded,32,32x32,synthetic,4.827157497406006,10.641890525817871,6.928184509277344,26.937728881835938,29.05758285522461,27.770957946777344
1712,synthetic_systolic_uniform_32_00112,systolic,uniform,32,32x32,synthetic,10.546607971191406,11.799781799316406,11.371135711669922,29.272539138793945,29.681795120239258,29.548072814941406
1713,synthetic_systolic_checkerboard_32_00113,systolic,checkerboard,32,32x32,synthetic,6.446698188781738,15.804484367370605,10.253715515136719,28.501562118530273,30.219894409179688,29.10110092163086
1714,synthetic_systolic_wavefront_32_00114,systolic,wavefront,32,32x32,synthetic,8.869556427001953,14.001646041870117,11.259702682495117,28.761938095092773,30.40705680847168,29.50350570678711
1715,synthetic_systolic_hotspot_32_00115,systolic,hotspot,32,32x32,synthetic,1.2205175161361694,12.966522216796875,3.43161678314209,25.48941421508789,29.573518753051758,26.372417449951172
1716,synthetic_systolic_uniform_32_00116,systolic,uniform,32,32x32,synthetic,12.896970748901367,14.372031211853027,13.797771453857422,30.219106674194336,30.696914672851562,30.518741607666016
1717,synthetic_systolic_uniform_32_00117,systolic,uniform,32,32x32,synthetic,12.59638786315918,13.796387672424316,13.326948165893555,30.084535598754883,30.493797302246094,30.330400466918945
1718,synthetic_systolic_uniform_32_00118,systolic,uniform,32,32x32,synthetic,13.03421688079834,14.234216690063477,13.815181732177734,30.2639102935791,30.67319107055664,30.52570343017578
1719,synthetic_systolic_banded_32_00119,systolic,banded,32,32x32,synthetic,5.60285758972168,10.78741455078125,7.086330413818359,27.24472999572754,29.02654266357422,27.83417320251465
1720,synthetic_systolic_hotspot_32_00120,systolic,hotspot,32,32x32,synthetic,0.30433768033981323,17.26817512512207,6.023652076721191,25.353025436401367,30.105249404907227,27.4091796875
1721,synthetic_systolic_hotspot_32_00121,systolic,hotspot,32,32x32,synthetic,1.1742866039276123,12.480883598327637,3.1954641342163086,25.470714569091797,28.721162796020508,26.277931213378906
1722,synthetic_systolic_hotspot_32_00122,systolic,hotspot,32,32x32,synthetic,0.20469243824481964,14.4669189453125,5.2983717918396,25.207914352416992,29.340015411376953,27.119068145751953
1723,synthetic_systolic_hotspot_32_00123,systolic,hotspot,32,32x32,synthetic,0.5828033089637756,15.04144287109375,4.658359527587891,25.248106002807617,30.16277313232422,26.863109588623047
1724,synthetic_systolic_hotspot_32_00124,systolic,hotspot,32,32x32,synthetic,1.3663281202316284,17.027877807617188,5.609259128570557,25.57298469543457,31.22120475769043,27.243444442749023
1725,synthetic_systolic_wavefront_32_00125,systolic,wavefront,32,32x32,synthetic,8.371268272399902,15.140777587890625,11.524003982543945,28.631065368652344,30.801067352294922,29.60923194885254
1726,synthetic_systolic_wavefront_32_00126,systolic,wavefront,32,32x32,synthetic,7.492125988006592,13.024541854858398,10.068714141845703,28.22771644592285,30.001171112060547,29.02713394165039
1727,synthetic_systolic_hotspot_32_00127,systolic,hotspot,32,32x32,synthetic,0.41032397747039795,16.00377082824707,5.992791652679443,25.33292007446289,30.50479507446289,27.39682960510254
1728,synthetic_systolic_hotspot_32_00128,systolic,hotspot,32,32x32,synthetic,1.069307565689087,13.349809646606445,6.001972198486328,25.51896858215332,29.650148391723633,27.400522232055664
1729,synthetic_systolic_hotspot_32_00129,systolic,hotspot,32,32x32,synthetic,1.282967448234558,13.497136116027832,6.777132987976074,25.692180633544922,29.78242301940918,27.710561752319336
1730,synthetic_systolic_hotspot_32_00130,systolic,hotspot,32,32x32,synthetic,0.9108116030693054,17.950620651245117,4.6058807373046875,25.377750396728516,31.119121551513672,26.84210777282715
1731,synthetic_systolic_wavefront_32_00131,systolic,wavefront,32,32x32,synthetic,7.843016624450684,13.258136749267578,10.364977836608887,28.363161087036133,30.099018096923828,29.1456298828125
1732,synthetic_systolic_checkerboard_32_00132,systolic,checkerboard,32,32x32,synthetic,7.6947455406188965,15.26098918914795,10.605992317199707,28.644453048706055,30.358816146850586,29.242046356201172
1733,synthetic_systolic_banded_32_00133,systolic,banded,32,32x32,synthetic,6.204776763916016,14.870070457458496,9.335790634155273,27.49224281311035,30.651439666748047,28.733985900878906
1734,synthetic_systolic_checkerboard_32_00134,systolic,checkerboard,32,32x32,synthetic,7.4981184005737305,13.482172012329102,9.618269920349121,28.24991226196289,29.974321365356445,28.846942901611328
1735,synthetic_systolic_banded_32_00135,systolic,banded,32,32x32,synthetic,4.783018112182617,13.323975563049316,7.869106769561768,26.923330307006836,30.037227630615234,28.147274017333984
1736,synthetic_systolic_banded_32_00136,systolic,banded,32,32x32,synthetic,4.481393814086914,14.239397048950195,6.492074966430664,26.796607971191406,29.78327751159668,27.596446990966797
1737,synthetic_systolic_hotspot_32_00137,systolic,hotspot,32,32x32,synthetic,0.7080564498901367,14.24454402923584,5.3919219970703125,25.350112915039062,29.707839965820312,27.156518936157227
1738,synthetic_systolic_hotspot_32_00138,systolic,hotspot,32,32x32,synthetic,1.3161938190460205,16.637971878051758,3.9692959785461426,25.528688430786133,29.843097686767578,26.587486267089844
1739,synthetic_systolic_hotspot_32_00139,systolic,hotspot,32,32x32,synthetic,0.8630304336547852,16.718341827392578,3.546510696411133,25.347747802734375,29.915393829345703,26.418373107910156
1740,synthetic_systolic_uniform_32_00140,systolic,uniform,32,32x32,synthetic,11.87778091430664,13.200668334960938,12.726272583007812,29.807008743286133,30.237321853637695,30.090126037597656
1741,synthetic_systolic_hotspot_32_00141,systolic,hotspot,32,32x32,synthetic,0.650093138217926,13.823761940002441,6.731473445892334,25.61346435546875,29.936567306518555,27.692310333251953
1742,synthetic_systolic_uniform_32_00142,systolic,uniform,32,32x32,synthetic,11.36974048614502,12.869403839111328,12.278999328613281,29.608919143676758,30.09439468383789,29.911216735839844
1743,synthetic_systolic_checkerboard_32_00143,systolic,checkerboard,32,32x32,synthetic,6.232791900634766,15.451685905456543,9.97036361694336,28.388391494750977,30.10639762878418,28.987789154052734
1744,synthetic_systolic_uniform_32_00144,systolic,uniform,32,32x32,synthetic,11.096270561218262,12.591243743896484,12.003917694091797,29.499393463134766,29.983423233032227,29.801189422607422
1745,synthetic_systolic_wavefront_32_00145,systolic,wavefront,32,32x32,synthetic,6.905817985534668,12.946746826171875,9.719234466552734,28.014427185058594,29.950883865356445,28.887327194213867
1746,synthetic_systolic_uniform_32_00146,systolic,uniform,32,32x32,synthetic,10.491778373718262,11.719242095947266,11.30746841430664,29.249876022338867,29.659133911132812,29.52261734008789
1747,synthetic_systolic_hotspot_32_00147,systolic,hotspot,32,32x32,synthetic,1.1142998933792114,17.353837966918945,4.791666030883789,25.464393615722656,29.42502212524414,26.916404724121094
1748,synthetic_systolic_checkerboard_32_00148,systolic,checkerboard,32,32x32,synthetic,7.8715715408325195,13.542119979858398,9.834970474243164,28.333023071289062,30.06459617614746,28.93362045288086
1749,synthetic_systolic_hotspot_32_00149,systolic,hotspot,32,32x32,synthetic,1.0824322700500488,13.679865837097168,5.7951178550720215,25.496671676635742,30.03360939025879,27.317771911621094
1750,synthetic_systolic_uniform_32_00150,systolic,uniform,32,32x32,synthetic,10.639710426330566,11.839710235595703,11.408645629882812,29.30512237548828,29.714378356933594,29.563100814819336
1751,synthetic_systolic_banded_32_00151,systolic,banded,32,32x32,synthetic,4.433755874633789,14.377191543579102,8.02659797668457,26.785429000854492,30.410511016845703,28.21029281616211
1752,synthetic_systolic_checkerboard_32_00152,systolic,checkerboard,32,32x32,synthetic,7.08501672744751,14.810937881469727,10.076101303100586,28.43231964111328,30.147064208984375,29.03007698059082
1753,synthetic_systolic_uniform_32_00153,systolic,uniform,32,32x32,synthetic,13.777238845825195,14.977238655090332,14.559150695800781,30.56121253967285,30.970483779907227,30.823293685913086
1754,synthetic_systolic_wavefront_32_00154,systolic,wavefront,32,32x32,synthetic,8.527347564697266,14.732666015625,11.41732406616211,28.669910430908203,30.659080505371094,29.566572189331055
1755,synthetic_systolic_hotspot_32_00155,systolic,hotspot,32,32x32,synthetic,1.3475134372711182,16.19587516784668,5.397865295410156,25.55634117126465,30.40192413330078,27.158899307250977
1756,synthetic_systolic_hotspot_32_00156,systolic,hotspot,32,32x32,synthetic,0.937146008014679,14.661418914794922,6.171486854553223,25.493125915527344,30.293148040771484,27.468313217163086
1757,synthetic_systolic_wavefront_32_00157,systolic,wavefront,32,32x32,synthetic,8.829675674438477,15.802604675292969,12.0771484375,28.822917938232422,31.058141708374023,29.830493927001953
1758,synthetic_systolic_uniform_32_00158,systolic,uniform,32,32x32,synthetic,11.9160737991333,13.116073608398438,12.656949996948242,29.81329345703125,30.222543716430664,30.06240463256836
1759,synthetic_systolic_uniform_32_00159,systolic,uniform,32,32x32,synthetic,13.866950035095215,15.277090072631836,14.74543571472168,30.605215072631836,31.06275177001953,30.897796630859375
1760,synthetic_systolic_hotspot_32_00160,systolic,hotspot,32,32x32,synthetic,0.3812284469604492,16.157852172851562,5.78866720199585,25.310043334960938,29.91807746887207,27.315195083618164
1761,synthetic_systolic_checkerboard_32_00161,systolic,checkerboard,32,32x32,synthetic,6.668806076049805,14.46953010559082,9.69729232788086,28.28069305419922,29.995615005493164,28.878551483154297
1762,synthetic_systolic_uniform_32_00162,systolic,uniform,32,32x32,synthetic,11.57618522644043,12.776185035705566,12.262638092041016,29.6727352142334,30.082002639770508,29.904678344726562
1763,synthetic_systolic_uniform_32_00163,systolic,uniform,32,32x32,synthetic,11.086783409118652,12.286783218383789,11.805551528930664,29.479705810546875,29.888973236083984,29.721851348876953
1764,synthetic_systolic_wavefront_32_00164,systolic,wavefront,32,32x32,synthetic,7.446208953857422,14.780791282653809,10.862112998962402,28.284648895263672,30.63578987121582,29.344467163085938
1765,synthetic_systolic_checkerboard_32_00165,systolic,checkerboard,32,32x32,synthetic,6.397181034088135,13.44042682647705,9.046928405761719,28.021413803100586,29.734621047973633,28.61841583251953
1766,synthetic_systolic_wavefront_32_00166,systolic,wavefront,32,32x32,synthetic,7.578398704528809,13.807844161987305,10.479612350463867,28.291357040405273,30.288236618041992,29.19149398803711
1767,synthetic_systolic_uniform_32_00167,systolic,uniform,32,32x32,synthetic,13.941184043884277,15.141183853149414,14.652130126953125,30.620803833007812,31.030067443847656,30.860475540161133
1768,synthetic_systolic_hotspot_32_00168,systolic,hotspot,32,32x32,synthetic,1.277474284172058,13.469321250915527,4.176233291625977,25.514543533325195,29.5469913482666,26.670249938964844
1769,synthetic_systolic_uniform_32_00169,systolic,uniform,32,32x32,synthetic,11.711654663085938,12.911654472351074,12.39699935913086,29.726850509643555,30.1361026763916,29.958433151245117
1770,synthetic_systolic_banded_32_00170,systolic,banded,32,32x32,synthetic,5.925439834594727,12.915071487426758,7.9254021644592285,27.375133514404297,29.777292251586914,28.169790267944336
1771,synthetic_systolic_wavefront_32_00171,systolic,wavefront,32,32x32,synthetic,8.43618106842041,13.273618698120117,10.68910026550293,28.576278686523438,30.126970291137695,29.27528190612793
1772,synthetic_systolic_banded_32_00172,systolic,banded,32,32x32,synthetic,5.7382402420043945,13.962334632873535,7.432853698730469,27.29867172241211,29.81584358215332,27.9727840423584
1773,synthetic_systolic_checkerboard_32_00173,systolic,checkerboard,32,32x32,synthetic,6.424095630645752,16.20979881286621,10.445072174072266,28.577661514282227,30.296884536743164,29.177642822265625
1774,synthetic_systolic_wavefront_32_00174,systolic,wavefront,32,32x32,synthetic,7.529423713684082,12.252869606018066,9.729253768920898,28.20884132385254,29.72295570373535,28.89134979248047
1775,synthetic_systolic_wavefront_32_00175,systolic,wavefront,32,32x32,synthetic,7.273410797119141,12.974409103393555,9.928512573242188,28.147266387939453,29.974760055541992,28.971046447753906
1776,synthetic_systolic_hotspot_32_00176,systolic,hotspot,32,32x32,synthetic,0.14993207156658173,12.431974411010742,3.1908960342407227,25.06346321105957,29.35928726196289,26.27616310119629
1777,synthetic_systolic_hotspot_32_00177,systolic,hotspot,32,32x32,synthetic,1.4838528633117676,16.016704559326172,5.629228591918945,25.623289108276367,29.93614959716797,27.251419067382812
1778,synthetic_systolic_hotspot_32_00178,systolic,hotspot,32,32x32,synthetic,1.4381871223449707,16.72826385498047,5.564844608306885,25.60610580444336,29.8817081451416,27.225666046142578
1779,synthetic_systolic_uniform_32_00179,systolic,uniform,32,32x32,synthetic,13.398341178894043,14.59834098815918,14.138711929321289,30.406150817871094,30.815406799316406,30.655107498168945
1780,synthetic_systolic_wavefront_32_00180,systolic,wavefront,32,32x32,synthetic,9.197957992553711,15.326647758483887,12.052248001098633,28.934959411621094,30.899547576904297,29.82053565979004
1781,synthetic_systolic_uniform_32_00181,systolic,uniform,32,32x32,synthetic,13.379071235656738,14.579071044921875,14.144948959350586,30.400590896606445,30.809850692749023,30.657609939575195
1782,synthetic_systolic_checkerboard_32_00182,systolic,checkerboard,32,32x32,synthetic,7.2000322341918945,15.140344619750977,10.29831314086914,28.520959854125977,30.23614501953125,29.11896324157715
1783,synthetic_systolic_wavefront_32_00183,systolic,wavefront,32,32x32,synthetic,7.153714179992676,13.154352188110352,9.948366165161133,28.111923217773438,30.03545379638672,28.978992462158203
1784,synthetic_systolic_banded_32_00184,systolic,banded,32,32x32,synthetic,4.108188152313232,12.286691665649414,6.4483256340026855,26.6491756439209,29.45986557006836,27.57898712158203
1785,synthetic_systolic_banded_32_00185,systolic,banded,32,32x32,synthetic,5.78135871887207,14.122421264648438,8.168008804321289,27.318567276000977,30.185150146484375,28.26685905456543
1786,synthetic_systolic_checkerboard_32_00186,systolic,checkerboard,32,32x32,synthetic,6.885618686676025,17.168529510498047,11.15519905090332,28.86113739013672,30.581478118896484,29.46169662475586
1787,synthetic_systolic_banded_32_00187,systolic,banded,32,32x32,synthetic,5.673859119415283,12.37744140625,7.591973304748535,27.27431297302246,29.57814598083496,28.03643798828125
1788,synthetic_systolic_uniform_32_00188,systolic,uniform,32,32x32,synthetic,13.56950855255127,14.94948673248291,14.437625885009766,30.48536491394043,30.93349266052246,30.77467918395996
1789,synthetic_systolic_hotspot_32_00189,systolic,hotspot,32,32x32,synthetic,0.4191599488258362,14.057523727416992,4.072065830230713,25.182296752929688,29.256990432739258,26.628585815429688
1790,synthetic_systolic_checkerboard_32_00190,systolic,checkerboard,32,32x32,synthetic,7.426011085510254,17.31692123413086,11.499589920043945,28.99932861328125,30.718791961669922,29.599468231201172
1791,synthetic_systolic_uniform_32_00191,systolic,uniform,32,32x32,synthetic,11.833940505981445,13.033940315246582,12.628552436828613,29.78495979309082,30.194210052490234,30.051048278808594
1792,synthetic_systolic_uniform_32_00192,systolic,uniform,32,32x32,synthetic,12.126320838928223,13.366266250610352,12.94630241394043,29.904048919677734,30.31331443786621,30.17816162109375
1793,synthetic_systolic_uniform_32_00193,systolic,uniform,32,32x32,synthetic,10.618895530700684,12.024085998535156,11.49567985534668,29.30586051940918,29.761856079101562,29.597904205322266
1794,synthetic_systolic_checkerboard_32_00194,systolic,checkerboard,32,32x32,synthetic,7.440666675567627,15.907092094421387,10.80200481414795,28.72184944152832,30.43821907043457,29.320430755615234
1795,synthetic_systolic_wavefront_32_00195,systolic,wavefront,32,32x32,synthetic,9.326202392578125,16.581989288330078,12.70541000366211,29.033361434936523,31.3592529296875,30.081804275512695
1796,synthetic_systolic_hotspot_32_00196,systolic,hotspot,32,32x32,synthetic,0.6741857528686523,14.361398696899414,4.240494251251221,25.280954360961914,29.935684204101562,26.69594383239746
1797,synthetic_systolic_hotspot_32_00197,systolic,hotspot,32,32x32,synthetic,0.5841673612594604,12.207429885864258,3.9776740074157715,25.24576759338379,28.932514190673828,26.590810775756836
1798,synthetic_systolic_wavefront_32_00198,systolic,wavefront,32,32x32,synthetic,8.746739387512207,16.04439926147461,12.145447731018066,28.803314208984375,31.14263153076172,29.857812881469727
1799,synthetic_systolic_wavefront_32_00199,systolic,wavefront,32,32x32,synthetic,7.5241594314575195,15.202878952026367,11.100337982177734,28.330217361450195,30.791671752929688,29.43976593017578
1800,synthetic_systolic_uniform_32_00200,systolic,uniform,32,32x32,synthetic,12.387351989746094,13.750410079956055,13.249652862548828,30.01202964782715,30.454858779907227,30.299501419067383
1801,synthetic_systolic_checkerboard_32_00201,systolic,checkerboard,32,32x32,synthetic,7.377139568328857,14.848489761352539,10.24094009399414,28.498546600341797,30.212690353393555,29.096023559570312
1802,synthetic_systolic_uniform_32_00202,systolic,uniform,32,32x32,synthetic,10.033845901489258,11.233845710754395,10.73786735534668,29.057287216186523,29.466562271118164,29.294780731201172
1803,synthetic_systolic_uniform_32_00203,systolic,uniform,32,32x32,synthetic,12.443558692932129,13.643559455871582,13.24536418914795,30.029420852661133,30.43867301940918,30.29778480529785
1804,synthetic_systolic_hotspot_32_00204,systolic,hotspot,32,32x32,synthetic,1.0378822088241577,12.100956916809082,4.542819976806641,25.42923927307129,28.898372650146484,26.81686782836914
1805,synthetic_systolic_hotspot_32_00205,systolic,hotspot,32,32x32,synthetic,0.8955204486846924,16.79237174987793,7.068470001220703,25.71162986755371,30.463817596435547,27.827091217041016
1806,synthetic_systolic_uniform_32_00206,systolic,uniform,32,32x32,synthetic,12.364331245422363,13.804844856262207,13.253257751464844,30.005054473876953,30.472068786621094,30.300926208496094
1807,synthetic_systolic_hotspot_32_00207,systolic,hotspot,32,32x32,synthetic,0.4758729040622711,15.857330322265625,6.225096702575684,25.423423767089844,30.14775848388672,27.489761352539062
1808,synthetic_systolic_checkerboard_32_00208,systolic,checkerboard,32,32x32,synthetic,6.877011299133301,15.731954574584961,10.432607650756836,28.573654174804688,30.290910720825195,29.17266845703125
1809,synthetic_systolic_hotspot_32_00209,systolic,hotspot,32,32x32,synthetic,1.4656678438186646,15.098336219787598,4.567165374755859,25.590255737304688,30.347301483154297,26.826616287231445
1810,synthetic_systolic_checkerboard_32_00210,systolic,checkerboard,32,32x32,synthetic,7.625813007354736,14.922651290893555,10.40235710144043,28.563291549682617,30.27704620361328,29.16057777404785
1811,synthetic_systolic_checkerboard_32_00211,systolic,checkerboard,32,32x32,synthetic,7.413946628570557,13.643387794494629,9.656791687011719,28.266189575195312,29.986923217773438,28.862333297729492
1812,synthetic_systolic_hotspot_32_00212,systolic,hotspot,32,32x32,synthetic,0.7574583292007446,14.718156814575195,6.062893867492676,25.42538833618164,30.089805603027344,27.42487335205078
1813,synthetic_systolic_checkerboard_32_00213,systolic,checkerboard,32,32x32,synthetic,6.834075450897217,16.257368087768555,10.673847198486328,28.66954803466797,30.38800048828125,29.269180297851562
1814,synthetic_systolic_hotspot_32_00214,systolic,hotspot,32,32x32,synthetic,0.9477023482322693,15.333137512207031,5.764064788818359,25.426715850830078,30.720733642578125,27.305362701416016
1815,synthetic_systolic_uniform_32_00215,systolic,uniform,32,32x32,synthetic,11.629007339477539,12.907243728637695,12.462151527404785,29.706241607666016,30.12257957458496,29.984493255615234
1816,synthetic_systolic_hotspot_32_00216,systolic,hotspot,32,32x32,synthetic,0.5693873167037964,17.3098201751709,6.050118923187256,25.352567672729492,31.007360458374023,27.419780731201172
1817,synthetic_systolic_hotspot_32_00217,systolic,hotspot,32,32x32,synthetic,1.1821093559265137,13.007616996765137,3.9320454597473145,25.476272583007812,29.44113540649414,26.572559356689453
1818,synthetic_systolic_hotspot_32_00218,systolic,hotspot,32,32x32,synthetic,0.288390189409256,15.805115699768066,3.103181838989258,25.11952018737793,29.993877410888672,26.241050720214844
1819,synthetic_systolic_hotspot_32_00219,systolic,hotspot,32,32x32,synthetic,1.4046763181686401,14.939326286315918,4.022269248962402,25.563316345214844,29.85939598083496,26.608688354492188
1820,synthetic_systolic_uniform_32_00220,systolic,uniform,32,32x32,synthetic,13.444968223571777,14.694149017333984,14.268123626708984,30.431743621826172,30.841012954711914,30.70686149597168
1821,synthetic_systolic_wavefront_32_00221,systolic,wavefront,32,32x32,synthetic,8.388325691223145,14.955373764038086,11.446769714355469,28.629425048828125,30.734529495239258,29.578350067138672
1822,synthetic_systolic_checkerboard_32_00222,systolic,checkerboard,32,32x32,synthetic,8.12751579284668,15.002880096435547,10.69332218170166,28.680103302001953,30.394134521484375,29.27695083618164
1823,synthetic_systolic_uniform_32_00223,systolic,uniform,32,32x32,synthetic,10.223661422729492,11.483534812927246,11.050493240356445,29.143556594848633,29.55417251586914,29.419818878173828
1824,synthetic_systolic_banded_32_00224,systolic,banded,32,32x32,synthetic,6.687383651733398,13.510522842407227,8.639707565307617,27.679813385009766,30.024709701538086,28.455528259277344
1825,synthetic_systolic_banded_32_00225,systolic,banded,32,32x32,synthetic,6.168484687805176,11.696255683898926,7.30750846862793,27.46954917907715,29.16147804260254,27.92265510559082
1826,synthetic_systolic_uniform_32_00226,systolic,uniform,32,32x32,synthetic,10.886730194091797,12.086730003356934,11.663959503173828,29.404626846313477,29.813888549804688,29.665233612060547
1827,synthetic_systolic_uniform_32_00227,systolic,uniform,32,32x32,synthetic,13.814003944396973,15.311098098754883,14.722379684448242,30.5865535736084,31.07123565673828,30.888580322265625
1828,synthetic_systolic_checkerboard_32_00228,systolic,checkerboard,32,32x32,synthetic,7.5984578132629395,15.031083106994629,10.44289493560791,28.579347610473633,30.29344367980957,29.176776885986328
1829,synthetic_systolic_uniform_32_00229,systolic,uniform,32,32x32,synthetic,11.347707748413086,12.547707557678223,12.083152770996094,29.585472106933594,29.994731903076172,29.832876205444336
1830,synthetic_systolic_checkerboard_32_00230,systolic,checkerboard,32,32x32,synthetic,6.610043525695801,13.849380493164062,9.357836723327637,28.145538330078125,29.859230041503906,28.742759704589844
1831,synthetic_systolic_uniform_32_00231,systolic,uniform,32,32x32,synthetic,13.623027801513672,14.823028564453125,14.324862480163574,30.492778778076172,30.902040481567383,30.729576110839844
1832,synthetic_systolic_checkerboard_32_00232,systolic,checkerboard,32,32x32,synthetic,7.2368998527526855,14.818050384521484,10.155599594116211,28.464277267456055,30.178686141967773,29.06188201904297
1833,synthetic_systolic_hotspot_32_00233,systolic,hotspot,32,32x32,synthetic,0.0651300922036171,15.891417503356934,5.664475917816162,25.194711685180664,30.157814025878906,27.265525817871094
1834,synthetic_systolic_hotspot_32_00234,systolic,hotspot,32,32x32,synthetic,0.525212287902832,13.358611106872559,5.190326690673828,25.26431655883789,29.850067138671875,27.07585906982422
1835,synthetic_systolic_hotspot_32_00235,systolic,hotspot,32,32x32,synthetic,0.16307556629180908,12.377346992492676,5.065746307373047,25.15400505065918,29.443923950195312,27.026033401489258
1836,synthetic_systolic_banded_32_00236,systolic,banded,32,32x32,synthetic,6.871121406555176,12.12796401977539,8.770566940307617,27.754596710205078,29.671062469482422,28.50788116455078
1837,synthetic_systolic_checkerboard_32_00237,systolic,checkerboard,32,32x32,synthetic,7.3972272872924805,15.912772178649902,10.783124923706055,28.714263916015625,30.430734634399414,29.31288719177246
1838,synthetic_systolic_hotspot_32_00238,systolic,hotspot,32,32x32,synthetic,0.4826679229736328,12.3825101852417,3.1673736572265625,25.196550369262695,29.24614715576172,26.266721725463867
1839,synthetic_systolic_banded_32_00239,systolic,banded,32,32x32,synthetic,4.041543006896973,13.009288787841797,6.607508659362793,26.623075485229492,29.70505714416504,27.642623901367188
1840,synthetic_systolic_checkerboard_32_00240,systolic,checkerboard,32,32x32,synthetic,7.234196186065674,16.183134078979492,10.836790084838867,28.73524284362793,30.452674865722656,29.334339141845703
1841,synthetic_systolic_checkerboard_32_00241,systolic,checkerboard,32,32x32,synthetic,7.135303974151611,16.668411254882812,11.02998161315918,28.8118896484375,30.530563354492188,29.411617279052734
1842,synthetic_systolic_wavefront_32_00242,systolic,wavefront,32,32x32,synthetic,9.663954734802246,17.374710083007812,13.25505256652832,29.187488555908203,31.659229278564453,30.301668167114258
1843,synthetic_systolic_checkerboard_32_00243,systolic,checkerboard,32,32x32,synthetic,7.674182415008545,15.811138153076172,10.870784759521484,28.749744415283203,30.46539306640625,29.34796142578125
1844,synthetic_systolic_hotspot_32_00244,systolic,hotspot,32,32x32,synthetic,1.1098108291625977,16.498388290405273,6.437481880187988,25.53145408630371,31.07318115234375,27.57472038269043
1845,synthetic_systolic_checkerboard_32_00245,systolic,checkerboard,32,32x32,synthetic,7.369137287139893,16.404701232910156,11.015044212341309,28.806428909301758,30.5240478515625,29.4056396484375
1846,synthetic_systolic_wavefront_32_00246,systolic,wavefront,32,32x32,synthetic,8.068222045898438,14.29525375366211,10.968311309814453,28.4871768951416,30.483291625976562,29.386959075927734
1847,synthetic_systolic_checkerboard_32_00247,systolic,checkerboard,32,32x32,synthetic,6.518072605133057,14.442070007324219,9.608195304870605,28.244932174682617,29.9600830078125,28.842906951904297
1848,synthetic_systolic_banded_32_00248,systolic,banded,32,32x32,synthetic,4.926908493041992,14.873796463012695,7.773039817810059,26.978010177612305,30.396446228027344,28.108867645263672
1849,synthetic_systolic_checkerboard_32_00249,systolic,checkerboard,32,32x32,synthetic,7.6261420249938965,15.695612907409668,10.789002418518066,28.71708106994629,30.432579040527344,29.315227508544922
1850,synthetic_standard_multihotspot_64_00000,standard,multihotspot,64,64x64,synthetic,1.2879159450531006,10.533742904663086,1.656537413597107,25.514978408813477,27.87437629699707,25.662372589111328
1851,synthetic_standard_hotspot_64_00001,standard,hotspot,64,64x64,synthetic,0.8948706984519958,10.194208145141602,1.439753770828247,25.357799530029297,28.590139389038086,25.575695037841797
1852,synthetic_standard_multihotspot_64_00002,standard,multihotspot,64,64x64,synthetic,1.4285988807678223,11.835360527038574,1.901337742805481,25.571311950683594,29.067798614501953,25.760366439819336
1853,synthetic_standard_multihotspot_64_00003,standard,multihotspot,64,64x64,synthetic,0.9544408321380615,11.54561996459961,1.442198395729065,25.381628036499023,28.22274398803711,25.576671600341797
1854,synthetic_standard_hotspot_64_00004,standard,hotspot,64,64x64,synthetic,0.14384721219539642,9.583970069885254,0.8352624773979187,25.057458877563477,28.51202392578125,25.333961486816406
1855,synthetic_standard_uniform_64_00005,standard,uniform,64,64x64,synthetic,10.390552520751953,10.390552520751953,10.39055061340332,29.15570068359375,29.15570068359375,29.15570068359375
1856,synthetic_standard_hotspot_64_00006,standard,hotspot,64,64x64,synthetic,0.5423548817634583,11.094450950622559,1.0241034030914307,25.2169132232666,28.803085327148438,25.409564971923828
1857,synthetic_standard_hotspot_64_00007,standard,hotspot,64,64x64,synthetic,1.2310675382614136,8.108559608459473,1.5500917434692383,25.492198944091797,27.744155883789062,25.619770050048828
1858,synthetic_standard_multihotspot_64_00008,standard,multihotspot,64,64x64,synthetic,1.9376274347305298,11.827896118164062,2.4422028064727783,25.77484130859375,28.634654998779297,25.976619720458984
1859,synthetic_standard_uniform_64_00009,standard,uniform,64,64x64,synthetic,8.020727157592773,8.020727157592773,8.02072811126709,28.207748413085938,28.207748413085938,28.207752227783203
1860,synthetic_standard_uniform_64_00010,standard,uniform,64,64x64,synthetic,8.511768341064453,8.511768341064453,8.51176643371582,28.404205322265625,28.404205322265625,28.404205322265625
1861,synthetic_standard_checkerboard_64_00011,standard,checkerboard,64,64x64,synthetic,0.5186326503753662,11.62782096862793,6.0732269287109375,27.30143928527832,27.556392669677734,27.428913116455078
1862,synthetic_standard_stripes_64_00012,standard,stripes,64,64x64,synthetic,0.8383117318153381,9.939772605895996,5.815673351287842,26.26645851135254,28.70981216430664,27.325855255126953
1863,synthetic_standard_stripes_64_00013,standard,stripes,64,64x64,synthetic,0.7420497536659241,9.97260570526123,5.501555442810059,25.434539794921875,28.921815872192383,27.200254440307617
1864,synthetic_standard_hotspot_64_00014,standard,hotspot,64,64x64,synthetic,1.335243821144104,10.114297866821289,1.8089182376861572,25.53391456604004,28.603803634643555,25.723331451416016
1865,synthetic_standard_uniform_64_00015,standard,uniform,64,64x64,synthetic,8.005159378051758,8.005159378051758,8.005158424377441,28.201549530029297,28.201549530029297,28.20154571533203
1866,synthetic_standard_hotspot_64_00016,standard,hotspot,64,64x64,synthetic,1.46481454372406,8.294447898864746,1.6649014949798584,25.5856990814209,27.583581924438477,25.665699005126953
1867,synthetic_standard_checkerboard_64_00017,standard,checkerboard,64,64x64,synthetic,0.3815416395664215,11.870207786560059,6.125874042510986,27.318111419677734,27.581785202026367,27.449949264526367
1868,synthetic_standard_uniform_64_00018,standard,uniform,64,64x64,synthetic,8.107743263244629,8.107743263244629,8.107743263244629,28.2425594329834,28.2425594329834,28.242555618286133
1869,synthetic_standard_hotspot_64_00019,standard,hotspot,64,64x64,synthetic,1.4696602821350098,11.946847915649414,2.0221681594848633,25.587711334228516,29.200416564941406,25.808666229248047
1870,synthetic_standard_uniform_64_00020,standard,uniform,64,64x64,synthetic,10.088706970214844,10.088706970214844,10.088708877563477,29.034957885742188,29.034957885742188,29.03496551513672
1871,synthetic_standard_hotspot_64_00021,standard,hotspot,64,64x64,synthetic,0.9181716442108154,9.004246711730957,1.6683446168899536,25.367185592651367,28.513263702392578,25.667205810546875
1872,synthetic_standard_checkerboard_64_00022,standard,checkerboard,64,64x64,synthetic,0.12388620525598526,8.839677810668945,4.481781482696533,26.69234275817871,26.892362594604492,26.7923526763916
1873,synthetic_standard_uniform_64_00023,standard,uniform,64,64x64,synthetic,10.503649711608887,10.503649711608887,10.50364875793457,29.20090103149414,29.20090103149414,29.200899124145508
1874,synthetic_standard_uniform_64_00024,standard,uniform,64,64x64,synthetic,10.954126358032227,10.954126358032227,10.954127311706543,29.381141662597656,29.381141662597656,29.381135940551758
1875,synthetic_standard_quadrant_64_00025,standard,quadrant,64,64x64,synthetic,1.3898816108703613,10.30087947845459,3.617631435394287,25.555940628051758,29.119869232177734,26.446935653686523
1876,synthetic_standard_uniform_64_00026,standard,uniform,64,64x64,synthetic,8.928099632263184,8.928099632263184,8.928099632263184,28.57071304321289,28.57071304321289,28.570711135864258
1877,synthetic_standard_quadrant_64_00027,standard,quadrant,64,64x64,synthetic,1.443517804145813,8.909594535827637,3.31003737449646,25.57738494873047,28.563426971435547,26.323909759521484
1878,synthetic_standard_checkerboard_64_00028,standard,checkerboard,64,64x64,synthetic,0.29168808460235596,10.04004192352295,5.165864944458008,26.9541015625,27.17782211303711,27.065963745117188
1879,synthetic_standard_quadrant_64_00029,standard,quadrant,64,64x64,synthetic,0.33183208107948303,8.84571361541748,2.4603025913238525,25.132705688476562,28.537843704223633,25.984020233154297
1880,synthetic_standard_uniform_64_00030,standard,uniform,64,64x64,synthetic,9.531299591064453,9.531299591064453,9.53129768371582,28.81199836730957,28.81199836730957,28.81200408935547
1881,synthetic_standard_stripes_64_00031,standard,stripes,64,64x64,synthetic,0.1403609961271286,9.336088180541992,5.16927433013916,25.996976852416992,28.465612411499023,27.06732940673828
1882,synthetic_standard_uniform_64_00032,standard,uniform,64,64x64,synthetic,8.049345016479492,8.049345016479492,8.049345970153809,28.219192504882812,28.219192504882812,28.219188690185547
1883,synthetic_standard_checkerboard_64_00033,standard,checkerboard,64,64x64,synthetic,0.37676846981048584,8.247315406799316,4.312042236328125,26.63414764404297,26.814769744873047,26.724456787109375
1884,synthetic_standard_stripes_64_00034,standard,stripes,64,64x64,synthetic,0.7196852564811707,10.789534568786621,6.226634502410889,26.31818389892578,29.02152442932129,27.49030113220215
1885,synthetic_standard_multihotspot_64_00035,standard,multihotspot,64,64x64,synthetic,1.3306834697723389,10.98328685760498,1.7618732452392578,25.53204345703125,28.325759887695312,25.7044620513916
1886,synthetic_standard_quadrant_64_00036,standard,quadrant,64,64x64,synthetic,0.17336821556091309,11.779444694519043,3.074887275695801,25.06928825378418,29.711322784423828,26.229835510253906
1887,synthetic_standard_stripes_64_00037,standard,stripes,64,64x64,synthetic,0.8388935327529907,10.179670333862305,5.801181793212891,26.464372634887695,28.6916446685791,27.320140838623047
1888,synthetic_standard_multihotspot_64_00038,standard,multihotspot,64,64x64,synthetic,1.5134996175765991,10.728428840637207,1.814084768295288,25.60515594482422,27.893932342529297,25.725339889526367
1889,synthetic_standard_stripes_64_00039,standard,stripes,64,64x64,synthetic,0.769034206867218,9.704602241516113,5.516055107116699,26.387405395507812,28.51802635192871,27.206031799316406
1890,synthetic_standard_hotspot_64_00040,standard,hotspot,64,64x64,synthetic,0.3523922562599182,9.341743469238281,0.6684240698814392,25.140872955322266,27.82530403137207,25.267223358154297
1891,synthetic_standard_checkerboard_64_00041,standard,checkerboard,64,64x64,synthetic,0.062301769852638245,10.287609100341797,5.174955368041992,26.9522647857666,27.186933517456055,27.069599151611328
1892,synthetic_standard_checkerboard_64_00042,standard,checkerboard,64,64x64,synthetic,0.641417920589447,8.179078102111816,4.410247802734375,26.677234649658203,26.850231170654297,26.76373291015625
1893,synthetic_standard_hotspot_64_00043,standard,hotspot,64,64x64,synthetic,0.22100189328193665,9.349920272827148,1.1124979257583618,25.088359832763672,28.55760955810547,25.44487762451172
1894,synthetic_standard_multihotspot_64_00044,standard,multihotspot,64,64x64,synthetic,1.0626975297927856,11.032666206359863,1.69423246383667,25.424917221069336,28.666549682617188,25.677448272705078
1895,synthetic_standard_hotspot_64_00045,standard,hotspot,64,64x64,synthetic,1.4332917928695679,8.02712631225586,1.8920915126800537,25.573177337646484,27.975915908813477,25.756641387939453
1896,synthetic_standard_quadrant_64_00046,standard,quadrant,64,64x64,synthetic,0.4756914973258972,9.294220924377441,2.680323839187622,25.19021224975586,28.717214584350586,26.071990966796875
1897,synthetic_standard_checkerboard_64_00047,standard,checkerboard,64,64x64,synthetic,0.6655871868133545,9.80216121673584,5.233874320983887,26.98835563659668,27.198030471801758,27.093191146850586
1898,synthetic_standard_uniform_64_00048,standard,uniform,64,64x64,synthetic,9.689401626586914,9.689401626586914,9.689401626586914,28.87521743774414,28.87521743774414,28.875215530395508
1899,synthetic_standard_checkerboard_64_00049,standard,checkerboard,64,64x64,synthetic,0.1359693855047226,10.707097053527832,5.421534061431885,27.04693603515625,27.2895450592041,27.16823959350586
1900,synthetic_standard_checkerboard_64_00050,standard,checkerboard,64,64x64,synthetic,0.15622437000274658,10.845504760742188,5.5008649826049805,27.077312469482422,27.322622299194336,27.199966430664062
1901,synthetic_standard_hotspot_64_00051,standard,hotspot,64,64x64,synthetic,1.1482025384902954,10.851522445678711,1.7333393096923828,25.45917320251465,28.8950138092041,25.69317626953125
1902,synthetic_standard_multihotspot_64_00052,standard,multihotspot,64,64x64,synthetic,0.6785891652107239,10.819014549255371,1.150729775428772,25.27131462097168,28.36167335510254,25.46010971069336
1903,synthetic_standard_hotspot_64_00053,standard,hotspot,64,64x64,synthetic,1.1164106130599976,11.234871864318848,1.7092890739440918,25.446495056152344,28.965112686157227,25.683591842651367
1904,synthetic_standard_checkerboard_64_00054,standard,checkerboard,64,64x64,synthetic,0.5863518118858337,8.66183853149414,4.624094486236572,26.756574630737305,26.941898345947266,26.849231719970703
1905,synthetic_standard_hotspot_64_00055,standard,hotspot,64,64x64,synthetic,1.1970641613006592,10.282890319824219,1.5519790649414062,25.47871971130371,28.266042709350586,25.62065887451172
1906,synthetic_standard_multihotspot_64_00056,standard,multihotspot,64,64x64,synthetic,0.39359837770462036,9.726682662963867,0.7955914735794067,25.157386779785156,27.95724868774414,25.31812286376953
1907,synthetic_standard_checkerboard_64_00057,standard,checkerboard,64,64x64,synthetic,0.11548587679862976,8.022923469543457,4.069204330444336,26.536571502685547,26.71805191040039,26.627309799194336
1908,synthetic_standard_quadrant_64_00058,standard,quadrant,64,64x64,synthetic,1.3834997415542603,8.625465393066406,3.19399094581604,25.5533504486084,28.449739456176758,26.277462005615234
1909,synthetic_standard_checkerboard_64_00059,standard,checkerboard,64,64x64,synthetic,0.6899400353431702,9.745665550231934,5.217803001403809,26.98284149169922,27.19065284729004,27.086750030517578
1910,synthetic_standard_checkerboard_64_00060,standard,checkerboard,64,64x64,synthetic,0.40279510617256165,8.26917552947998,4.33598518371582,26.64372444152832,26.82424545288086,26.733985900878906
1911,synthetic_standard_checkerboard_64_00061,standard,checkerboard,64,64x64,synthetic,0.16295725107192993,9.29971981048584,4.7313385009765625,26.787282943725586,26.996986389160156,26.892135620117188
1912,synthetic_standard_multihotspot_64_00062,standard,multihotspot,64,64x64,synthetic,1.0532618761062622,10.979874610900879,1.6157208681106567,25.421194076538086,28.47896957397461,25.646100997924805
1913,synthetic_standard_quadrant_64_00063,standard,quadrant,64,64x64,synthetic,1.0571954250335693,10.462767601013184,3.4085886478424072,25.422813415527344,29.18461799621582,26.363283157348633
1914,synthetic_standard_checkerboard_64_00064,standard,checkerboard,64,64x64,synthetic,0.9822048544883728,8.022558212280273,4.502382755279541,26.719823837280273,26.881391525268555,26.800609588623047
1915,synthetic_standard_multihotspot_64_00065,standard,multihotspot,64,64x64,synthetic,0.8046572208404541,10.116799354553223,1.0972354412078857,25.321720123291016,27.820051193237305,25.43869972229004
1916,synthetic_standard_multihotspot_64_00066,standard,multihotspot,64,64x64,synthetic,1.202871322631836,11.07632827758789,2.0535755157470703,25.481029510498047,28.84739875793457,25.82124900817871
1917,synthetic_standard_checkerboard_64_00067,standard,checkerboard,64,64x64,synthetic,0.5237821936607361,8.792563438415527,4.658172607421875,26.768043518066406,26.957807540893555,26.862926483154297
1918,synthetic_standard_uniform_64_00068,standard,uniform,64,64x64,synthetic,10.6371431350708,10.6371431350708,10.637144088745117,29.254310607910156,29.254310607910156,29.254304885864258
1919,synthetic_standard_uniform_64_00069,standard,uniform,64,64x64,synthetic,8.107558250427246,8.107558250427246,8.107558250427246,28.2425594329834,28.2425594329834,28.242555618286133
1920,synthetic_standard_checkerboard_64_00070,standard,checkerboard,64,64x64,synthetic,0.98866206407547,8.767438888549805,4.878050804138184,26.861583709716797,27.04010581970215,26.950847625732422
1921,synthetic_standard_checkerboard_64_00071,standard,checkerboard,64,64x64,synthetic,0.1967698186635971,8.888256072998047,4.542512893676758,26.716890335083008,26.916362762451172,26.816627502441406
1922,synthetic_standard_hotspot_64_00072,standard,hotspot,64,64x64,synthetic,1.1729179620742798,10.423395156860352,1.6246014833450317,25.46906280517578,28.509035110473633,25.649675369262695
1923,synthetic_standard_hotspot_64_00073,standard,hotspot,64,64x64,synthetic,0.8535626530647278,11.385981559753418,1.2238428592681885,25.341283798217773,28.61115074157715,25.489337921142578
1924,synthetic_standard_stripes_64_00074,standard,stripes,64,64x64,synthetic,0.46544066071510315,10.9487886428833,6.034718990325928,26.61701774597168,28.792316436767578,27.41353988647461
1925,synthetic_standard_checkerboard_64_00075,standard,checkerboard,64,64x64,synthetic,0.6009512543678284,11.14702320098877,5.873988151550293,27.228240966796875,27.470256805419922,27.349246978759766
1926,synthetic_standard_hotspot_64_00076,standard,hotspot,64,64x64,synthetic,1.2801166772842407,10.055754661560059,1.7686043977737427,25.511878967285156,28.550111770629883,25.707216262817383
1927,synthetic_standard_uniform_64_00077,standard,uniform,64,64x64,synthetic,9.793211936950684,9.793211936950684,9.793211936950684,28.916805267333984,28.916805267333984,28.916807174682617
1928,synthetic_standard_quadrant_64_00078,standard,quadrant,64,64x64,synthetic,1.0676051378250122,7.254769802093506,2.614396095275879,25.4269962310791,27.901470184326172,26.04562759399414
1929,synthetic_standard_quadrant_64_00079,standard,quadrant,64,64x64,synthetic,1.24000084400177,9.733421325683594,3.3633556365966797,25.495956420898438,28.89289665222168,26.345205307006836
1930,synthetic_standard_hotspot_64_00080,standard,hotspot,64,64x64,synthetic,0.48056843876838684,8.218356132507324,0.661922812461853,25.192123413085938,27.36283302307129,25.264610290527344
1931,synthetic_standard_checkerboard_64_00081,standard,checkerboard,64,64x64,synthetic,0.9183610081672668,11.440094947814941,6.179226875305176,27.3505916595459,27.59205436706543,27.471324920654297
1932,synthetic_standard_uniform_64_00082,standard,uniform,64,64x64,synthetic,8.957711219787598,8.957711219787598,8.957711219787598,28.582534790039062,28.582534790039062,28.58252716064453
1933,synthetic_standard_multihotspot_64_00083,standard,multihotspot,64,64x64,synthetic,1.5136860609054565,10.698874473571777,1.9475455284118652,25.605289459228516,28.129730224609375,25.77878189086914
1934,synthetic_standard_uniform_64_00084,standard,uniform,64,64x64,synthetic,8.530908584594727,8.530908584594727,8.53090763092041,28.411834716796875,28.411834716796875,28.411834716796875
1935,synthetic_standard_quadrant_64_00085,standard,quadrant,64,64x64,synthetic,1.3703140020370483,10.987061500549316,3.774501085281372,25.548126220703125,29.394350051879883,26.509695053100586
1936,synthetic_standard_uniform_64_00086,standard,uniform,64,64x64,synthetic,10.297085762023926,10.297085762023926,10.297086715698242,29.118309020996094,29.118309020996094,29.118314743041992
1937,synthetic_standard_checkerboard_64_00087,standard,checkerboard,64,64x64,synthetic,0.2670912742614746,9.473535537719727,4.870312690734863,26.842113494873047,27.053394317626953,26.94775390625
1938,synthetic_standard_stripes_64_00088,standard,stripes,64,64x64,synthetic,0.14445139467716217,9.584716796875,5.012088775634766,25.19871711730957,28.76515007019043,27.00450897216797
1939,synthetic_standard_multihotspot_64_00089,standard,multihotspot,64,64x64,synthetic,0.15846697986125946,11.539247512817383,0.7011533975601196,25.063385009765625,28.419719696044922,25.280359268188477
1940,synthetic_standard_hotspot_64_00090,standard,hotspot,64,64x64,synthetic,0.10888713598251343,9.809789657592773,0.8762437105178833,25.043537139892578,28.650842666625977,25.35041618347168
1941,synthetic_standard_hotspot_64_00091,standard,hotspot,64,64x64,synthetic,0.4200612008571625,9.54729175567627,0.6807754635810852,25.167936325073242,27.910608291625977,25.272167205810547
1942,synthetic_standard_checkerboard_64_00092,standard,checkerboard,64,64x64,synthetic,0.8693675398826599,8.690048217773438,4.779708385467529,26.8217716217041,27.001256942749023,26.911514282226562
1943,synthetic_standard_quadrant_64_00093,standard,quadrant,64,64x64,synthetic,0.6878757476806641,8.635098457336426,2.6746809482574463,25.275089263916016,28.453550338745117,26.069725036621094
1944,synthetic_standard_uniform_64_00094,standard,uniform,64,64x64,synthetic,9.571528434753418,9.571528434753418,9.571528434753418,28.828113555908203,28.828113555908203,28.82811737060547
1945,synthetic_standard_quadrant_64_00095,standard,quadrant,64,64x64,synthetic,1.0960627794265747,8.746347427368164,3.0086333751678467,25.438356399536133,28.498088836669922,26.20330047607422
1946,synthetic_standard_quadrant_64_00096,standard,quadrant,64,64x64,synthetic,0.6431368589401245,8.383963584899902,2.578343152999878,25.25725555419922,28.353107452392578,26.031240463256836
1947,synthetic_standard_checkerboard_64_00097,standard,checkerboard,64,64x64,synthetic,0.3611733019351959,11.54255485534668,5.951865196228027,27.252090454101562,27.50870132446289,27.380395889282227
1948,synthetic_standard_multihotspot_64_00098,standard,multihotspot,64,64x64,synthetic,0.7780944108963013,11.508657455444336,1.1631174087524414,25.311147689819336,28.24074363708496,25.465091705322266
1949,synthetic_standard_checkerboard_64_00099,standard,checkerboard,64,64x64,synthetic,0.05444042757153511,11.511707305908203,5.783074378967285,27.1813907623291,27.444339752197266,27.3128662109375
1950,synthetic_standard_checkerboard_64_00100,standard,checkerboard,64,64x64,synthetic,0.33981433510780334,10.147314071655273,5.243564605712891,26.98450469970703,27.209583282470703,27.0970458984375
1951,synthetic_standard_hotspot_64_00101,standard,hotspot,64,64x64,synthetic,0.19512464106082916,9.057265281677246,0.48721182346343994,25.077964782714844,27.841434478759766,25.194759368896484
1952,synthetic_standard_quadrant_64_00102,standard,quadrant,64,64x64,synthetic,0.8631047010421753,9.44480037689209,3.0085289478302,25.345184326171875,28.777400970458984,26.203258514404297
1953,synthetic_standard_hotspot_64_00103,standard,hotspot,64,64x64,synthetic,0.21188920736312866,10.833680152893066,0.4400917887687683,25.08472442626953,28.009906768798828,25.175941467285156
1954,synthetic_standard_hotspot_64_00104,standard,hotspot,64,64x64,synthetic,1.3456647396087646,11.08036994934082,1.8590184450149536,25.538097381591797,28.888824462890625,25.743377685546875
1955,synthetic_standard_uniform_64_00105,standard,uniform,64,64x64,synthetic,8.677762031555176,8.677762031555176,8.677762985229492,28.4705810546875,28.4705810546875,28.4705810546875
1956,synthetic_standard_stripes_64_00106,standard,stripes,64,64x64,synthetic,0.9138311147689819,10.70179557800293,6.266624450683594,26.366979598999023,28.994678497314453,27.506298065185547
1957,synthetic_standard_stripes_64_00107,standard,stripes,64,64x64,synthetic,0.536235511302948,10.291167259216309,5.41370153427124,25.416711807250977,28.913497924804688,27.165102005004883
1958,synthetic_standard_uniform_64_00108,standard,uniform,64,64x64,synthetic,8.316878318786621,8.316878318786621,8.316878318786621,28.326290130615234,28.326290130615234,28.326292037963867
1959,synthetic_standard_quadrant_64_00109,standard,quadrant,64,64x64,synthetic,0.6387038230895996,8.752603530883789,2.667178153991699,25.255443572998047,28.500568389892578,26.066747665405273
1960,synthetic_standard_hotspot_64_00110,standard,hotspot,64,64x64,synthetic,0.0940568819642067,11.779987335205078,0.5733625888824463,25.03762435913086,28.91746711730957,25.22929573059082
1961,synthetic_standard_hotspot_64_00111,standard,hotspot,64,64x64,synthetic,0.05169020593166351,8.51414680480957,0.5723296999931335,25.020648956298828,28.047937393188477,25.22885513305664
1962,synthetic_standard_uniform_64_00112,standard,uniform,64,64x64,synthetic,8.864361763000488,8.864361763000488,8.864362716674805,28.54525375366211,28.54525375366211,28.545255661010742
1963,synthetic_standard_multihotspot_64_00113,standard,multihotspot,64,64x64,synthetic,1.7108674049377441,11.999303817749023,2.060133934020996,25.684127807617188,28.301856994628906,25.823787689208984
1964,synthetic_standard_checkerboard_64_00114,standard,checkerboard,64,64x64,synthetic,0.5153643488883972,9.285222053527832,4.900293350219727,26.859132766723633,27.060401916503906,26.959768295288086
1965,synthetic_standard_hotspot_64_00115,standard,hotspot,64,64x64,synthetic,1.4391001462936401,8.05471420288086,1.8235034942626953,25.575462341308594,27.92440414428711,25.72917938232422
1966,synthetic_standard_checkerboard_64_00116,standard,checkerboard,64,64x64,synthetic,0.7372645139694214,11.059948921203613,5.89860725402832,27.24063491821289,27.4775333404541,27.359085083007812
1967,synthetic_standard_uniform_64_00117,standard,uniform,64,64x64,synthetic,10.379977226257324,10.379977226257324,10.379976272583008,29.151504516601562,29.151504516601562,29.15149688720703
1968,synthetic_standard_multihotspot_64_00118,standard,multihotspot,64,64x64,synthetic,1.6711363792419434,8.030455589294434,1.890001654624939,25.668148040771484,27.33184242248535,25.755661010742188
1969,synthetic_standard_checkerboard_64_00119,standard,checkerboard,64,64x64,synthetic,0.7487512230873108,9.985623359680176,5.367186546325684,27.040489196777344,27.25248146057129,27.146484375
1970,synthetic_standard_checkerboard_64_00120,standard,checkerboard,64,64x64,synthetic,0.16152192652225494,11.970606803894043,6.06606388092041,27.290525436401367,27.561534881591797,27.426029205322266
1971,synthetic_standard_hotspot_64_00121,standard,hotspot,64,64x64,synthetic,1.2487611770629883,11.7157621383667,1.632073998451233,25.499374389648438,28.83305549621582,25.65264892578125
1972,synthetic_standard_uniform_64_00122,standard,uniform,64,64x64,synthetic,8.038652420043945,8.038652420043945,8.038651466369629,28.214996337890625,28.214996337890625,28.214996337890625
1973,synthetic_standard_hotspot_64_00123,standard,hotspot,64,64x64,synthetic,0.5366288423538208,8.358076095581055,0.8287873268127441,25.214557647705078,27.66221046447754,25.33136749267578
1974,synthetic_standard_quadrant_64_00124,standard,quadrant,64,64x64,synthetic,1.2284142971038818,10.569721221923828,3.5637407302856445,25.491287231445312,29.227434158325195,26.425338745117188
1975,synthetic_standard_uniform_64_00125,standard,uniform,64,64x64,synthetic,8.193470001220703,8.193470001220703,8.19346809387207,28.27688980102539,28.27688980102539,28.276887893676758
1976,synthetic_standard_multihotspot_64_00126,standard,multihotspot,64,64x64,synthetic,1.2845162153244019,8.847121238708496,1.5813214778900146,25.513652801513672,27.852453231811523,25.632335662841797
1977,synthetic_standard_multihotspot_64_00127,standard,multihotspot,64,64x64,synthetic,1.9116383790969849,9.692422866821289,2.3324122428894043,25.764442443847656,28.26958465576172,25.932706832885742
1978,synthetic_standard_hotspot_64_00128,standard,hotspot,64,64x64,synthetic,1.3593236207962036,8.153667449951172,1.8569562435150146,25.54355812072754,28.084339141845703,25.742568969726562
1979,synthetic_standard_checkerboard_64_00129,standard,checkerboard,64,64x64,synthetic,0.7813045382499695,8.720776557922363,4.751040458679199,26.808975219726562,26.991180419921875,26.90007972717285
1980,synthetic_standard_hotspot_64_00130,standard,hotspot,64,64x64,synthetic,1.2209564447402954,8.709334373474121,1.4842197895050049,25.488182067871094,27.890899658203125,25.593454360961914
1981,synthetic_standard_hotspot_64_00131,standard,hotspot,64,64x64,synthetic,0.7202137112617493,10.08552074432373,1.0471763610839844,25.28797721862793,28.29024314880371,25.4187068939209
1982,synthetic_standard_quadrant_64_00132,standard,quadrant,64,64x64,synthetic,0.754341185092926,11.581932067871094,3.4612388610839844,25.30169677734375,29.632280349731445,26.38437271118164
1983,synthetic_standard_stripes_64_00133,standard,stripes,64,64x64,synthetic,0.29359132051467896,10.161653518676758,5.690187931060791,26.127050399780273,28.776241302490234,27.27568817138672
1984,synthetic_standard_uniform_64_00134,standard,uniform,64,64x64,synthetic,8.642915725708008,8.642915725708008,8.642914772033691,28.45665740966797,28.45665740966797,28.456663131713867
1985,synthetic_standard_uniform_64_00135,standard,uniform,64,64x64,synthetic,11.788250923156738,11.788250923156738,11.788252830505371,29.714839935302734,29.714839935302734,29.714841842651367
1986,synthetic_standard_quadrant_64_00136,standard,quadrant,64,64x64,synthetic,1.1433453559875488,7.540640830993652,2.742669105529785,25.45732307434082,28.01582908630371,26.096961975097656
1987,synthetic_standard_quadrant_64_00137,standard,quadrant,64,64x64,synthetic,1.1156642436981201,8.661222457885742,3.00205397605896,25.44617462158203,28.46402359008789,26.200645446777344
1988,synthetic_standard_multihotspot_64_00138,standard,multihotspot,64,64x64,synthetic,0.04810095205903053,9.507704734802246,0.5626399517059326,25.01921844482422,28.0258731842041,25.224966049194336
1989,synthetic_standard_quadrant_64_00139,standard,quadrant,64,64x64,synthetic,1.2724133729934692,10.10759162902832,3.481208086013794,25.508926391601562,29.042518615722656,26.392337799072266
1990,synthetic_standard_hotspot_64_00140,standard,hotspot,64,64x64,synthetic,0.8177679777145386,10.41274642944336,1.0426503419876099,25.326934814453125,28.018779754638672,25.416845321655273
1991,synthetic_standard_multihotspot_64_00141,standard,multihotspot,64,64x64,synthetic,1.0249607563018799,11.351938247680664,1.4520632028579712,25.409854888916016,28.57090187072754,25.580644607543945
1992,synthetic_standard_hotspot_64_00142,standard,hotspot,64,64x64,synthetic,0.2839924693107605,8.667484283447266,0.46820008754730225,25.113481521606445,27.46840476989746,25.187110900878906
1993,synthetic_standard_stripes_64_00143,standard,stripes,64,64x64,synthetic,0.3829389810562134,7.689457416534424,4.264527320861816,26.150306701660156,27.6663818359375,26.705440521240234
1994,synthetic_standard_uniform_64_00144,standard,uniform,64,64x64,synthetic,9.565116882324219,9.565116882324219,9.565116882324219,28.825538635253906,28.825538635253906,28.825532913208008
1995,synthetic_standard_uniform_64_00145,standard,uniform,64,64x64,synthetic,9.334540367126465,9.334540367126465,9.334539413452148,28.73331069946289,28.73331069946289,28.733308792114258
1996,synthetic_standard_quadrant_64_00146,standard,quadrant,64,64x64,synthetic,0.7612569332122803,11.1132230758667,3.349247932434082,25.304462432861328,29.44478988647461,26.33957290649414
1997,synthetic_standard_checkerboard_64_00147,standard,checkerboard,64,64x64,synthetic,0.3835518956184387,11.786186218261719,6.084869384765625,27.302759170532227,27.56444549560547,27.43360137939453
1998,synthetic_standard_multihotspot_64_00148,standard,multihotspot,64,64x64,synthetic,1.9522535800933838,9.753938674926758,2.2665648460388184,25.7806339263916,27.958526611328125,25.906322479248047
1999,synthetic_standard_quadrant_64_00149,standard,quadrant,64,64x64,synthetic,1.0069206953048706,8.49164867401123,2.8781025409698486,25.40268898010254,28.396259307861328,26.15109634399414
2000,synthetic_standard_checkerboard_64_00150,standard,checkerboard,64,64x64,synthetic,0.919532060623169,10.732306480407715,5.8259196281433105,27.217435836791992,27.442636489868164,27.330036163330078
2001,synthetic_standard_checkerboard_64_00151,standard,checkerboard,64,64x64,synthetic,0.8542407155036926,9.286236763000488,5.0702385902404785,26.93096351623535,27.124475479125977,27.02771759033203
2002,synthetic_standard_quadrant_64_00152,standard,quadrant,64,64x64,synthetic,1.3710548877716064,8.465770721435547,3.1447341442108154,25.548389434814453,28.385835647583008,26.257766723632812
2003,synthetic_standard_hotspot_64_00153,standard,hotspot,64,64x64,synthetic,1.3257999420166016,9.183059692382812,1.6710896492004395,25.530193328857422,28.08531951904297,25.66827392578125
2004,synthetic_standard_quadrant_64_00154,standard,quadrant,64,64x64,synthetic,1.4650055170059204,10.250653266906738,3.6614174842834473,25.585975646972656,29.099748611450195,26.464435577392578
2005,synthetic_standard_quadrant_64_00155,standard,quadrant,64,64x64,synthetic,0.11348919570446014,8.796391487121582,2.284214735031128,25.04534912109375,28.51810073852539,25.913570404052734
2006,synthetic_standard_quadrant_64_00156,standard,quadrant,64,64x64,synthetic,1.3540897369384766,7.140262603759766,2.8006327152252197,25.541513442993164,27.855632781982422,26.120059967041016
2007,synthetic_standard_uniform_64_00157,standard,uniform,64,64x64,synthetic,9.467878341674805,9.467878341674805,9.467879295349121,28.7866268157959,28.7866268157959,28.786623001098633
2008,synthetic_standard_checkerboard_64_00158,standard,checkerboard,64,64x64,synthetic,0.1604844033718109,11.387728691101074,5.774106025695801,27.180469512939453,27.43812370300293,27.309295654296875
2009,synthetic_standard_stripes_64_00159,standard,stripes,64,64x64,synthetic,0.5544596910476685,8.509567260742188,4.780610084533691,26.183103561401367,28.079944610595703,26.91189956665039
2010,synthetic_standard_quadrant_64_00160,standard,quadrant,64,64x64,synthetic,0.9269791841506958,9.196910858154297,2.994462013244629,25.370742797851562,28.67833709716797,26.19765853881836
2011,synthetic_standard_quadrant_64_00161,standard,quadrant,64,64x64,synthetic,1.2317876815795898,11.055929183959961,3.68782377243042,25.49262237548828,29.421907424926758,26.47496223449707
2012,synthetic_standard_multihotspot_64_00162,standard,multihotspot,64,64x64,synthetic,1.775913119316101,9.999994277954102,2.191244125366211,25.710201263427734,27.895395278930664,25.876291275024414
2013,synthetic_standard_hotspot_64_00163,standard,hotspot,64,64x64,synthetic,1.3459826707839966,10.295454025268555,1.6955716609954834,25.538166046142578,28.233413696289062,25.677959442138672
2014,synthetic_standard_uniform_64_00164,standard,uniform,64,64x64,synthetic,9.290558815002441,9.290558815002441,9.290558815002441,28.71567153930664,28.71567153930664,28.715669631958008
2015,synthetic_standard_quadrant_64_00165,standard,quadrant,64,64x64,synthetic,1.1525287628173828,10.711165428161621,3.5421876907348633,25.460960388183594,29.283981323242188,26.416730880737305
2016,synthetic_standard_hotspot_64_00166,standard,hotspot,64,64x64,synthetic,1.2133986949920654,9.61296558380127,1.6071282625198364,25.485172271728516,28.334304809570312,25.642616271972656
2017,synthetic_standard_multihotspot_64_00167,standard,multihotspot,64,64x64,synthetic,1.6891119480133057,8.599428176879883,2.0251567363739014,25.67544174194336,27.718294143676758,25.809812545776367
2018,synthetic_standard_quadrant_64_00168,standard,quadrant,64,64x64,synthetic,1.3528437614440918,7.244668483734131,2.8257999420166016,25.54104232788086,27.897411346435547,26.130149841308594
2019,synthetic_standard_stripes_64_00169,standard,stripes,64,64x64,synthetic,0.5088741779327393,9.807851791381836,5.303659439086914,25.342321395874023,28.8554630279541,27.12112808227539
2020,synthetic_standard_hotspot_64_00170,standard,hotspot,64,64x64,synthetic,0.0038679158315062523,8.46530818939209,0.4955238997936249,25.001480102539062,28.032981872558594,25.198101043701172
2021,synthetic_standard_hotspot_64_00171,standard,hotspot,64,64x64,synthetic,0.046383026987314224,9.491756439208984,0.7912207841873169,25.018550872802734,28.54525375366211,25.316436767578125
2022,synthetic_standard_multihotspot_64_00172,standard,multihotspot,64,64x64,synthetic,1.3884743452072144,8.585655212402344,1.8319082260131836,25.55522918701172,28.02678871154785,25.732540130615234
2023,synthetic_standard_checkerboard_64_00173,standard,checkerboard,64,64x64,synthetic,0.040608346462249756,10.112924575805664,5.0767669677734375,26.914764404296875,27.145917892456055,27.03034019470215
2024,synthetic_standard_checkerboard_64_00174,standard,checkerboard,64,64x64,synthetic,0.7933983206748962,11.047046661376953,5.92022180557251,27.25011444091797,27.485424041748047,27.36777114868164
2025,synthetic_standard_stripes_64_00175,standard,stripes,64,64x64,synthetic,0.14238792657852173,9.20413875579834,5.0980329513549805,25.98404312133789,28.416770935058594,27.038829803466797
2026,synthetic_standard_quadrant_64_00176,standard,quadrant,64,64x64,synthetic,0.9811047911643982,11.676010131835938,3.6548314094543457,25.392391204833984,29.669954299926758,26.461807250976562
2027,synthetic_standard_hotspot_64_00177,standard,hotspot,64,64x64,synthetic,0.5517866015434265,11.086430549621582,0.8527029156684875,25.220563888549805,28.386259078979492,25.340877532958984
2028,synthetic_standard_quadrant_64_00178,standard,quadrant,64,64x64,synthetic,0.2608087956905365,11.676743507385254,3.114792585372925,25.104286193847656,29.670236587524414,26.245813369750977
2029,synthetic_standard_hotspot_64_00179,standard,hotspot,64,64x64,synthetic,0.7929028272628784,9.87197208404541,1.0611076354980469,25.317068099975586,28.201969146728516,25.424312591552734
2030,synthetic_standard_quadrant_64_00180,standard,quadrant,64,64x64,synthetic,1.4593576192855835,11.984598159790039,4.090667724609375,25.583696365356445,29.793352127075195,26.636127471923828
2031,synthetic_standard_hotspot_64_00181,standard,hotspot,64,64x64,synthetic,0.03570731729269028,11.402935981750488,0.7905622720718384,25.014259338378906,29.1447811126709,25.31613540649414
2032,synthetic_standard_multihotspot_64_00182,standard,multihotspot,64,64x64,synthetic,0.7480921149253845,9.041770935058594,1.1703951358795166,25.299142837524414,27.941390991210938,25.468000411987305
2033,synthetic_standard_hotspot_64_00183,standard,hotspot,64,64x64,synthetic,1.2453778982162476,9.271085739135742,1.4609119892120361,25.497905731201172,27.896297454833984,25.584095001220703
2034,synthetic_standard_uniform_64_00184,standard,uniform,64,64x64,synthetic,10.11296272277832,10.11296272277832,10.112961769104004,29.04468536376953,29.04468536376953,29.044679641723633
2035,synthetic_standard_hotspot_64_00185,standard,hotspot,64,64x64,synthetic,0.641137421131134,10.569190979003906,1.295574426651001,25.256364822387695,28.851585388183594,25.51806640625
2036,synthetic_standard_hotspot_64_00186,standard,hotspot,64,64x64,synthetic,0.9991966485977173,9.492121696472168,1.1650742292404175,25.399471282958984,27.672443389892578,25.46579360961914
2037,synthetic_standard_hotspot_64_00187,standard,hotspot,64,64x64,synthetic,0.41053307056427,8.943084716796875,1.0479748249053955,25.16417694091797,28.365949630737305,25.419116973876953
2038,synthetic_standard_stripes_64_00188,standard,stripes,64,64x64,synthetic,0.769111692905426,8.751157760620117,5.134293556213379,26.124231338500977,28.267074584960938,27.053329467773438
2039,synthetic_standard_stripes_64_00189,standard,stripes,64,64x64,synthetic,0.05678103491663933,8.596890449523926,4.593714714050293,25.554893493652344,28.350242614746094,26.837158203125
2040,synthetic_standard_hotspot_64_00190,standard,hotspot,64,64x64,synthetic,0.3989242613315582,8.471502304077148,1.1478452682495117,25.159502029418945,28.21334457397461,25.458984375
2041,synthetic_standard_multihotspot_64_00191,standard,multihotspot,64,64x64,synthetic,0.8763238787651062,8.983369827270508,1.3410009145736694,25.350460052490234,28.294475555419922,25.53628158569336
2042,synthetic_standard_uniform_64_00192,standard,uniform,64,64x64,synthetic,9.76202392578125,9.76202392578125,9.76202392578125,28.904312133789062,28.904312133789062,28.90430450439453
2043,synthetic_standard_hotspot_64_00193,standard,hotspot,64,64x64,synthetic,1.2243626117706299,9.831368446350098,1.6614370346069336,25.489580154418945,28.47852325439453,25.664371490478516
2044,synthetic_standard_hotspot_64_00194,standard,hotspot,64,64x64,synthetic,0.9669240713119507,10.165800094604492,1.2903220653533936,25.38665008544922,28.133493423461914,25.51595687866211
2045,synthetic_standard_stripes_64_00195,standard,stripes,64,64x64,synthetic,0.26721715927124023,10.611272811889648,6.085749626159668,25.871675491333008,29.092384338378906,27.43396759033203
2046,synthetic_standard_hotspot_64_00196,standard,hotspot,64,64x64,synthetic,0.1806584894657135,11.636000633239746,0.9245845675468445,25.072242736816406,29.214658737182617,25.369762420654297
2047,synthetic_standard_hotspot_64_00197,standard,hotspot,64,64x64,synthetic,1.4131015539169312,9.405770301818848,1.811173677444458,25.56505584716797,28.299985885620117,25.724241256713867
2048,synthetic_standard_multihotspot_64_00198,standard,multihotspot,64,64x64,synthetic,0.007727764546871185,10.637784957885742,0.5357276201248169,25.003005981445312,28.36174964904785,25.214149475097656
2049,synthetic_standard_uniform_64_00199,standard,uniform,64,64x64,synthetic,11.8104887008667,11.8104887008667,11.810486793518066,29.723709106445312,29.723709106445312,29.72370147705078
2050,synthetic_systolic_wavefront_64_00000,systolic,wavefront,64,64x64,synthetic,7.8132524490356445,13.084749221801758,10.287809371948242,28.233505249023438,30.135852813720703,29.114788055419922
2051,synthetic_systolic_banded_64_00001,systolic,banded,64,64x64,synthetic,4.604667663574219,13.533395767211914,6.684258460998535,26.84164810180664,30.220186233520508,27.673404693603516
2052,synthetic_systolic_wavefront_64_00002,systolic,wavefront,64,64x64,synthetic,7.68839168548584,13.903627395629883,10.605960845947266,28.203001022338867,30.4459228515625,29.2420654296875
2053,synthetic_systolic_checkerboard_64_00003,systolic,checkerboard,64,64x64,synthetic,6.937859535217285,23.020538330078125,13.148260116577148,28.89013671875,32.91421890258789,30.259090423583984
2054,synthetic_systolic_wavefront_64_00004,systolic,wavefront,64,64x64,synthetic,9.376381874084473,15.702240943908691,12.345879554748535,28.88047218322754,31.1633358001709,29.938030242919922
2055,synthetic_systolic_checkerboard_64_00005,systolic,checkerboard,64,64x64,synthetic,7.605759620666504,21.16227149963379,12.553079605102539,28.654855728149414,32.673404693603516,30.021026611328125
2056,synthetic_systolic_uniform_64_00006,systolic,uniform,64,64x64,synthetic,11.64971923828125,12.908714294433594,12.472816467285156,29.68631362915039,30.144004821777344,29.988765716552734
2057,synthetic_systolic_wavefront_64_00007,systolic,wavefront,64,64x64,synthetic,7.868060111999512,15.233652114868164,11.325632095336914,28.298555374145508,30.95662498474121,29.529930114746094
2058,synthetic_systolic_checkerboard_64_00008,systolic,checkerboard,64,64x64,synthetic,6.722273349761963,19.940479278564453,11.500439643859863,28.23415184020996,32.25189971923828,29.599966049194336
2059,synthetic_systolic_wavefront_64_00009,systolic,wavefront,64,64x64,synthetic,7.84755277633667,13.996089935302734,10.733811378479004,28.265283584594727,30.48414421081543,29.293193817138672
2060,synthetic_systolic_checkerboard_64_00010,systolic,checkerboard,64,64x64,synthetic,7.552182197570801,22.284133911132812,13.087221145629883,28.867204666137695,32.88823318481445,30.234676361083984
2061,synthetic_systolic_checkerboard_64_00011,systolic,checkerboard,64,64x64,synthetic,8.070158958435059,19.282442092895508,11.84536361694336,28.36644744873047,32.406646728515625,29.73788833618164
2062,synthetic_systolic_uniform_64_00012,systolic,uniform,64,64x64,synthetic,12.355148315429688,13.658076286315918,13.19311809539795,29.969133377075195,30.442481994628906,30.27689552307129
2063,synthetic_systolic_checkerboard_64_00013,systolic,checkerboard,64,64x64,synthetic,7.288142204284668,20.433544158935547,12.0299072265625,28.445993423461914,32.463565826416016,29.811702728271484
2064,synthetic_systolic_hotspot_64_00014,systolic,hotspot,64,64x64,synthetic,0.9889914989471436,17.836849212646484,5.65530252456665,25.39678192138672,31.78571891784668,27.261930465698242
2065,synthetic_systolic_checkerboard_64_00015,systolic,checkerboard,64,64x64,synthetic,6.68612813949585,23.111482620239258,13.067867279052734,28.857637405395508,32.88237762451172,30.226940155029297
2066,synthetic_systolic_uniform_64_00016,systolic,uniform,64,64x64,synthetic,13.161101341247559,14.361101150512695,13.875103950500488,30.286300659179688,30.73146629333496,30.5496883392334
2067,synthetic_systolic_wavefront_64_00017,systolic,wavefront,64,64x64,synthetic,7.777626037597656,15.425811767578125,11.367853164672852,28.268203735351562,31.028257369995117,29.546825408935547
2068,synthetic_systolic_wavefront_64_00018,systolic,wavefront,64,64x64,synthetic,7.244214057922363,14.04306411743164,10.435744285583496,28.037357330322266,30.490886688232422,29.173982620239258
2069,synthetic_systolic_hotspot_64_00019,systolic,hotspot,64,64x64,synthetic,0.5063193440437317,13.56441593170166,5.633475303649902,25.214954376220703,30.20697021484375,27.253189086914062
2070,synthetic_systolic_banded_64_00020,systolic,banded,64,64x64,synthetic,4.806481838226318,10.349322319030762,6.531852722167969,26.922407150268555,29.08896827697754,27.612462997436523
2071,synthetic_systolic_uniform_64_00021,systolic,uniform,64,64x64,synthetic,11.106656074523926,12.306655883789062,11.901230812072754,29.467905044555664,29.913063049316406,29.760128021240234
2072,synthetic_systolic_checkerboard_64_00022,systolic,checkerboard,64,64x64,synthetic,6.609992504119873,21.972742080688477,12.460429191589355,28.615793228149414,32.63821792602539,29.983957290649414
2073,synthetic_systolic_hotspot_64_00023,systolic,hotspot,64,64x64,synthetic,1.2596418857574463,15.48743724822998,5.245728492736816,25.50439453125,30.490995407104492,27.09809112548828
2074,synthetic_systolic_uniform_64_00024,systolic,uniform,64,64x64,synthetic,10.968914031982422,12.364361763000488,11.83820629119873,29.41596221923828,29.92230987548828,29.73492431640625
2075,synthetic_systolic_wavefront_64_00025,systolic,wavefront,64,64x64,synthetic,8.223649024963379,12.994302749633789,10.463098526000977,28.387348175048828,30.10895347595215,29.184906005859375
2076,synthetic_systolic_uniform_64_00026,systolic,uniform,64,64x64,synthetic,11.99983024597168,13.332413673400879,12.847840309143066,29.82742691040039,30.311342239379883,30.138771057128906
2077,synthetic_systolic_hotspot_64_00027,systolic,hotspot,64,64x64,synthetic,0.06935251504182816,13.105620384216309,6.2344770431518555,25.201683044433594,30.096538543701172,27.493560791015625
2078,synthetic_systolic_uniform_64_00028,systolic,uniform,64,64x64,synthetic,11.04524040222168,12.245240211486816,11.745147705078125,29.439376831054688,29.884538650512695,29.697711944580078
2079,synthetic_systolic_hotspot_64_00029,systolic,hotspot,64,64x64,synthetic,0.7279489040374756,15.889315605163574,6.683595657348633,25.46510887145996,30.518247604370117,27.673206329345703
2080,synthetic_systolic_checkerboard_64_00030,systolic,checkerboard,64,64x64,synthetic,6.238819122314453,20.477649688720703,11.527297019958496,28.243730545043945,32.26369094848633,29.610633850097656
2081,synthetic_systolic_wavefront_64_00031,systolic,wavefront,64,64x64,synthetic,6.853145122528076,12.618253707885742,9.559414863586426,27.859638214111328,29.940113067626953,28.823440551757812
2082,synthetic_systolic_checkerboard_64_00032,systolic,checkerboard,64,64x64,synthetic,6.618691444396973,21.98452377319336,12.470669746398926,28.61989402770996,32.642417907714844,29.98806381225586
2083,synthetic_systolic_hotspot_64_00033,systolic,hotspot,64,64x64,synthetic,0.8032411336898804,17.46464729309082,4.448828220367432,25.32129669189453,31.723485946655273,26.779380798339844
2084,synthetic_systolic_hotspot_64_00034,systolic,hotspot,64,64x64,synthetic,0.8761189579963684,12.444255828857422,6.587863922119141,25.422462463378906,29.883817672729492,27.634912490844727
2085,synthetic_systolic_hotspot_64_00035,systolic,hotspot,64,64x64,synthetic,1.4177483320236206,15.976129531860352,6.560474395751953,25.580583572387695,31.000173568725586,27.62397575378418
2086,synthetic_systolic_wavefront_64_00036,systolic,wavefront,64,64x64,synthetic,8.20302963256836,13.975768089294434,10.912879943847656,28.399736404418945,30.48298454284668,29.364822387695312
2087,synthetic_systolic_banded_64_00037,systolic,banded,64,64x64,synthetic,4.422962188720703,12.054647445678711,7.0836181640625,26.769020080566406,29.77568244934082,27.83316993713379
2088,synthetic_systolic_banded_64_00038,systolic,banded,64,64x64,synthetic,6.701442241668701,14.901910781860352,9.560394287109375,27.6804141998291,30.911142349243164,28.82388687133789
2089,synthetic_systolic_uniform_64_00039,systolic,uniform,64,64x64,synthetic,13.71906566619873,14.919066429138184,14.495984077453613,30.51212501525879,30.95730209350586,30.798036575317383
2090,synthetic_systolic_hotspot_64_00040,systolic,hotspot,64,64x64,synthetic,0.5914137959480286,16.882007598876953,5.513613700866699,25.2425537109375,31.53868293762207,27.205245971679688
2091,synthetic_systolic_uniform_64_00041,systolic,uniform,64,64x64,synthetic,11.761507034301758,12.961506843566895,12.443819046020508,29.725126266479492,30.170305252075195,29.977182388305664
2092,synthetic_systolic_wavefront_64_00042,systolic,wavefront,64,64x64,synthetic,7.7397308349609375,14.117359161376953,10.733530044555664,28.226886749267578,30.52841567993164,29.293094635009766
2093,synthetic_systolic_uniform_64_00043,systolic,uniform,64,64x64,synthetic,10.682577133178711,11.933664321899414,11.502997398376465,29.299352645874023,29.754209518432617,29.60083770751953
2094,synthetic_systolic_checkerboard_64_00044,systolic,checkerboard,64,64x64,synthetic,6.609443664550781,20.07538604736328,11.51147747039795,28.238269805908203,32.25649642944336,29.604331970214844
2095,synthetic_systolic_uniform_64_00045,systolic,uniform,64,64x64,synthetic,12.491403579711914,13.69140338897705,13.210122108459473,30.01862335205078,30.463794708251953,30.2836971282959
2096,synthetic_systolic_checkerboard_64_00046,systolic,checkerboard,64,64x64,synthetic,7.555773735046387,21.214683532714844,12.554291725158691,28.655183792114258,32.67392349243164,30.021503448486328
2097,synthetic_systolic_hotspot_64_00047,systolic,hotspot,64,64x64,synthetic,0.3763604760169983,17.596288681030273,4.853020668029785,25.151689529418945,31.399459838867188,26.94103240966797
2098,synthetic_systolic_hotspot_64_00048,systolic,hotspot,64,64x64,synthetic,0.9209188222885132,17.32040786743164,4.750884056091309,25.368453979492188,31.544525146484375,26.90017318725586
2099,synthetic_systolic_checkerboard_64_00049,systolic,checkerboard,64,64x64,synthetic,6.692702770233154,19.5792236328125,11.30502700805664,28.15630340576172,32.173301696777344,29.521728515625
2100,synthetic_systolic_banded_64_00050,systolic,banded,64,64x64,synthetic,4.425736427307129,11.297192573547363,6.821351528167725,26.7701473236084,29.477251052856445,27.72826385498047
2101,synthetic_systolic_wavefront_64_00051,systolic,wavefront,64,64x64,synthetic,8.62514877319336,13.77353286743164,11.041913986206055,28.55571746826172,30.413652420043945,29.416427612304688
2102,synthetic_systolic_wavefront_64_00052,systolic,wavefront,64,64x64,synthetic,8.6444730758667,15.924688339233398,12.061966896057129,28.60737419128418,31.234638214111328,29.824478149414062
2103,synthetic_systolic_uniform_64_00053,systolic,uniform,64,64x64,synthetic,10.171319961547852,11.431734085083008,10.99489688873291,29.094999313354492,29.55316734313965,29.397605895996094
2104,synthetic_systolic_uniform_64_00054,systolic,uniform,64,64x64,synthetic,12.099796295166016,13.299796104431152,12.784198760986328,29.86052131652832,30.30569076538086,30.113317489624023
2105,synthetic_systolic_wavefront_64_00055,systolic,wavefront,64,64x64,synthetic,9.803585052490234,17.054121017456055,13.207146644592285,29.07037925720215,31.686946868896484,30.282527923583984
2106,synthetic_systolic_banded_64_00056,systolic,banded,64,64x64,synthetic,6.709287166595459,12.22008991241455,8.630535125732422,27.68350601196289,29.854570388793945,28.451915740966797
2107,synthetic_systolic_banded_64_00057,systolic,banded,64,64x64,synthetic,6.780816555023193,14.864179611206055,8.985191345214844,27.712125778198242,30.832887649536133,28.593791961669922
2108,synthetic_systolic_wavefront_64_00058,systolic,wavefront,64,64x64,synthetic,7.806425094604492,15.385783195495605,11.36434268951416,28.27830696105957,31.013505935668945,29.545413970947266
2109,synthetic_systolic_banded_64_00059,systolic,banded,64,64x64,synthetic,5.998394012451172,14.286401748657227,7.928755760192871,27.399139404296875,30.535282135009766,28.171218872070312
2110,synthetic_systolic_banded_64_00060,systolic,banded,64,64x64,synthetic,4.281809329986572,14.319818496704102,7.40643310546875,26.712570190429688,30.636343002319336,27.962299346923828
2111,synthetic_systolic_uniform_64_00061,systolic,uniform,64,64x64,synthetic,11.356428146362305,12.556427955627441,12.067914962768555,29.56432342529297,30.009485244750977,29.82681655883789
2112,synthetic_systolic_hotspot_64_00062,systolic,hotspot,64,64x64,synthetic,0.3483692407608032,17.712434768676758,5.788015842437744,25.16531753540039,31.22115135192871,27.314990997314453
2113,synthetic_systolic_uniform_64_00063,systolic,uniform,64,64x64,synthetic,13.102620124816895,14.40618896484375,13.940807342529297,30.26812171936035,30.7417049407959,30.575963973999023
2114,synthetic_systolic_hotspot_64_00064,systolic,hotspot,64,64x64,synthetic,1.2230141162872314,17.04050636291504,6.095263481140137,25.492677688598633,31.393009185791016,27.437896728515625
2115,synthetic_systolic_hotspot_64_00065,systolic,hotspot,64,64x64,synthetic,0.5421326756477356,12.013551712036133,4.205934047698975,25.217004776000977,29.617576599121094,26.682188034057617
2116,synthetic_systolic_checkerboard_64_00066,systolic,checkerboard,64,64x64,synthetic,7.431166172027588,19.941150665283203,11.855220794677734,28.376808166503906,32.39570236206055,29.741809844970703
2117,synthetic_systolic_checkerboard_64_00067,systolic,checkerboard,64,64x64,synthetic,8.07481575012207,20.81272315979004,12.612832069396973,28.679615020751953,32.69629669189453,30.0449275970459
2118,synthetic_systolic_checkerboard_64_00068,systolic,checkerboard,64,64x64,synthetic,7.154216289520264,20.70806312561035,12.100202560424805,28.47367286682129,32.492210388183594,29.839868545532227
2119,synthetic_systolic_wavefront_64_00069,systolic,wavefront,64,64x64,synthetic,9.768912315368652,16.253297805786133,12.812826156616211,29.040742874145508,31.38081932067871,30.124801635742188
2120,synthetic_systolic_hotspot_64_00070,systolic,hotspot,64,64x64,synthetic,0.5472508072853088,15.387785911560059,5.054468154907227,25.22217559814453,30.343013763427734,27.02157974243164
2121,synthetic_systolic_hotspot_64_00071,systolic,hotspot,64,64x64,synthetic,0.7381327152252197,12.501005172729492,5.802853584289551,25.309505462646484,29.871675491333008,27.320913314819336
2122,synthetic_systolic_banded_64_00072,systolic,banded,64,64x64,synthetic,5.373348712921143,14.65576171875,8.609503746032715,27.14915657043457,30.80622673034668,28.443511962890625
2123,synthetic_systolic_wavefront_64_00073,systolic,wavefront,64,64x64,synthetic,9.778648376464844,16.132450103759766,12.761262893676758,29.04194450378418,31.334875106811523,30.104171752929688
2124,synthetic_systolic_wavefront_64_00074,systolic,wavefront,64,64x64,synthetic,8.205883026123047,15.185029029846191,11.482048034667969,28.42572593688965,30.944334030151367,29.59249496459961
2125,synthetic_systolic_banded_64_00075,systolic,banded,64,64x64,synthetic,6.109166622161865,14.679643630981445,8.446378707885742,27.443485260009766,30.75228500366211,28.37826919555664
2126,synthetic_systolic_hotspot_64_00076,systolic,hotspot,64,64x64,synthetic,0.8657061457633972,13.827764511108398,5.8825554847717285,25.35348129272461,30.397300720214844,27.352815628051758
2127,synthetic_systolic_checkerboard_64_00077,systolic,checkerboard,64,64x64,synthetic,7.268218040466309,22.18375015258789,12.89504623413086,28.79014015197754,32.81166458129883,30.157821655273438
2128,synthetic_systolic_banded_64_00078,systolic,banded,64,64x64,synthetic,4.469788074493408,10.63748550415039,6.389664173126221,26.787748336791992,29.198556900024414,27.555591583251953
2129,synthetic_systolic_uniform_64_00079,systolic,uniform,64,64x64,synthetic,13.92171573638916,15.121715545654297,14.697771072387695,30.593135833740234,31.03831672668457,30.878746032714844
2130,synthetic_systolic_hotspot_64_00080,systolic,hotspot,64,64x64,synthetic,1.272109031677246,14.694756507873535,7.288750648498535,25.682748794555664,30.49773406982422,27.915245056152344
2131,synthetic_systolic_checkerboard_64_00081,systolic,checkerboard,64,64x64,synthetic,8.136909484863281,23.116270065307617,13.795652389526367,29.15030860900879,33.171939849853516,30.518051147460938
2132,synthetic_systolic_uniform_64_00082,systolic,uniform,64,64x64,synthetic,12.46105670928955,13.661056518554688,13.159490585327148,30.0056095123291,30.45078468322754,30.263429641723633
2133,synthetic_systolic_hotspot_64_00083,systolic,hotspot,64,64x64,synthetic,0.5202047228813171,16.911968231201172,6.600028991699219,25.38201141357422,31.017051696777344,27.639793395996094
2134,synthetic_systolic_uniform_64_00084,systolic,uniform,64,64x64,synthetic,11.356559753417969,12.556559562683105,12.052355766296387,29.563720703125,30.00889015197754,29.820587158203125
2135,synthetic_systolic_checkerboard_64_00085,systolic,checkerboard,64,64x64,synthetic,8.160447120666504,19.33841323852539,11.918493270874023,28.395275115966797,32.436283111572266,29.767120361328125
2136,synthetic_systolic_banded_64_00086,systolic,banded,64,64x64,synthetic,4.232357501983643,12.644984245300293,6.851034641265869,26.69280433654785,29.98114585876465,27.740142822265625
2137,synthetic_systolic_hotspot_64_00087,systolic,hotspot,64,64x64,synthetic,1.397331953048706,13.19429874420166,4.030059337615967,25.558900833129883,30.15450668334961,26.61185646057129
2138,synthetic_systolic_wavefront_64_00088,systolic,wavefront,64,64x64,synthetic,6.6623454093933105,12.118220329284668,9.223453521728516,27.776962280273438,29.745834350585938,28.689067840576172
2139,synthetic_systolic_wavefront_64_00089,systolic,wavefront,64,64x64,synthetic,8.694549560546875,15.21135425567627,11.753681182861328,28.611661911010742,30.963424682617188,29.70114517211914
2140,synthetic_systolic_checkerboard_64_00090,systolic,checkerboard,64,64x64,synthetic,6.700345993041992,22.94622039794922,12.992345809936523,28.827606201171875,32.852054595947266,30.19674301147461
2141,synthetic_systolic_wavefront_64_00091,systolic,wavefront,64,64x64,synthetic,7.574534893035889,15.131425857543945,11.121906280517578,28.185083389282227,30.912187576293945,29.448440551757812
2142,synthetic_systolic_hotspot_64_00092,systolic,hotspot,64,64x64,synthetic,0.5206656455993652,14.38283634185791,6.550417900085449,25.382190704345703,30.3934326171875,27.619935989379883
2143,synthetic_systolic_wavefront_64_00093,systolic,wavefront,64,64x64,synthetic,7.785942077636719,15.363090515136719,11.342823028564453,28.270076751708984,31.004487991333008,29.536813735961914
2144,synthetic_systolic_checkerboard_64_00094,systolic,checkerboard,64,64x64,synthetic,7.018749713897705,21.954057693481445,12.655466079711914,28.694318771362305,32.715850830078125,30.061983108520508
2145,synthetic_systolic_hotspot_64_00095,systolic,hotspot,64,64x64,synthetic,0.6601797342300415,15.898451805114746,6.778402328491211,25.437564849853516,30.862394332885742,27.711135864257812
2146,synthetic_systolic_checkerboard_64_00096,systolic,checkerboard,64,64x64,synthetic,7.0188069343566895,21.375276565551758,12.366104125976562,28.579185485839844,32.59944534301758,29.946247100830078
2147,synthetic_systolic_uniform_64_00097,systolic,uniform,64,64x64,synthetic,13.079168319702148,14.279169082641602,13.83269214630127,30.25518035888672,30.700361251831055,30.53272247314453
2148,synthetic_systolic_checkerboard_64_00098,systolic,checkerboard,64,64x64,synthetic,6.698584079742432,20.293516159057617,11.66511344909668,28.29960823059082,32.31815719604492,29.665803909301758
2149,synthetic_systolic_checkerboard_64_00099,systolic,checkerboard,64,64x64,synthetic,7.389648914337158,21.494260787963867,12.611019134521484,28.67740821838379,32.69715881347656,30.044212341308594
2150,synthetic_systolic_checkerboard_64_00100,systolic,checkerboard,64,64x64,synthetic,6.592848777770996,22.46543312072754,12.698204040527344,28.71031951904297,32.73389434814453,30.079072952270508
2151,synthetic_systolic_uniform_64_00101,systolic,uniform,64,64x64,synthetic,12.051291465759277,13.251291275024414,12.848854064941406,29.845876693725586,30.291057586669922,30.139177322387695
2152,synthetic_systolic_hotspot_64_00102,systolic,hotspot,64,64x64,synthetic,1.3284751176834106,15.743483543395996,6.9713134765625,25.57482147216797,30.97934913635254,27.788311004638672
2153,synthetic_systolic_checkerboard_64_00103,systolic,checkerboard,64,64x64,synthetic,6.869548320770264,20.726057052612305,11.966865539550781,28.419994354248047,32.439144134521484,29.786487579345703
2154,synthetic_systolic_hotspot_64_00104,systolic,hotspot,64,64x64,synthetic,0.348768949508667,13.334071159362793,5.292588233947754,25.14802360534668,30.056148529052734,27.11681365966797
2155,synthetic_systolic_banded_64_00105,systolic,banded,64,64x64,synthetic,4.607246398925781,11.964295387268066,7.437985420227051,26.842741012573242,29.755918502807617,27.974903106689453
2156,synthetic_systolic_wavefront_64_00106,systolic,wavefront,64,64x64,synthetic,8.612516403198242,14.935420036315918,11.580626487731934,28.574857711791992,30.85665512084961,29.63192367553711
2157,synthetic_systolic_uniform_64_00107,systolic,uniform,64,64x64,synthetic,13.573494911193848,14.82632827758789,14.394506454467773,30.455739974975586,30.91123390197754,30.7574405670166
2158,synthetic_systolic_hotspot_64_00108,systolic,hotspot,64,64x64,synthetic,0.80925053358078,14.351485252380371,5.41697883605957,25.324703216552734,30.59918975830078,27.16657829284668
2159,synthetic_systolic_uniform_64_00109,systolic,uniform,64,64x64,synthetic,11.596378326416016,13.049256324768066,12.485112190246582,29.667755126953125,30.19460678100586,29.993684768676758
2160,synthetic_systolic_checkerboard_64_00110,systolic,checkerboard,64,64x64,synthetic,7.006465911865234,21.65584373474121,12.50021743774414,28.632503509521484,32.653446197509766,29.9998836517334
2161,synthetic_systolic_wavefront_64_00111,systolic,wavefront,64,64x64,synthetic,9.12043285369873,16.405601501464844,12.540251731872559,28.797834396362305,31.4268856048584,30.015771865844727
2162,synthetic_systolic_uniform_64_00112,systolic,uniform,64,64x64,synthetic,13.698369979858398,15.134958267211914,14.581589698791504,30.50830841064453,31.02935218811035,30.8322696685791
2163,synthetic_systolic_hotspot_64_00113,systolic,hotspot,64,64x64,synthetic,0.937113344669342,13.276878356933594,4.69165563583374,25.375009536743164,30.133312225341797,26.876480102539062
2164,synthetic_systolic_banded_64_00114,systolic,banded,64,64x64,synthetic,4.777439594268799,12.96554183959961,6.684532642364502,26.910770416259766,30.009000778198242,27.67352294921875
2165,synthetic_systolic_checkerboard_64_00115,systolic,checkerboard,64,64x64,synthetic,6.921243190765381,20.751047134399414,12.005207061767578,28.435407638549805,32.4544563293457,29.801868438720703
2166,synthetic_systolic_checkerboard_64_00116,systolic,checkerboard,64,64x64,synthetic,7.454799652099609,23.003746032714844,13.398335456848145,28.990766525268555,33.01359176635742,30.359127044677734
2167,synthetic_systolic_hotspot_64_00117,systolic,hotspot,64,64x64,synthetic,1.45999014377594,16.00678253173828,4.758517742156982,25.58404541015625,31.300830841064453,26.903234481811523
2168,synthetic_systolic_banded_64_00118,systolic,banded,64,64x64,synthetic,5.721943378448486,12.07206916809082,7.935805797576904,27.288623809814453,29.79032325744629,28.17405891418457
2169,synthetic_systolic_checkerboard_64_00119,systolic,checkerboard,64,64x64,synthetic,7.747234344482422,20.47185516357422,12.278607368469238,28.545957565307617,32.5626335144043,29.911224365234375
2170,synthetic_systolic_banded_64_00120,systolic,banded,64,64x64,synthetic,4.803900718688965,10.68777084350586,7.067811965942383,26.921390533447266,29.251222610473633,27.82683563232422
2171,synthetic_systolic_wavefront_64_00121,systolic,wavefront,64,64x64,synthetic,7.692968368530273,15.285993576049805,11.257301330566406,28.233217239379883,30.973363876342773,29.502609252929688
2172,synthetic_systolic_hotspot_64_00122,systolic,hotspot,64,64x64,synthetic,1.6002620458602905,13.252913475036621,7.545347213745117,25.81399154663086,30.107149124145508,28.017887115478516
2173,synthetic_systolic_uniform_64_00123,systolic,uniform,64,64x64,synthetic,13.701568603515625,14.901568412780762,14.499017715454102,30.505985260009766,30.951171875,30.79924964904785
2174,synthetic_systolic_hotspot_64_00124,systolic,hotspot,64,64x64,synthetic,0.559313178062439,12.354842185974121,6.565401077270508,25.37644386291504,29.83143424987793,27.62592887878418
2175,synthetic_systolic_banded_64_00125,systolic,banded,64,64x64,synthetic,4.50317907333374,10.773422241210938,6.689191818237305,26.80112648010254,29.271329879760742,27.675399780273438
2176,synthetic_systolic_checkerboard_64_00126,systolic,checkerboard,64,64x64,synthetic,6.284604549407959,20.738628387451172,11.680679321289062,28.304861068725586,32.32526779174805,29.671985626220703
2177,synthetic_systolic_uniform_64_00127,systolic,uniform,64,64x64,synthetic,12.922111511230469,14.31213092803955,13.789566040039062,30.197147369384766,30.70156478881836,30.515464782714844
2178,synthetic_systolic_wavefront_64_00128,systolic,wavefront,64,64x64,synthetic,7.641645431518555,14.668874740600586,10.94038200378418,28.20102310180664,30.73699378967285,29.375835418701172
2179,synthetic_systolic_checkerboard_64_00129,systolic,checkerboard,64,64x64,synthetic,7.698976993560791,21.429590225219727,12.733346939086914,28.72675895690918,32.7455940246582,30.09311294555664
2180,synthetic_systolic_checkerboard_64_00130,systolic,checkerboard,64,64x64,synthetic,6.34698486328125,22.47003746032715,12.577573776245117,28.661842346191406,32.68595886230469,30.03082275390625
2181,synthetic_systolic_banded_64_00131,systolic,banded,64,64x64,synthetic,5.997753143310547,14.822708129882812,8.053175926208496,27.398845672607422,30.7381534576416,28.220951080322266
2182,synthetic_systolic_banded_64_00132,systolic,banded,64,64x64,synthetic,4.58382511138916,13.656062126159668,8.074509620666504,26.833415985107422,30.425792694091797,28.229549407958984
2183,synthetic_systolic_hotspot_64_00133,systolic,hotspot,64,64x64,synthetic,0.23544815182685852,17.848676681518555,6.270202159881592,25.165700912475586,31.70972442626953,27.507884979248047
2184,synthetic_systolic_hotspot_64_00134,systolic,hotspot,64,64x64,synthetic,1.1213005781173706,17.554183959960938,4.31053352355957,25.4484920501709,31.595367431640625,26.72405242919922
2185,synthetic_systolic_checkerboard_64_00135,systolic,checkerboard,64,64x64,synthetic,7.1883625984191895,19.58283042907715,11.554658889770508,28.25668716430664,32.27670669555664,29.62158966064453
2186,synthetic_systolic_uniform_64_00136,systolic,uniform,64,64x64,synthetic,11.604405403137207,13.048264503479004,12.490087509155273,29.67084312438965,30.19446563720703,29.99567985534668
2187,synthetic_systolic_checkerboard_64_00137,systolic,checkerboard,64,64x64,synthetic,6.6795854568481445,22.13144874572754,12.574579238891602,28.661361694335938,32.683982849121094,30.029613494873047
2188,synthetic_systolic_banded_64_00138,systolic,banded,64,64x64,synthetic,5.377370834350586,10.043025016784668,6.829692840576172,27.150699615478516,28.974458694458008,27.73157501220703
2189,synthetic_systolic_wavefront_64_00139,systolic,wavefront,64,64x64,synthetic,8.20146369934082,14.939764022827148,11.364570617675781,28.41899299621582,30.850690841674805,29.545507431030273
2190,synthetic_systolic_checkerboard_64_00140,systolic,checkerboard,64,64x64,synthetic,6.184816360473633,20.53798484802246,11.530463218688965,28.244876861572266,32.265079498291016,29.611915588378906
2191,synthetic_systolic_wavefront_64_00141,systolic,wavefront,64,64x64,synthetic,7.726596832275391,13.056035995483398,10.228353500366211,28.20004653930664,30.123306274414062,29.091014862060547
2192,synthetic_systolic_hotspot_64_00142,systolic,hotspot,64,64x64,synthetic,1.1285227537155151,12.716598510742188,5.934895038604736,25.457683563232422,29.913955688476562,27.373737335205078
2193,synthetic_systolic_banded_64_00143,systolic,banded,64,64x64,synthetic,6.684115886688232,11.58080768585205,8.019468307495117,27.67337417602539,29.563819885253906,28.207454681396484
2194,synthetic_systolic_checkerboard_64_00144,systolic,checkerboard,64,64x64,synthetic,6.589443683624268,21.349008560180664,12.138288497924805,28.487592697143555,32.5086669921875,29.85507583618164
2195,synthetic_systolic_banded_64_00145,systolic,banded,64,64x64,synthetic,6.6110124588012695,11.529146194458008,7.756496429443359,27.644161224365234,29.50510597229004,28.102306365966797
2196,synthetic_systolic_hotspot_64_00146,systolic,hotspot,64,64x64,synthetic,0.05481329932808876,15.264981269836426,4.412153720855713,25.02227020263672,30.897428512573242,26.76468849182129
2197,synthetic_systolic_uniform_64_00147,systolic,uniform,64,64x64,synthetic,12.79747486114502,14.012368202209473,13.60564136505127,30.14478874206543,30.590002059936523,30.4419002532959
2198,synthetic_systolic_wavefront_64_00148,systolic,wavefront,64,64x64,synthetic,7.949551105499268,13.19404411315918,10.411432266235352,28.287477493286133,30.180091857910156,29.16424560546875
2199,synthetic_systolic_hotspot_64_00149,systolic,hotspot,64,64x64,synthetic,0.12042049318552017,15.507528305053711,4.3041510581970215,25.048851013183594,30.678077697753906,26.721481323242188
2200,synthetic_systolic_uniform_64_00150,systolic,uniform,64,64x64,synthetic,11.60107421875,12.925198554992676,12.446220397949219,29.66777801513672,30.14869499206543,29.978113174438477
2201,synthetic_systolic_uniform_64_00151,systolic,uniform,64,64x64,synthetic,12.266094207763672,13.549508094787598,13.097458839416504,29.933225631713867,30.399614334106445,30.238616943359375
2202,synthetic_systolic_checkerboard_64_00152,systolic,checkerboard,64,64x64,synthetic,7.843964576721191,21.202632904052734,12.692361831665039,28.71077537536621,32.72879409790039,30.07672882080078
2203,synthetic_systolic_hotspot_64_00153,systolic,hotspot,64,64x64,synthetic,0.21130919456481934,12.138960838317871,3.9729397296905518,25.084619522094727,29.697317123413086,26.588991165161133
2204,synthetic_systolic_wavefront_64_00154,systolic,wavefront,64,64x64,synthetic,7.421749114990234,13.70067024230957,10.369213104248047,28.097633361816406,30.36355972290039,29.14734649658203
2205,synthetic_systolic_wavefront_64_00155,systolic,wavefront,64,64x64,synthetic,8.47797679901123,13.486091613769531,10.828896522521973,28.493968963623047,30.301279067993164,29.331226348876953
2206,synthetic_systolic_banded_64_00156,systolic,banded,64,64x64,synthetic,4.482047080993652,10.858978271484375,6.705254554748535,26.792638778686523,29.304935455322266,27.681808471679688
2207,synthetic_systolic_hotspot_64_00157,systolic,hotspot,64,64x64,synthetic,0.5593377351760864,15.321940422058105,6.746733665466309,25.32139778137207,31.027074813842773,27.698490142822266
2208,synthetic_systolic_checkerboard_64_00158,systolic,checkerboard,64,64x64,synthetic,6.414098739624023,20.847732543945312,11.799978256225586,28.352630615234375,32.37308120727539,29.71976089477539
2209,synthetic_systolic_hotspot_64_00159,systolic,hotspot,64,64x64,synthetic,0.3089424669742584,14.43161678314209,5.605891227722168,25.138019561767578,30.570083618164062,27.242164611816406
2210,synthetic_systolic_wavefront_64_00160,systolic,wavefront,64,64x64,synthetic,7.9580912590026855,13.919290542602539,10.75640869140625,28.305660247802734,30.45691680908203,29.30224609375
2211,synthetic_systolic_hotspot_64_00161,systolic,hotspot,64,64x64,synthetic,0.849530041217804,12.649935722351074,4.239745140075684,25.33983039855957,29.874048233032227,26.695724487304688
2212,synthetic_systolic_banded_64_00162,systolic,banded,64,64x64,synthetic,5.74819278717041,12.146907806396484,7.493154525756836,27.299083709716797,29.769412994384766,27.996990203857422
2213,synthetic_systolic_hotspot_64_00163,systolic,hotspot,64,64x64,synthetic,1.0036147832870483,14.609721183776855,4.542901992797852,25.401491165161133,30.329618453979492,26.81697654724121
2214,synthetic_systolic_hotspot_64_00164,systolic,hotspot,64,64x64,synthetic,0.9781980514526367,16.54051399230957,7.4486985206604,25.565204620361328,31.45416259765625,27.97925567626953
2215,synthetic_systolic_uniform_64_00165,systolic,uniform,64,64x64,synthetic,12.353043556213379,13.743680953979492,13.220707893371582,29.96953582763672,30.474180221557617,30.28792953491211
2216,synthetic_systolic_banded_64_00166,systolic,banded,64,64x64,synthetic,6.475931167602539,10.944843292236328,7.6946258544921875,27.590103149414062,29.31540870666504,28.077529907226562
2217,synthetic_systolic_banded_64_00167,systolic,banded,64,64x64,synthetic,6.043050765991211,13.428760528564453,8.617951393127441,27.417001724243164,30.326744079589844,28.446861267089844
2218,synthetic_systolic_hotspot_64_00168,systolic,hotspot,64,64x64,synthetic,0.9554643034934998,13.766283988952637,4.3721795082092285,25.382278442382812,30.07622528076172,26.74867820739746
2219,synthetic_systolic_banded_64_00169,systolic,banded,64,64x64,synthetic,5.001740455627441,10.467650413513184,6.492321491241455,27.000492095947266,29.110715866088867,27.596660614013672
2220,synthetic_systolic_banded_64_00170,systolic,banded,64,64x64,synthetic,5.967443466186523,14.833471298217773,8.385255813598633,27.386751174926758,30.80970001220703,28.35379409790039
2221,synthetic_systolic_checkerboard_64_00171,systolic,checkerboard,64,64x64,synthetic,7.282944202423096,22.320152282714844,12.970611572265625,28.82024574279785,32.842041015625,30.18804931640625
2222,synthetic_systolic_checkerboard_64_00172,systolic,checkerboard,64,64x64,synthetic,8.108180046081543,21.529590606689453,12.987947463989258,28.828908920288086,32.84711456298828,30.194957733154297
2223,synthetic_systolic_uniform_64_00173,systolic,uniform,64,64x64,synthetic,10.10061264038086,11.522875785827637,10.978983879089355,29.069013595581055,29.584938049316406,29.39124298095703
2224,synthetic_systolic_hotspot_64_00174,systolic,hotspot,64,64x64,synthetic,1.144608736038208,16.7040958404541,5.520671844482422,25.458736419677734,31.277713775634766,27.20806121826172
2225,synthetic_systolic_uniform_64_00175,systolic,uniform,64,64x64,synthetic,13.05654525756836,14.256546020507812,13.806568145751953,30.24598503112793,30.691164016723633,30.522274017333984
2226,synthetic_systolic_checkerboard_64_00176,systolic,checkerboard,64,64x64,synthetic,7.005509853363037,22.614877700805664,12.979256629943848,28.82301902770996,32.846046447753906,30.19146728515625
2227,synthetic_systolic_uniform_64_00177,systolic,uniform,64,64x64,synthetic,11.73570442199707,13.0245361328125,12.568902969360352,29.72115135192871,30.189472198486328,30.027202606201172
2228,synthetic_systolic_uniform_64_00178,systolic,uniform,64,64x64,synthetic,13.169013977050781,14.630670547485352,14.060720443725586,30.296934127807617,30.826904296875,30.62392807006836
2229,synthetic_systolic_uniform_64_00179,systolic,uniform,64,64x64,synthetic,10.61179256439209,12.094696998596191,11.510692596435547,29.27435302734375,29.811904907226562,29.603923797607422
2230,synthetic_systolic_uniform_64_00180,systolic,uniform,64,64x64,synthetic,10.31575870513916,11.784205436706543,11.20976448059082,29.155723571777344,29.688133239746094,29.48354721069336
2231,synthetic_systolic_banded_64_00181,systolic,banded,64,64x64,synthetic,5.96717643737793,12.75715446472168,7.548632621765137,27.38661766052246,29.955835342407227,28.019132614135742
2232,synthetic_systolic_hotspot_64_00182,systolic,hotspot,64,64x64,synthetic,0.9875949621200562,17.06211280822754,5.73854923248291,25.396682739257812,31.713966369628906,27.29524040222168
2233,synthetic_systolic_hotspot_64_00183,systolic,hotspot,64,64x64,synthetic,0.7837179899215698,14.16499137878418,5.5549211502075195,25.32047462463379,30.17829132080078,27.221750259399414
2234,synthetic_systolic_uniform_64_00184,systolic,uniform,64,64x64,synthetic,11.13207721710205,12.332077026367188,11.865107536315918,29.475475311279297,29.920656204223633,29.745685577392578
2235,synthetic_systolic_wavefront_64_00185,systolic,wavefront,64,64x64,synthetic,7.950159072875977,13.469121932983398,10.540881156921387,28.293359756469727,30.285030364990234,29.216022491455078
2236,synthetic_systolic_wavefront_64_00186,systolic,wavefront,64,64x64,synthetic,6.564476490020752,11.754653930664062,9.000860214233398,27.732324600219727,29.605318069458008,28.600011825561523
2237,synthetic_systolic_wavefront_64_00187,systolic,wavefront,64,64x64,synthetic,8.698240280151367,15.746553421020508,12.006874084472656,28.62409210205078,31.16768455505371,29.80243492126465
2238,synthetic_systolic_wavefront_64_00188,systolic,wavefront,64,64x64,synthetic,9.232973098754883,14.079588890075684,11.508081436157227,28.79263687133789,30.541658401489258,29.602886199951172
2239,synthetic_systolic_wavefront_64_00189,systolic,wavefront,64,64x64,synthetic,8.66262149810791,13.954401016235352,11.146699905395508,28.573678970336914,30.483356475830078,29.458354949951172
2240,synthetic_systolic_banded_64_00190,systolic,banded,64,64x64,synthetic,5.2126054763793945,14.4380521774292,8.084296226501465,27.084848403930664,30.69101333618164,28.23341941833496
2241,synthetic_systolic_hotspot_64_00191,systolic,hotspot,64,64x64,synthetic,0.7901219129562378,12.957143783569336,6.093461990356445,25.343788146972656,29.995351791381836,27.437150955200195
2242,synthetic_systolic_uniform_64_00192,systolic,uniform,64,64x64,synthetic,13.110530853271484,14.310530662536621,13.827962875366211,30.26622772216797,30.711389541625977,30.53083038330078
2243,synthetic_systolic_hotspot_64_00193,systolic,hotspot,64,64x64,synthetic,1.021622896194458,13.676193237304688,5.614020824432373,25.412418365478516,30.14943504333496,27.24539566040039
2244,synthetic_systolic_banded_64_00194,systolic,banded,64,64x64,synthetic,4.864128589630127,12.644072532653809,7.576472282409668,26.94552230834961,30.010501861572266,28.030309677124023
2245,synthetic_systolic_banded_64_00195,systolic,banded,64,64x64,synthetic,5.18208646774292,12.811138153076172,7.556851387023926,27.072622299194336,30.054746627807617,28.022449493408203
2246,synthetic_systolic_banded_64_00196,systolic,banded,64,64x64,synthetic,4.488433361053467,12.75242805480957,6.413201332092285,26.79519271850586,29.92218589782715,27.565025329589844
2247,synthetic_systolic_hotspot_64_00197,systolic,hotspot,64,64x64,synthetic,0.548524796962738,17.805816650390625,4.101873874664307,25.219518661499023,31.581995010375977,26.64059829711914
2248,synthetic_systolic_wavefront_64_00198,systolic,wavefront,64,64x64,synthetic,9.108509063720703,16.07982635498047,12.380998611450195,28.786602020263672,31.302404403686523,29.952070236206055
2249,synthetic_systolic_checkerboard_64_00199,systolic,checkerboard,64,64x64,synthetic,7.464107036590576,19.31208038330078,11.55715560913086,28.25828742980957,32.284034729003906,29.622581481933594
2250,synthetic_extrapolation_standard_stripes_128_00000,standard,stripes,128,128x128,synthetic_extrapolation,0.43887844681739807,10.434391975402832,5.748994827270508,25.281005859375,29.17049217224121,27.299318313598633
2251,synthetic_extrapolation_standard_uniform_128_00001,standard,uniform,128,128x128,synthetic_extrapolation,11.90248966217041,11.90248966217041,11.902491569519043,29.760522842407227,29.760522842407227,29.760526657104492
2252,synthetic_extrapolation_standard_stripes_128_00002,standard,stripes,128,128x128,synthetic_extrapolation,0.7860643267631531,7.512454509735107,4.149259567260742,25.322311401367188,27.996543884277344,26.65943145751953
2253,synthetic_extrapolation_standard_hotspot_128_00003,standard,hotspot,128,128x128,synthetic_extrapolation,0.9657976627349854,11.707059860229492,1.5964795351028442,25.38628578186035,29.63958740234375,25.63852310180664
2254,synthetic_extrapolation_standard_checkerboard_128_00004,standard,checkerboard,128,128x128,synthetic_extrapolation,0.06381725519895554,10.218338966369629,5.141077995300293,26.939565658569336,27.172605514526367,27.056087493896484
2255,synthetic_extrapolation_standard_stripes_128_00005,standard,stripes,128,128x128,synthetic_extrapolation,0.6316643953323364,10.032350540161133,5.625779151916504,25.494123458862305,28.996417999267578,27.250015258789062
2256,synthetic_extrapolation_standard_quadrant_128_00006,standard,quadrant,128,128x128,synthetic_extrapolation,1.339681625366211,10.89191722869873,3.7277402877807617,25.53582191467285,29.35640525817871,26.490968704223633
2257,synthetic_extrapolation_standard_hotspot_128_00007,standard,hotspot,128,128x128,synthetic_extrapolation,0.23143424093723297,8.175214767456055,0.5877989530563354,25.092554092407227,28.19615364074707,25.23507308959961
2258,synthetic_extrapolation_standard_quadrant_128_00008,standard,quadrant,128,128x128,synthetic_extrapolation,0.4887380301952362,8.852298736572266,2.5796284675598145,25.195457458496094,28.540529251098633,26.0317325592041
2259,synthetic_extrapolation_standard_hotspot_128_00009,standard,hotspot,128,128x128,synthetic_extrapolation,0.19488225877285004,8.757884979248047,0.6778053641319275,25.077869415283203,28.47370147705078,25.271018981933594
2260,synthetic_extrapolation_standard_multihotspot_128_00010,standard,multihotspot,128,128x128,synthetic_extrapolation,0.8743038177490234,11.16339111328125,1.6177799701690674,25.349655151367188,29.378934860229492,25.64699935913086
2261,synthetic_extrapolation_standard_checkerboard_128_00011,standard,checkerboard,128,128x128,synthetic_extrapolation,0.13975247740745544,10.729982376098633,5.434866905212402,27.052064895629883,27.295106887817383,27.173587799072266
2262,synthetic_extrapolation_standard_checkerboard_128_00012,standard,checkerboard,128,128x128,synthetic_extrapolation,0.7869243621826172,8.029449462890625,4.408186912536621,26.679824829101562,26.84604263305664,26.762935638427734
2263,synthetic_extrapolation_standard_multihotspot_128_00013,standard,multihotspot,128,128x128,synthetic_extrapolation,1.4103307723999023,10.903645515441895,1.7344528436660767,25.563997268676758,29.195247650146484,25.69363021850586
2264,synthetic_extrapolation_standard_hotspot_128_00014,standard,hotspot,128,128x128,synthetic_extrapolation,1.1474982500076294,10.260944366455078,1.6814894676208496,25.458934783935547,29.077970504760742,25.672504425048828
2265,synthetic_extrapolation_standard_hotspot_128_00015,standard,hotspot,128,128x128,synthetic_extrapolation,0.04622675105929375,9.215800285339355,0.4240015149116516,25.018455505371094,28.632884979248047,25.169551849365234
2266,synthetic_extrapolation_standard_hotspot_128_00016,standard,hotspot,128,128x128,synthetic_extrapolation,0.3509092330932617,11.413612365722656,0.7756189107894897,25.140335083007812,29.36249542236328,25.3101863861084
2267,synthetic_extrapolation_standard_checkerboard_128_00017,standard,checkerboard,128,128x128,synthetic_extrapolation,0.5570321679115295,10.647665977478027,5.602348804473877,27.124794006347656,27.356365203857422,27.240577697753906
2268,synthetic_extrapolation_standard_stripes_128_00018,standard,stripes,128,128x128,synthetic_extrapolation,0.664313554763794,8.625547409057617,4.769325256347656,25.27020263671875,28.448659896850586,26.907432556152344
2269,synthetic_extrapolation_standard_uniform_128_00019,standard,uniform,128,128x128,synthetic_extrapolation,8.090847969055176,8.090847969055176,8.090848922729492,28.23577880859375,28.23577880859375,28.23577880859375
2270,synthetic_extrapolation_systolic_uniform_128_00000,systolic,uniform,128,128x128,synthetic_extrapolation,12.889437675476074,14.089437484741211,13.672469139099121,30.167919158935547,30.63062858581543,30.468637466430664
2271,synthetic_extrapolation_systolic_uniform_128_00001,systolic,uniform,128,128x128,synthetic_extrapolation,12.004179000854492,13.204178810119629,12.718574523925781,29.81235694885254,30.27507209777832,30.08707046508789
2272,synthetic_extrapolation_systolic_wavefront_128_00002,systolic,wavefront,128,128x128,synthetic_extrapolation,8.031388282775879,13.862554550170898,10.77944278717041,28.271846771240234,30.491058349609375,29.311471939086914
2273,synthetic_extrapolation_systolic_checkerboard_128_00003,systolic,checkerboard,128,128x128,synthetic_extrapolation,7.44056510925293,32.12725067138672,16.03343963623047,28.511316299438477,37.13690948486328,31.413227081298828
2274,synthetic_extrapolation_systolic_uniform_128_00004,systolic,uniform,128,128x128,synthetic_extrapolation,10.472023963928223,11.946876525878906,11.36591911315918,29.203306198120117,29.76582145690918,29.546031951904297
2275,synthetic_extrapolation_systolic_banded_128_00005,systolic,banded,128,128x128,synthetic_extrapolation,6.099121570587158,11.329349517822266,8.079290390014648,27.439476013183594,29.53074836730957,28.231460571289062
2276,synthetic_extrapolation_systolic_wavefront_128_00006,systolic,wavefront,128,128x128,synthetic_extrapolation,8.905096054077148,14.948116302490234,11.75299072265625,28.62350082397461,30.923349380493164,29.70090103149414
2277,synthetic_extrapolation_systolic_checkerboard_128_00007,systolic,checkerboard,128,128x128,synthetic_extrapolation,6.372781753540039,34.290409088134766,16.581127166748047,28.726825714111328,37.35945510864258,31.632301330566406
2278,synthetic_extrapolation_systolic_hotspot_128_00008,systolic,hotspot,128,128x128,synthetic_extrapolation,0.3035450577735901,13.835740089416504,5.394620895385742,25.1214656829834,30.52413558959961,27.157678604125977
2279,synthetic_extrapolation_systolic_wavefront_128_00009,systolic,wavefront,128,128x128,synthetic_extrapolation,8.897273063659668,14.886760711669922,11.719940185546875,28.619813919067383,30.899301528930664,29.68766975402832
2280,synthetic_extrapolation_systolic_hotspot_128_00010,systolic,hotspot,128,128x128,synthetic_extrapolation,0.8761469721794128,15.899079322814941,4.518877983093262,25.35042953491211,31.349374771118164,26.807422637939453
2281,synthetic_extrapolation_systolic_hotspot_128_00011,systolic,hotspot,128,128x128,synthetic_extrapolation,0.49479180574417114,12.867145538330078,4.0506591796875,25.19784164428711,30.004558563232422,26.620086669921875
2282,synthetic_extrapolation_systolic_banded_128_00012,systolic,banded,128,128x128,synthetic_extrapolation,5.743183612823486,11.734349250793457,7.217939376831055,27.29709243774414,29.682498931884766,27.88692283630371
2283,synthetic_extrapolation_systolic_hotspot_128_00013,systolic,hotspot,128,128x128,synthetic_extrapolation,0.034205805510282516,17.75135612487793,4.677852630615234,25.01359748840332,32.079341888427734,26.871051788330078
2284,synthetic_extrapolation_systolic_hotspot_128_00014,systolic,hotspot,128,128x128,synthetic_extrapolation,0.7360605001449585,17.6269588470459,5.883424758911133,25.294506072998047,32.01536560058594,27.353219985961914
2285,synthetic_extrapolation_systolic_checkerboard_128_00015,systolic,checkerboard,128,128x128,synthetic_extrapolation,7.221344947814941,32.435646057128906,16.078025817871094,28.528560638427734,37.155330657958984,31.43105697631836
2286,synthetic_extrapolation_systolic_uniform_128_00016,systolic,uniform,128,128x128,synthetic_extrapolation,13.305168151855469,14.736634254455566,14.184489250183105,30.336238861083984,30.88233184814453,30.673444747924805
2287,synthetic_extrapolation_systolic_uniform_128_00017,systolic,uniform,128,128x128,synthetic_extrapolation,12.216144561767578,13.416144371032715,12.920843124389648,29.896942138671875,30.35965347290039,30.167980194091797
2288,synthetic_extrapolation_systolic_hotspot_128_00018,systolic,hotspot,128,128x128,synthetic_extrapolation,0.42185068130493164,15.956535339355469,5.9506402015686035,25.169048309326172,31.376407623291016,27.380102157592773
2289,synthetic_extrapolation_systolic_banded_128_00019,systolic,banded,128,128x128,synthetic_extrapolation,4.6906418800354,10.187063217163086,6.043612480163574,26.87606430053711,29.064565658569336,27.41720962524414
2290,synthetic_extrapolation_standard_hotspot_256_00000,standard,hotspot,256,256x256,synthetic_extrapolation,1.2123771905899048,11.319158554077148,1.993179440498352,25.484895706176758,29.527193069458008,25.797189712524414
2291,synthetic_extrapolation_standard_checkerboard_256_00001,standard,checkerboard,256,256x256,synthetic_extrapolation,0.25596508383750916,10.06022834777832,5.1580963134765625,26.95039176940918,27.17540168762207,27.062896728515625
2292,synthetic_extrapolation_standard_quadrant_256_00002,standard,quadrant,256,256x256,synthetic_extrapolation,0.24691171944141388,7.224553108215332,1.9913222789764404,25.0987548828125,27.889448165893555,25.796430587768555
2293,synthetic_extrapolation_standard_hotspot_256_00003,standard,hotspot,256,256x256,synthetic_extrapolation,1.337515950202942,11.969502449035645,1.7521793842315674,25.534963607788086,29.781253814697266,25.700817108154297
2294,synthetic_extrapolation_standard_quadrant_256_00004,standard,quadrant,256,256x256,synthetic_extrapolation,0.7782875299453735,8.579645156860352,2.7286267280578613,25.311233520507812,28.43152618408203,26.0913028717041
2295,synthetic_extrapolation_standard_multihotspot_256_00005,standard,multihotspot,256,256x256,synthetic_extrapolation,0.7473154664039612,11.684065818786621,1.402732014656067,25.29883575439453,29.66573715209961,25.56098175048828
2296,synthetic_extrapolation_standard_stripes_256_00006,standard,stripes,256,256x256,synthetic_extrapolation,0.15328431129455566,7.717073440551758,3.935178279876709,25.061279296875,28.086387634277344,26.573863983154297
2297,synthetic_extrapolation_standard_quadrant_256_00007,standard,quadrant,256,256x256,synthetic_extrapolation,0.29465198516845703,8.551618576049805,2.358893871307373,25.117828369140625,28.420278549194336,25.943443298339844
2298,synthetic_extrapolation_standard_stripes_256_00008,standard,stripes,256,256x256,synthetic_extrapolation,0.971826434135437,9.002964973449707,5.0815110206604,25.42208480834961,28.6003475189209,27.032325744628906
2299,synthetic_extrapolation_standard_uniform_256_00009,standard,uniform,256,256x256,synthetic_extrapolation,8.918623924255371,8.918623924255371,8.918623924255371,28.5669002532959,28.5669002532959,28.566896438598633
2300,synthetic_extrapolation_systolic_uniform_256_00000,systolic,uniform,256,256x256,synthetic_extrapolation,12.710634231567383,13.910634994506836,13.417855262756348,30.08935546875,30.560726165771484,30.366806030273438
2301,synthetic_extrapolation_systolic_hotspot_256_00001,systolic,hotspot,256,256x256,synthetic_extrapolation,1.0413936376571655,15.486700057983398,4.522027492523193,25.416519165039062,31.194313049316406,26.808704376220703
2302,synthetic_extrapolation_systolic_wavefront_256_00002,systolic,wavefront,256,256x256,synthetic_extrapolation,6.854551792144775,11.888188362121582,9.231405258178711,27.767192840576172,29.731863021850586,28.69226837158203
2303,synthetic_extrapolation_systolic_banded_256_00003,systolic,banded,256,256x256,synthetic_extrapolation,5.192734718322754,11.504743576049805,6.7879767417907715,27.07693099975586,29.60137939453125,27.7149658203125
2304,synthetic_extrapolation_systolic_hotspot_256_00004,systolic,hotspot,256,256x256,synthetic_extrapolation,1.4334348440170288,13.718677520751953,6.5597429275512695,25.57330322265625,30.487001419067383,27.623720169067383
2305,synthetic_extrapolation_systolic_hotspot_256_00005,systolic,hotspot,256,256x256,synthetic_extrapolation,0.15884611010551453,12.842037200927734,5.035165309906006,25.06346893310547,30.13144302368164,27.013904571533203
2306,synthetic_extrapolation_systolic_banded_256_00006,systolic,banded,256,256x256,synthetic_extrapolation,6.413082599639893,12.336908340454102,8.47651481628418,27.564998626708984,29.934419631958008,28.39034652709961
2307,synthetic_extrapolation_systolic_wavefront_256_00007,systolic,wavefront,256,256x256,synthetic_extrapolation,6.501739501953125,11.49008560180664,8.857208251953125,27.625831604003906,29.57284164428711,28.54259490966797
2308,synthetic_extrapolation_systolic_wavefront_256_00008,systolic,wavefront,256,256x256,synthetic_extrapolation,8.949828147888184,14.321014404296875,11.486071586608887,28.606998443603516,30.70345115661621,29.594127655029297
2309,synthetic_extrapolation_systolic_hotspot_256_00009,systolic,hotspot,256,256x256,synthetic_extrapolation,0.9090237021446228,17.20643424987793,5.316448211669922,25.363590240478516,31.88149642944336,27.126480102539062
2310,case_02310,standard,checkerboard,2,2x2,anchor_real,0.0,10.0,5.0,26.900306701660156,27.029340744018555,26.964824676513672
2311,case_02311,standard,hotspot,2,2x2,anchor_real,0.0,10.0,2.5,25.88966941833496,26.139667510986328,25.982412338256836
2312,case_02312,standard,uniform,2,2x2,anchor_real,10.0,10.0,10.0,28.929645538330078,28.929645538330078,28.929645538330078
2313,case_02313,systolic,checkerboard,2,2x2,anchor_real,6.0,6.0,6.0,27.35780906677246,27.35780906677246,27.35780906677246
2314,case_02314,systolic,hotspot,2,2x2,anchor_real,0.0,12.0,9.0,28.347990036010742,28.647993087768555,28.536701202392578
2315,case_02315,systolic,uniform,2,2x2,anchor_real,12.0,13.0,12.5,29.9056339263916,29.918535232543945,29.912084579467773
2316,case_02316,standard,checkerboard,4,4x4,anchor_real,0.0,10.0,5.0,26.87189483642578,27.05774688720703,26.964820861816406
2317,case_02317,standard,hotspot,4,4x4,anchor_real,0.0,10.0,2.5,25.68393325805664,26.54804801940918,25.98241424560547
2318,case_02318,standard,uniform,4,4x4,anchor_real,10.0,10.0,10.0,28.929645538330078,28.929645538330078,28.929645538330078
2319,case_02319,systolic,checkerboard,4,4x4,anchor_real,6.0,7.0,6.5,27.527557373046875,27.58098602294922,27.554271697998047
2320,case_02320,systolic,hotspot,4,4x4,anchor_real,0.0,13.0,9.125,27.8918514251709,28.964685440063477,28.585819244384766
2321,case_02321,systolic,uniform,4,4x4,anchor_real,12.0,15.0,13.25,30.15618896484375,30.275957107543945,30.206798553466797
2322,case_02322,standard,checkerboard,8,8x8,anchor_real,0.0,10.0,5.0,26.854965209960938,27.074678421020508,26.964820861816406
2323,case_02323,standard,hotspot,8,8x8,anchor_real,0.0,10.0,2.5,25.287233352661133,27.512306213378906,25.982410430908203
2324,case_02324,standard,uniform,8,8x8,anchor_real,10.0,10.0,10.0,28.929645538330078,28.929645538330078,28.929643630981445
2325,case_02325,systolic,checkerboard,8,8x8,anchor_real,6.0,9.0,7.25,27.686492919921875,28.071184158325195,27.848987579345703
2326,case_02326,systolic,hotspot,8,8x8,anchor_real,0.0,15.0,9.3125,26.73581886291504,29.62624168395996,28.659503936767578
2327,case_02327,systolic,uniform,8,8x8,anchor_real,12.0,19.0,14.625,30.439380645751953,31.22166633605957,30.747116088867188
2328,case_02328,standard,checkerboard,16,16x16,anchor_real,0.0,10.0,5.0,26.850351333618164,27.079296112060547,26.964820861816406
2329,case_02329,standard,hotspot,16,16x16,anchor_real,0.0,10.0,2.5,25.028432846069336,28.570537567138672,25.982410430908203
2330,case_02330,standard,uniform,16,16x16,anchor_real,10.0,10.0,10.0,28.929645538330078,28.929645538330078,28.929649353027344
2331,case_02331,systolic,checkerboard,16,16x16,anchor_real,6.0,12.0,8.59375,27.75283432006836,29.306564331054688,28.377037048339844
2332,case_02332,systolic,hotspot,16,16x16,anchor_real,0.0,19.0,9.65625,25.437204360961914,30.626827239990234,28.794584274291992
2333,case_02333,systolic,uniform,16,16x16,anchor_real,12.0,24.0,17.234375,30.564207077026367,33.62158203125,31.772502899169922
