case_id,architecture,workload,N,shape,source,valid_cells,split
0,standard,stripes,8,8x8,synthetic,64,synthetic_train
1,standard,uniform,8,8x8,synthetic,64,synthetic_train
2,standard,stripes,8,8x8,synthetic,64,synthetic_test
3,standard,hotspot,8,8x8,synthetic,64,synthetic_train
4,standard,stripes,8,8x8,synthetic,64,synthetic_train
5,standard,uniform,8,8x8,synthetic,64,synthetic_test
6,standard,multihotspot,8,8x8,synthetic,64,synthetic_test
7,standard,checkerboard,8,8x8,synthetic,64,synthetic_val
8,standard,uniform,8,8x8,synthetic,64,synthetic_test
9,standard,stripes,8,8x8,synthetic,64,synthetic_val
10,standard,hotspot,8,8x8,synthetic,64,synthetic_train
11,standard,hotspot,8,8x8,synthetic,64,synthetic_train
12,standard,stripes,8,8x8,synthetic,64,synthetic_train
13,standard,stripes,8,8x8,synthetic,64,synthetic_train
14,standard,multihotspot,8,8x8,synthetic,64,synthetic_train
15,standard,multihotspot,8,8x8,synthetic,64,synthetic_train
16,standard,multihotspot,8,8x8,synthetic,64,synthetic_train
17,standard,hotspot,8,8x8,synthetic,64,synthetic_train
18,standard,checkerboard,8,8x8,synthetic,64,synthetic_train
19,standard,checkerboard,8,8x8,synthetic,64,synthetic_val
20,standard,checkerboard,8,8x8,synthetic,64,synthetic_train
21,standard,stripes,8,8x8,synthetic,64,synthetic_train
22,standard,uniform,8,8x8,synthetic,64,synthetic_train
23,standard,uniform,8,8x8,synthetic,64,synthetic_train
24,standard,hotspot,8,8x8,synthetic,64,synthetic_train
25,standard,multihotspot,8,8x8,synthetic,64,synthetic_train
26,standard,uniform,8,8x8,synthetic,64,synthetic_train
27,standard,quadrant,8,8x8,synthetic,64,synthetic_train
28,standard,checkerboard,8,8x8,synthetic,64,synthetic_test
29,standard,multihotspot,8,8x8,synthetic,64,synthetic_test
30,standard,checkerboard,8,8x8,synthetic,64,synthetic_train
31,standard,uniform,8,8x8,synthetic,64,synthetic_val
32,standard,stripes,8,8x8,synthetic,64,synthetic_train
33,standard,hotspot,8,8x8,synthetic,64,synthetic_train
34,standard,uniform,8,8x8,synthetic,64,synthetic_val
35,standard,checkerboard,8,8x8,synthetic,64,synthetic_train
36,standard,hotspot,8,8x8,synthetic,64,synthetic_train
37,standard,checkerboard,8,8x8,synthetic,64,synthetic_train
38,standard,quadrant,8,8x8,synthetic,64,synthetic_train
39,standard,uniform,8,8x8,synthetic,64,synthetic_train
40,standard,hotspot,8,8x8,synthetic,64,synthetic_val
41,standard,checkerboard,8,8x8,synthetic,64,synthetic_train
42,standard,hotspot,8,8x8,synthetic,64,synthetic_train
43,standard,uniform,8,8x8,synthetic,64,synthetic_train
44,standard,uniform,8,8x8,synthetic,64,synthetic_test
45,standard,checkerboard,8,8x8,synthetic,64,synthetic_train
46,standard,stripes,8,8x8,synthetic,64,synthetic_train
47,standard,uniform,8,8x8,synthetic,64,synthetic_test
48,standard,hotspot,8,8x8,synthetic,64,synthetic_train
49,standard,quadrant,8,8x8,synthetic,64,synthetic_train
50,standard,checkerboard,8,8x8,synthetic,64,synthetic_train
51,standard,uniform,8,8x8,synthetic,64,synthetic_val
52,standard,quadrant,8,8x8,synthetic,64,synthetic_train
53,standard,quadrant,8,8x8,synthetic,64,synthetic_test
54,standard,stripes,8,8x8,synthetic,64,synthetic_train
55,standard,stripes,8,8x8,synthetic,64,synthetic_train
56,standard,checkerboard,8,8x8,synthetic,64,synthetic_train
57,standard,uniform,8,8x8,synthetic,64,synthetic_train
58,standard,hotspot,8,8x8,synthetic,64,synthetic_test
59,standard,stripes,8,8x8,synthetic,64,synthetic_train
60,standard,uniform,8,8x8,synthetic,64,synthetic_train
61,standard,uniform,8,8x8,synthetic,64,synthetic_val
62,standard,uniform,8,8x8,synthetic,64,synthetic_train
63,standard,multihotspot,8,8x8,synthetic,64,synthetic_train
64,standard,uniform,8,8x8,synthetic,64,synthetic_train
65,standard,quadrant,8,8x8,synthetic,64,synthetic_train
66,standard,hotspot,8,8x8,synthetic,64,synthetic_train
67,standard,quadrant,8,8x8,synthetic,64,synthetic_train
68,standard,uniform,8,8x8,synthetic,64,synthetic_train
69,standard,hotspot,8,8x8,synthetic,64,synthetic_train
70,standard,stripes,8,8x8,synthetic,64,synthetic_val
71,standard,uniform,8,8x8,synthetic,64,synthetic_train
72,standard,stripes,8,8x8,synthetic,64,synthetic_train
73,standard,multihotspot,8,8x8,synthetic,64,synthetic_train
74,standard,multihotspot,8,8x8,synthetic,64,synthetic_train
75,standard,stripes,8,8x8,synthetic,64,synthetic_val
76,standard,hotspot,8,8x8,synthetic,64,synthetic_train
77,standard,uniform,8,8x8,synthetic,64,synthetic_val
78,standard,uniform,8,8x8,synthetic,64,synthetic_val
79,standard,uniform,8,8x8,synthetic,64,synthetic_train
80,standard,uniform,8,8x8,synthetic,64,synthetic_train
81,standard,uniform,8,8x8,synthetic,64,synthetic_test
82,standard,hotspot,8,8x8,synthetic,64,synthetic_train
83,standard,hotspot,8,8x8,synthetic,64,synthetic_train
84,standard,checkerboard,8,8x8,synthetic,64,synthetic_val
85,standard,hotspot,8,8x8,synthetic,64,synthetic_train
86,standard,hotspot,8,8x8,synthetic,64,synthetic_train
87,standard,quadrant,8,8x8,synthetic,64,synthetic_train
88,standard,quadrant,8,8x8,synthetic,64,synthetic_test
89,standard,multihotspot,8,8x8,synthetic,64,synthetic_train
90,standard,hotspot,8,8x8,synthetic,64,synthetic_test
91,standard,uniform,8,8x8,synthetic,64,synthetic_train
92,standard,hotspot,8,8x8,synthetic,64,synthetic_val
93,standard,checkerboard,8,8x8,synthetic,64,synthetic_train
94,standard,checkerboard,8,8x8,synthetic,64,synthetic_train
95,standard,hotspot,8,8x8,synthetic,64,synthetic_train
96,standard,multihotspot,8,8x8,synthetic,64,synthetic_val
97,standard,checkerboard,8,8x8,synthetic,64,synthetic_train
98,standard,uniform,8,8x8,synthetic,64,synthetic_train
99,standard,uniform,8,8x8,synthetic,64,synthetic_train
100,standard,uniform,8,8x8,synthetic,64,synthetic_train
101,standard,uniform,8,8x8,synthetic,64,synthetic_train
102,standard,stripes,8,8x8,synthetic,64,synthetic_val
103,standard,quadrant,8,8x8,synthetic,64,synthetic_val
104,standard,uniform,8,8x8,synthetic,64,synthetic_train
105,standard,uniform,8,8x8,synthetic,64,synthetic_train
106,standard,hotspot,8,8x8,synthetic,64,synthetic_test
107,standard,stripes,8,8x8,synthetic,64,synthetic_train
108,standard,uniform,8,8x8,synthetic,64,synthetic_train
109,standard,uniform,8,8x8,synthetic,64,synthetic_train
110,standard,hotspot,8,8x8,synthetic,64,synthetic_train
111,standard,quadrant,8,8x8,synthetic,64,synthetic_test
112,standard,hotspot,8,8x8,synthetic,64,synthetic_train
113,standard,quadrant,8,8x8,synthetic,64,synthetic_train
114,standard,hotspot,8,8x8,synthetic,64,synthetic_train
115,standard,hotspot,8,8x8,synthetic,64,synthetic_train
116,standard,uniform,8,8x8,synthetic,64,synthetic_test
117,standard,multihotspot,8,8x8,synthetic,64,synthetic_val
118,standard,stripes,8,8x8,synthetic,64,synthetic_train
119,standard,hotspot,8,8x8,synthetic,64,synthetic_train
120,standard,uniform,8,8x8,synthetic,64,synthetic_test
121,standard,quadrant,8,8x8,synthetic,64,synthetic_train
122,standard,quadrant,8,8x8,synthetic,64,synthetic_val
123,standard,uniform,8,8x8,synthetic,64,synthetic_test
124,standard,uniform,8,8x8,synthetic,64,synthetic_train
125,standard,uniform,8,8x8,synthetic,64,synthetic_train
126,standard,checkerboard,8,8x8,synthetic,64,synthetic_test
127,standard,uniform,8,8x8,synthetic,64,synthetic_train
128,standard,uniform,8,8x8,synthetic,64,synthetic_train
129,standard,stripes,8,8x8,synthetic,64,synthetic_train
130,standard,stripes,8,8x8,synthetic,64,synthetic_train
131,standard,multihotspot,8,8x8,synthetic,64,synthetic_train
132,standard,stripes,8,8x8,synthetic,64,synthetic_train
133,standard,multihotspot,8,8x8,synthetic,64,synthetic_train
134,standard,uniform,8,8x8,synthetic,64,synthetic_train
135,standard,uniform,8,8x8,synthetic,64,synthetic_train
136,standard,multihotspot,8,8x8,synthetic,64,synthetic_test
137,standard,stripes,8,8x8,synthetic,64,synthetic_train
138,standard,uniform,8,8x8,synthetic,64,synthetic_val
139,standard,checkerboard,8,8x8,synthetic,64,synthetic_test
140,standard,multihotspot,8,8x8,synthetic,64,synthetic_train
141,standard,uniform,8,8x8,synthetic,64,synthetic_train
142,standard,checkerboard,8,8x8,synthetic,64,synthetic_train
143,standard,multihotspot,8,8x8,synthetic,64,synthetic_train
144,standard,checkerboard,8,8x8,synthetic,64,synthetic_train
145,standard,hotspot,8,8x8,synthetic,64,synthetic_train
146,standard,multihotspot,8,8x8,synthetic,64,synthetic_train
147,standard,hotspot,8,8x8,synthetic,64,synthetic_train
148,standard,multihotspot,8,8x8,synthetic,64,synthetic_train
149,standard,checkerboard,8,8x8,synthetic,64,synthetic_test
150,standard,uniform,8,8x8,synthetic,64,synthetic_train
151,standard,stripes,8,8x8,synthetic,64,synthetic_train
152,standard,uniform,8,8x8,synthetic,64,synthetic_train
153,standard,stripes,8,8x8,synthetic,64,synthetic_train
154,standard,stripes,8,8x8,synthetic,64,synthetic_train
155,standard,uniform,8,8x8,synthetic,64,synthetic_train
156,standard,quadrant,8,8x8,synthetic,64,synthetic_train
157,standard,checkerboard,8,8x8,synthetic,64,synthetic_train
158,standard,hotspot,8,8x8,synthetic,64,synthetic_train
159,standard,hotspot,8,8x8,synthetic,64,synthetic_val
160,standard,quadrant,8,8x8,synthetic,64,synthetic_train
161,standard,uniform,8,8x8,synthetic,64,synthetic_train
162,standard,hotspot,8,8x8,synthetic,64,synthetic_test
163,standard,hotspot,8,8x8,synthetic,64,synthetic_val
164,standard,uniform,8,8x8,synthetic,64,synthetic_val
165,standard,checkerboard,8,8x8,synthetic,64,synthetic_train
166,standard,hotspot,8,8x8,synthetic,64,synthetic_val
167,standard,multihotspot,8,8x8,synthetic,64,synthetic_train
168,standard,hotspot,8,8x8,synthetic,64,synthetic_train
169,standard,stripes,8,8x8,synthetic,64,synthetic_test
170,standard,quadrant,8,8x8,synthetic,64,synthetic_train
171,standard,hotspot,8,8x8,synthetic,64,synthetic_test
172,standard,quadrant,8,8x8,synthetic,64,synthetic_train
173,standard,checkerboard,8,8x8,synthetic,64,synthetic_train
174,standard,quadrant,8,8x8,synthetic,64,synthetic_val
175,standard,uniform,8,8x8,synthetic,64,synthetic_train
176,standard,multihotspot,8,8x8,synthetic,64,synthetic_train
177,standard,quadrant,8,8x8,synthetic,64,synthetic_train
178,standard,stripes,8,8x8,synthetic,64,synthetic_train
179,standard,hotspot,8,8x8,synthetic,64,synthetic_train
180,standard,quadrant,8,8x8,synthetic,64,synthetic_train
181,standard,stripes,8,8x8,synthetic,64,synthetic_test
182,standard,stripes,8,8x8,synthetic,64,synthetic_train
183,standard,hotspot,8,8x8,synthetic,64,synthetic_train
184,standard,uniform,8,8x8,synthetic,64,synthetic_train
185,standard,stripes,8,8x8,synthetic,64,synthetic_val
186,standard,hotspot,8,8x8,synthetic,64,synthetic_val
187,standard,multihotspot,8,8x8,synthetic,64,synthetic_val
188,standard,checkerboard,8,8x8,synthetic,64,synthetic_val
189,standard,uniform,8,8x8,synthetic,64,synthetic_train
190,standard,multihotspot,8,8x8,synthetic,64,synthetic_val
191,standard,stripes,8,8x8,synthetic,64,synthetic_test
192,standard,checkerboard,8,8x8,synthetic,64,synthetic_train
193,standard,checkerboard,8,8x8,synthetic,64,synthetic_train
194,standard,uniform,8,8x8,synthetic,64,synthetic_train
195,standard,multihotspot,8,8x8,synthetic,64,synthetic_train
196,standard,hotspot,8,8x8,synthetic,64,synthetic_test
197,standard,hotspot,8,8x8,synthetic,64,synthetic_train
198,standard,hotspot,8,8x8,synthetic,64,synthetic_test
199,standard,hotspot,8,8x8,synthetic,64,synthetic_train
200,systolic,banded,8,8x8,synthetic,64,synthetic_train
201,systolic,checkerboard,8,8x8,synthetic,64,synthetic_train
202,systolic,checkerboard,8,8x8,synthetic,64,synthetic_test
203,systolic,wavefront,8,8x8,synthetic,64,synthetic_train
204,systolic,checkerboard,8,8x8,synthetic,64,synthetic_val
205,systolic,uniform,8,8x8,synthetic,64,synthetic_val
206,systolic,hotspot,8,8x8,synthetic,64,synthetic_test
207,systolic,hotspot,8,8x8,synthetic,64,synthetic_val
208,systolic,banded,8,8x8,synthetic,64,synthetic_train
209,systolic,hotspot,8,8x8,synthetic,64,synthetic_train
210,systolic,hotspot,8,8x8,synthetic,64,synthetic_train
211,systolic,uniform,8,8x8,synthetic,64,synthetic_test
212,systolic,uniform,8,8x8,synthetic,64,synthetic_train
213,systolic,checkerboard,8,8x8,synthetic,64,synthetic_train
214,systolic,checkerboard,8,8x8,synthetic,64,synthetic_train
215,systolic,uniform,8,8x8,synthetic,64,synthetic_train
216,systolic,hotspot,8,8x8,synthetic,64,synthetic_train
217,systolic,uniform,8,8x8,synthetic,64,synthetic_val
218,systolic,checkerboard,8,8x8,synthetic,64,synthetic_train
219,systolic,banded,8,8x8,synthetic,64,synthetic_train
220,systolic,checkerboard,8,8x8,synthetic,64,synthetic_train
221,systolic,checkerboard,8,8x8,synthetic,64,synthetic_train
222,systolic,uniform,8,8x8,synthetic,64,synthetic_train
223,systolic,uniform,8,8x8,synthetic,64,synthetic_test
224,systolic,banded,8,8x8,synthetic,64,synthetic_test
225,systolic,uniform,8,8x8,synthetic,64,synthetic_test
226,systolic,checkerboard,8,8x8,synthetic,64,synthetic_val
227,systolic,banded,8,8x8,synthetic,64,synthetic_train
228,systolic,hotspot,8,8x8,synthetic,64,synthetic_train
229,systolic,checkerboard,8,8x8,synthetic,64,synthetic_val
230,systolic,hotspot,8,8x8,synthetic,64,synthetic_train
231,systolic,checkerboard,8,8x8,synthetic,64,synthetic_train
232,systolic,uniform,8,8x8,synthetic,64,synthetic_train
233,systolic,uniform,8,8x8,synthetic,64,synthetic_val
234,systolic,uniform,8,8x8,synthetic,64,synthetic_train
235,systolic,wavefront,8,8x8,synthetic,64,synthetic_train
236,systolic,banded,8,8x8,synthetic,64,synthetic_train
237,systolic,uniform,8,8x8,synthetic,64,synthetic_train
238,systolic,hotspot,8,8x8,synthetic,64,synthetic_test
239,systolic,banded,8,8x8,synthetic,64,synthetic_val
240,systolic,banded,8,8x8,synthetic,64,synthetic_test
241,systolic,hotspot,8,8x8,synthetic,64,synthetic_test
242,systolic,checkerboard,8,8x8,synthetic,64,synthetic_test
243,systolic,uniform,8,8x8,synthetic,64,synthetic_val
244,systolic,banded,8,8x8,synthetic,64,synthetic_train
245,systolic,hotspot,8,8x8,synthetic,64,synthetic_train
246,systolic,hotspot,8,8x8,synthetic,64,synthetic_val
247,systolic,hotspot,8,8x8,synthetic,64,synthetic_val
248,systolic,hotspot,8,8x8,synthetic,64,synthetic_test
249,systolic,wavefront,8,8x8,synthetic,64,synthetic_test
250,systolic,uniform,8,8x8,synthetic,64,synthetic_train
251,systolic,banded,8,8x8,synthetic,64,synthetic_test
252,systolic,wavefront,8,8x8,synthetic,64,synthetic_test
253,systolic,hotspot,8,8x8,synthetic,64,synthetic_train
254,systolic,hotspot,8,8x8,synthetic,64,synthetic_train
255,systolic,wavefront,8,8x8,synthetic,64,synthetic_val
256,systolic,wavefront,8,8x8,synthetic,64,synthetic_val
257,systolic,checkerboard,8,8x8,synthetic,64,synthetic_train
258,systolic,checkerboard,8,8x8,synthetic,64,synthetic_train
259,systolic,hotspot,8,8x8,synthetic,64,synthetic_train
260,systolic,hotspot,8,8x8,synthetic,64,synthetic_train
261,systolic,uniform,8,8x8,synthetic,64,synthetic_train
262,systolic,checkerboard,8,8x8,synthetic,64,synthetic_train
263,systolic,uniform,8,8x8,synthetic,64,synthetic_train
264,systolic,checkerboard,8,8x8,synthetic,64,synthetic_train
265,systolic,hotspot,8,8x8,synthetic,64,synthetic_train
266,systolic,hotspot,8,8x8,synthetic,64,synthetic_train
267,systolic,uniform,8,8x8,synthetic,64,synthetic_train
268,systolic,wavefront,8,8x8,synthetic,64,synthetic_train
269,systolic,banded,8,8x8,synthetic,64,synthetic_train
270,systolic,uniform,8,8x8,synthetic,64,synthetic_train
271,systolic,hotspot,8,8x8,synthetic,64,synthetic_test
272,systolic,hotspot,8,8x8,synthetic,64,synthetic_train
273,systolic,banded,8,8x8,synthetic,64,synthetic_train
274,systolic,checkerboard,8,8x8,synthetic,64,synthetic_train
275,systolic,wavefront,8,8x8,synthetic,64,synthetic_train
276,systolic,banded,8,8x8,synthetic,64,synthetic_test
277,systolic,uniform,8,8x8,synthetic,64,synthetic_train
278,systolic,uniform,8,8x8,synthetic,64,synthetic_val
279,systolic,checkerboard,8,8x8,synthetic,64,synthetic_train
280,systolic,banded,8,8x8,synthetic,64,synthetic_train
281,systolic,checkerboard,8,8x8,synthetic,64,synthetic_train
282,systolic,banded,8,8x8,synthetic,64,synthetic_train
283,systolic,hotspot,8,8x8,synthetic,64,synthetic_train
284,systolic,hotspot,8,8x8,synthetic,64,synthetic_val
285,systolic,hotspot,8,8x8,synthetic,64,synthetic_train
286,systolic,uniform,8,8x8,synthetic,64,synthetic_train
287,systolic,uniform,8,8x8,synthetic,64,synthetic_train
288,systolic,hotspot,8,8x8,synthetic,64,synthetic_train
289,systolic,uniform,8,8x8,synthetic,64,synthetic_train
290,systolic,wavefront,8,8x8,synthetic,64,synthetic_train
291,systolic,banded,8,8x8,synthetic,64,synthetic_train
292,systolic,checkerboard,8,8x8,synthetic,64,synthetic_train
293,systolic,wavefront,8,8x8,synthetic,64,synthetic_train
294,systolic,banded,8,8x8,synthetic,64,synthetic_train
295,systolic,uniform,8,8x8,synthetic,64,synthetic_test
296,systolic,uniform,8,8x8,synthetic,64,synthetic_test
297,systolic,uniform,8,8x8,synthetic,64,synthetic_train
298,systolic,banded,8,8x8,synthetic,64,synthetic_train
299,systolic,hotspot,8,8x8,synthetic,64,synthetic_train
300,systolic,banded,8,8x8,synthetic,64,synthetic_train
301,systolic,hotspot,8,8x8,synthetic,64,synthetic_train
302,systolic,banded,8,8x8,synthetic,64,synthetic_train
303,systolic,hotspot,8,8x8,synthetic,64,synthetic_train
304,systolic,checkerboard,8,8x8,synthetic,64,synthetic_train
305,systolic,hotspot,8,8x8,synthetic,64,synthetic_train
306,systolic,hotspot,8,8x8,synthetic,64,synthetic_train
307,systolic,hotspot,8,8x8,synthetic,64,synthetic_train
308,systolic,hotspot,8,8x8,synthetic,64,synthetic_train
309,systolic,uniform,8,8x8,synthetic,64,synthetic_train
310,systolic,checkerboard,8,8x8,synthetic,64,synthetic_train
311,systolic,checkerboard,8,8x8,synthetic,64,synthetic_val
312,systolic,hotspot,8,8x8,synthetic,64,synthetic_train
313,systolic,wavefront,8,8x8,synthetic,64,synthetic_train
314,systolic,checkerboard,8,8x8,synthetic,64,synthetic_train
315,systolic,banded,8,8x8,synthetic,64,synthetic_train
316,systolic,uniform,8,8x8,synthetic,64,synthetic_train
317,systolic,hotspot,8,8x8,synthetic,64,synthetic_train
318,systolic,checkerboard,8,8x8,synthetic,64,synthetic_train
319,systolic,hotspot,8,8x8,synthetic,64,synthetic_val
320,systolic,banded,8,8x8,synthetic,64,synthetic_train
321,systolic,wavefront,8,8x8,synthetic,64,synthetic_train
322,systolic,hotspot,8,8x8,synthetic,64,synthetic_train
323,systolic,checkerboard,8,8x8,synthetic,64,synthetic_train
324,systolic,hotspot,8,8x8,synthetic,64,synthetic_test
325,systolic,uniform,8,8x8,synthetic,64,synthetic_train
326,systolic,wavefront,8,8x8,synthetic,64,synthetic_train
327,systolic,wavefront,8,8x8,synthetic,64,synthetic_test
328,systolic,banded,8,8x8,synthetic,64,synthetic_train
329,systolic,hotspot,8,8x8,synthetic,64,synthetic_train
330,systolic,uniform,8,8x8,synthetic,64,synthetic_train
331,systolic,checkerboard,8,8x8,synthetic,64,synthetic_test
332,systolic,uniform,8,8x8,synthetic,64,synthetic_train
333,systolic,hotspot,8,8x8,synthetic,64,synthetic_train
334,systolic,hotspot,8,8x8,synthetic,64,synthetic_train
335,systolic,uniform,8,8x8,synthetic,64,synthetic_train
336,systolic,checkerboard,8,8x8,synthetic,64,synthetic_train
337,systolic,uniform,8,8x8,synthetic,64,synthetic_train
338,systolic,wavefront,8,8x8,synthetic,64,synthetic_train
339,systolic,hotspot,8,8x8,synthetic,64,synthetic_val
340,systolic,hotspot,8,8x8,synthetic,64,synthetic_test
341,systolic,uniform,8,8x8,synthetic,64,synthetic_val
342,systolic,uniform,8,8x8,synthetic,64,synthetic_train
343,systolic,hotspot,8,8x8,synthetic,64,synthetic_train
344,systolic,wavefront,8,8x8,synthetic,64,synthetic_train
345,systolic,banded,8,8x8,synthetic,64,synthetic_val
346,systolic,wavefront,8,8x8,synthetic,64,synthetic_train
347,systolic,wavefront,8,8x8,synthetic,64,synthetic_train
348,systolic,hotspot,8,8x8,synthetic,64,synthetic_train
349,systolic,uniform,8,8x8,synthetic,64,synthetic_train
350,systolic,uniform,8,8x8,synthetic,64,synthetic_train
351,systolic,uniform,8,8x8,synthetic,64,synthetic_train
352,systolic,banded,8,8x8,synthetic,64,synthetic_test
353,systolic,hotspot,8,8x8,synthetic,64,synthetic_val
354,systolic,banded,8,8x8,synthetic,64,synthetic_train
355,systolic,hotspot,8,8x8,synthetic,64,synthetic_train
356,systolic,hotspot,8,8x8,synthetic,64,synthetic_test
357,systolic,uniform,8,8x8,synthetic,64,synthetic_train
358,systolic,checkerboard,8,8x8,synthetic,64,synthetic_train
359,systolic,wavefront,8,8x8,synthetic,64,synthetic_val
360,systolic,checkerboard,8,8x8,synthetic,64,synthetic_train
361,systolic,hotspot,8,8x8,synthetic,64,synthetic_train
362,systolic,uniform,8,8x8,synthetic,64,synthetic_val
363,systolic,uniform,8,8x8,synthetic,64,synthetic_train
364,systolic,hotspot,8,8x8,synthetic,64,synthetic_val
365,systolic,hotspot,8,8x8,synthetic,64,synthetic_train
366,systolic,uniform,8,8x8,synthetic,64,synthetic_val
367,systolic,uniform,8,8x8,synthetic,64,synthetic_train
368,systolic,checkerboard,8,8x8,synthetic,64,synthetic_train
369,systolic,checkerboard,8,8x8,synthetic,64,synthetic_val
370,systolic,uniform,8,8x8,synthetic,64,synthetic_train
371,systolic,uniform,8,8x8,synthetic,64,synthetic_train
372,systolic,hotspot,8,8x8,synthetic,64,synthetic_train
373,systolic,wavefront,8,8x8,synthetic,64,synthetic_train
374,systolic,uniform,8,8x8,synthetic,64,synthetic_train
375,systolic,banded,8,8x8,synthetic,64,synthetic_train
376,systolic,uniform,8,8x8,synthetic,64,synthetic_train
377,systolic,hotspot,8,8x8,synthetic,64,synthetic_train
378,systolic,hotspot,8,8x8,synthetic,64,synthetic_train
379,systolic,uniform,8,8x8,synthetic,64,synthetic_train
380,systolic,checkerboard,8,8x8,synthetic,64,synthetic_train
381,systolic,hotspot,8,8x8,synthetic,64,synthetic_train
382,systolic,checkerboard,8,8x8,synthetic,64,synthetic_test
383,systolic,hotspot,8,8x8,synthetic,64,synthetic_val
384,systolic,checkerboard,8,8x8,synthetic,64,synthetic_val
385,systolic,uniform,8,8x8,synthetic,64,synthetic_train
386,systolic,uniform,8,8x8,synthetic,64,synthetic_test
387,systolic,checkerboard,8,8x8,synthetic,64,synthetic_train
388,systolic,hotspot,8,8x8,synthetic,64,synthetic_train
389,systolic,checkerboard,8,8x8,synthetic,64,synthetic_test
390,systolic,uniform,8,8x8,synthetic,64,synthetic_test
391,systolic,hotspot,8,8x8,synthetic,64,synthetic_train
392,systolic,hotspot,8,8x8,synthetic,64,synthetic_train
393,systolic,checkerboard,8,8x8,synthetic,64,synthetic_train
394,systolic,hotspot,8,8x8,synthetic,64,synthetic_train
395,systolic,hotspot,8,8x8,synthetic,64,synthetic_test
396,systolic,banded,8,8x8,synthetic,64,synthetic_val
397,systolic,banded,8,8x8,synthetic,64,synthetic_val
398,systolic,wavefront,8,8x8,synthetic,64,synthetic_train
399,systolic,banded,8,8x8,synthetic,64,synthetic_train
400,standard,hotspot,16,16x16,synthetic,256,synthetic_train
401,standard,checkerboard,16,16x16,synthetic,256,synthetic_val
402,standard,uniform,16,16x16,synthetic,256,synthetic_test
403,standard,hotspot,16,16x16,synthetic,256,synthetic_train
404,standard,multihotspot,16,16x16,synthetic,256,synthetic_test
405,standard,uniform,16,16x16,synthetic,256,synthetic_train
406,standard,hotspot,16,16x16,synthetic,256,synthetic_val
407,standard,quadrant,16,16x16,synthetic,256,synthetic_train
408,standard,uniform,16,16x16,synthetic,256,synthetic_val
409,standard,quadrant,16,16x16,synthetic,256,synthetic_val
410,standard,multihotspot,16,16x16,synthetic,256,synthetic_train
411,standard,stripes,16,16x16,synthetic,256,synthetic_train
412,standard,hotspot,16,16x16,synthetic,256,synthetic_train
413,standard,checkerboard,16,16x16,synthetic,256,synthetic_test
414,standard,quadrant,16,16x16,synthetic,256,synthetic_train
415,standard,stripes,16,16x16,synthetic,256,synthetic_test
416,standard,uniform,16,16x16,synthetic,256,synthetic_val
417,standard,hotspot,16,16x16,synthetic,256,synthetic_test
418,standard,hotspot,16,16x16,synthetic,256,synthetic_train
419,standard,uniform,16,16x16,synthetic,256,synthetic_train
420,standard,stripes,16,16x16,synthetic,256,synthetic_train
421,standard,uniform,16,16x16,synthetic,256,synthetic_train
422,standard,checkerboard,16,16x16,synthetic,256,synthetic_test
423,standard,hotspot,16,16x16,synthetic,256,synthetic_train
424,standard,uniform,16,16x16,synthetic,256,synthetic_test
425,standard,checkerboard,16,16x16,synthetic,256,synthetic_train
426,standard,hotspot,16,16x16,synthetic,256,synthetic_train
427,standard,stripes,16,16x16,synthetic,256,synthetic_train
428,standard,checkerboard,16,16x16,synthetic,256,synthetic_train
429,standard,hotspot,16,16x16,synthetic,256,synthetic_train
430,standard,multihotspot,16,16x16,synthetic,256,synthetic_test
431,standard,uniform,16,16x16,synthetic,256,synthetic_train
432,standard,hotspot,16,16x16,synthetic,256,synthetic_val
433,standard,hotspot,16,16x16,synthetic,256,synthetic_val
434,standard,multihotspot,16,16x16,synthetic,256,synthetic_val
435,standard,multihotspot,16,16x16,synthetic,256,synthetic_train
436,standard,multihotspot,16,16x16,synthetic,256,synthetic_train
437,standard,checkerboard,16,16x16,synthetic,256,synthetic_train
438,standard,checkerboard,16,16x16,synthetic,256,synthetic_val
439,standard,quadrant,16,16x16,synthetic,256,synthetic_train
440,standard,quadrant,16,16x16,synthetic,256,synthetic_test
441,standard,hotspot,16,16x16,synthetic,256,synthetic_train
442,standard,checkerboard,16,16x16,synthetic,256,synthetic_train
443,standard,checkerboard,16,16x16,synthetic,256,synthetic_test
444,standard,hotspot,16,16x16,synthetic,256,synthetic_val
445,standard,stripes,16,16x16,synthetic,256,synthetic_train
446,standard,checkerboard,16,16x16,synthetic,256,synthetic_train
447,standard,hotspot,16,16x16,synthetic,256,synthetic_val
448,standard,checkerboard,16,16x16,synthetic,256,synthetic_train
449,standard,checkerboard,16,16x16,synthetic,256,synthetic_val
450,standard,stripes,16,16x16,synthetic,256,synthetic_train
451,standard,stripes,16,16x16,synthetic,256,synthetic_train
452,standard,quadrant,16,16x16,synthetic,256,synthetic_test
453,standard,uniform,16,16x16,synthetic,256,synthetic_val
454,standard,hotspot,16,16x16,synthetic,256,synthetic_train
455,standard,stripes,16,16x16,synthetic,256,synthetic_train
456,standard,stripes,16,16x16,synthetic,256,synthetic_train
457,standard,checkerboard,16,16x16,synthetic,256,synthetic_val
458,standard,multihotspot,16,16x16,synthetic,256,synthetic_train
459,standard,quadrant,16,16x16,synthetic,256,synthetic_test
460,standard,checkerboard,16,16x16,synthetic,256,synthetic_test
461,standard,checkerboard,16,16x16,synthetic,256,synthetic_val
462,standard,multihotspot,16,16x16,synthetic,256,synthetic_train
463,standard,checkerboard,16,16x16,synthetic,256,synthetic_train
464,standard,hotspot,16,16x16,synthetic,256,synthetic_val
465,standard,quadrant,16,16x16,synthetic,256,synthetic_train
466,standard,hotspot,16,16x16,synthetic,256,synthetic_train
467,standard,hotspot,16,16x16,synthetic,256,synthetic_test
468,standard,stripes,16,16x16,synthetic,256,synthetic_val
469,standard,hotspot,16,16x16,synthetic,256,synthetic_train
470,standard,stripes,16,16x16,synthetic,256,synthetic_val
471,standard,checkerboard,16,16x16,synthetic,256,synthetic_train
472,standard,stripes,16,16x16,synthetic,256,synthetic_train
473,standard,checkerboard,16,16x16,synthetic,256,synthetic_train
474,standard,quadrant,16,16x16,synthetic,256,synthetic_val
475,standard,hotspot,16,16x16,synthetic,256,synthetic_train
476,standard,checkerboard,16,16x16,synthetic,256,synthetic_train
477,standard,stripes,16,16x16,synthetic,256,synthetic_val
478,standard,checkerboard,16,16x16,synthetic,256,synthetic_val
479,standard,uniform,16,16x16,synthetic,256,synthetic_train
480,standard,quadrant,16,16x16,synthetic,256,synthetic_train
481,standard,quadrant,16,16x16,synthetic,256,synthetic_train
482,standard,stripes,16,16x16,synthetic,256,synthetic_train
483,standard,hotspot,16,16x16,synthetic,256,synthetic_train
484,standard,quadrant,16,16x16,synthetic,256,synthetic_train
485,standard,multihotspot,16,16x16,synthetic,256,synthetic_train
486,standard,checkerboard,16,16x16,synthetic,256,synthetic_train
487,standard,quadrant,16,16x16,synthetic,256,synthetic_val
488,standard,checkerboard,16,16x16,synthetic,256,synthetic_train
489,standard,quadrant,16,16x16,synthetic,256,synthetic_train
490,standard,stripes,16,16x16,synthetic,256,synthetic_train
491,standard,stripes,16,16x16,synthetic,256,synthetic_train
492,standard,hotspot,16,16x16,synthetic,256,synthetic_test
493,standard,uniform,16,16x16,synthetic,256,synthetic_val
494,standard,quadrant,16,16x16,synthetic,256,synthetic_train
495,standard,stripes,16,16x16,synthetic,256,synthetic_test
496,standard,hotspot,16,16x16,synthetic,256,synthetic_train
497,standard,quadrant,16,16x16,synthetic,256,synthetic_train
498,standard,stripes,16,16x16,synthetic,256,synthetic_train
499,standard,multihotspot,16,16x16,synthetic,256,synthetic_val
500,standard,quadrant,16,16x16,synthetic,256,synthetic_train
501,standard,checkerboard,16,16x16,synthetic,256,synthetic_val
502,standard,uniform,16,16x16,synthetic,256,synthetic_train
503,standard,uniform,16,16x16,synthetic,256,synthetic_test
504,standard,stripes,16,16x16,synthetic,256,synthetic_train
505,standard,quadrant,16,16x16,synthetic,256,synthetic_train
506,standard,multihotspot,16,16x16,synthetic,256,synthetic_train
507,standard,checkerboard,16,16x16,synthetic,256,synthetic_train
508,standard,multihotspot,16,16x16,synthetic,256,synthetic_val
509,standard,checkerboard,16,16x16,synthetic,256,synthetic_train
510,standard,hotspot,16,16x16,synthetic,256,synthetic_test
511,standard,multihotspot,16,16x16,synthetic,256,synthetic_train
512,standard,hotspot,16,16x16,synthetic,256,synthetic_train
513,standard,stripes,16,16x16,synthetic,256,synthetic_train
514,standard,quadrant,16,16x16,synthetic,256,synthetic_test
515,standard,multihotspot,16,16x16,synthetic,256,synthetic_val
516,standard,hotspot,16,16x16,synthetic,256,synthetic_train
517,standard,hotspot,16,16x16,synthetic,256,synthetic_train
518,standard,uniform,16,16x16,synthetic,256,synthetic_val
519,standard,uniform,16,16x16,synthetic,256,synthetic_train
520,standard,checkerboard,16,16x16,synthetic,256,synthetic_train
521,standard,stripes,16,16x16,synthetic,256,synthetic_train
522,standard,stripes,16,16x16,synthetic,256,synthetic_train
523,standard,checkerboard,16,16x16,synthetic,256,synthetic_train
524,standard,hotspot,16,16x16,synthetic,256,synthetic_train
525,standard,stripes,16,16x16,synthetic,256,synthetic_train
526,standard,stripes,16,16x16,synthetic,256,synthetic_val
527,standard,quadrant,16,16x16,synthetic,256,synthetic_train
528,standard,checkerboard,16,16x16,synthetic,256,synthetic_train
529,standard,hotspot,16,16x16,synthetic,256,synthetic_train
530,standard,checkerboard,16,16x16,synthetic,256,synthetic_train
531,standard,checkerboard,16,16x16,synthetic,256,synthetic_train
532,standard,checkerboard,16,16x16,synthetic,256,synthetic_train
533,standard,uniform,16,16x16,synthetic,256,synthetic_train
534,standard,uniform,16,16x16,synthetic,256,synthetic_train
535,standard,checkerboard,16,16x16,synthetic,256,synthetic_train
536,standard,hotspot,16,16x16,synthetic,256,synthetic_val
537,standard,hotspot,16,16x16,synthetic,256,synthetic_test
538,standard,uniform,16,16x16,synthetic,256,synthetic_train
539,standard,quadrant,16,16x16,synthetic,256,synthetic_val
540,standard,multihotspot,16,16x16,synthetic,256,synthetic_train
541,standard,checkerboard,16,16x16,synthetic,256,synthetic_train
542,standard,multihotspot,16,16x16,synthetic,256,synthetic_train
543,standard,uniform,16,16x16,synthetic,256,synthetic_train
544,standard,multihotspot,16,16x16,synthetic,256,synthetic_train
545,standard,quadrant,16,16x16,synthetic,256,synthetic_train
546,standard,uniform,16,16x16,synthetic,256,synthetic_train
547,standard,quadrant,16,16x16,synthetic,256,synthetic_train
548,standard,quadrant,16,16x16,synthetic,256,synthetic_train
549,standard,uniform,16,16x16,synthetic,256,synthetic_train
550,standard,multihotspot,16,16x16,synthetic,256,synthetic_train
551,standard,stripes,16,16x16,synthetic,256,synthetic_train
552,standard,quadrant,16,16x16,synthetic,256,synthetic_test
553,standard,checkerboard,16,16x16,synthetic,256,synthetic_test
554,standard,multihotspot,16,16x16,synthetic,256,synthetic_train
555,standard,checkerboard,16,16x16,synthetic,256,synthetic_train
556,standard,uniform,16,16x16,synthetic,256,synthetic_train
557,standard,multihotspot,16,16x16,synthetic,256,synthetic_train
558,standard,hotspot,16,16x16,synthetic,256,synthetic_test
559,standard,uniform,16,16x16,synthetic,256,synthetic_train
560,standard,hotspot,16,16x16,synthetic,256,synthetic_train
561,standard,checkerboard,16,16x16,synthetic,256,synthetic_val
562,standard,hotspot,16,16x16,synthetic,256,synthetic_train
563,standard,hotspot,16,16x16,synthetic,256,synthetic_train
564,standard,hotspot,16,16x16,synthetic,256,synthetic_train
565,standard,hotspot,16,16x16,synthetic,256,synthetic_train
566,standard,uniform,16,16x16,synthetic,256,synthetic_train
567,standard,quadrant,16,16x16,synthetic,256,synthetic_val
568,standard,stripes,16,16x16,synthetic,256,synthetic_train
569,standard,quadrant,16,16x16,synthetic,256,synthetic_train
570,standard,hotspot,16,16x16,synthetic,256,synthetic_train
571,standard,hotspot,16,16x16,synthetic,256,synthetic_train
572,standard,hotspot,16,16x16,synthetic,256,synthetic_train
573,standard,hotspot,16,16x16,synthetic,256,synthetic_train
574,standard,quadrant,16,16x16,synthetic,256,synthetic_train
575,standard,stripes,16,16x16,synthetic,256,synthetic_train
576,standard,hotspot,16,16x16,synthetic,256,synthetic_test
577,standard,uniform,16,16x16,synthetic,256,synthetic_train
578,standard,checkerboard,16,16x16,synthetic,256,synthetic_test
579,standard,multihotspot,16,16x16,synthetic,256,synthetic_train
580,standard,hotspot,16,16x16,synthetic,256,synthetic_test
581,standard,hotspot,16,16x16,synthetic,256,synthetic_val
582,standard,stripes,16,16x16,synthetic,256,synthetic_train
583,standard,multihotspot,16,16x16,synthetic,256,synthetic_train
584,standard,uniform,16,16x16,synthetic,256,synthetic_test
585,standard,checkerboard,16,16x16,synthetic,256,synthetic_train
586,standard,checkerboard,16,16x16,synthetic,256,synthetic_train
587,standard,checkerboard,16,16x16,synthetic,256,synthetic_train
588,standard,hotspot,16,16x16,synthetic,256,synthetic_train
589,standard,checkerboard,16,16x16,synthetic,256,synthetic_train
590,standard,quadrant,16,16x16,synthetic,256,synthetic_train
591,standard,stripes,16,16x16,synthetic,256,synthetic_train
592,standard,hotspot,16,16x16,synthetic,256,synthetic_train
593,standard,uniform,16,16x16,synthetic,256,synthetic_train
594,standard,stripes,16,16x16,synthetic,256,synthetic_train
595,standard,stripes,16,16x16,synthetic,256,synthetic_val
596,standard,uniform,16,16x16,synthetic,256,synthetic_train
597,standard,hotspot,16,16x16,synthetic,256,synthetic_train
598,standard,hotspot,16,16x16,synthetic,256,synthetic_train
599,standard,checkerboard,16,16x16,synthetic,256,synthetic_train
600,standard,checkerboard,16,16x16,synthetic,256,synthetic_train
601,standard,checkerboard,16,16x16,synthetic,256,synthetic_train
602,standard,stripes,16,16x16,synthetic,256,synthetic_train
603,standard,quadrant,16,16x16,synthetic,256,synthetic_train
604,standard,hotspot,16,16x16,synthetic,256,synthetic_train
605,standard,quadrant,16,16x16,synthetic,256,synthetic_train
606,standard,uniform,16,16x16,synthetic,256,synthetic_train
607,standard,stripes,16,16x16,synthetic,256,synthetic_test
608,standard,multihotspot,16,16x16,synthetic,256,synthetic_test
609,standard,hotspot,16,16x16,synthetic,256,synthetic_test
610,standard,quadrant,16,16x16,synthetic,256,synthetic_test
611,standard,uniform,16,16x16,synthetic,256,synthetic_train
612,standard,quadrant,16,16x16,synthetic,256,synthetic_train
613,standard,hotspot,16,16x16,synthetic,256,synthetic_train
614,standard,multihotspot,16,16x16,synthetic,256,synthetic_test
615,standard,stripes,16,16x16,synthetic,256,synthetic_train
616,standard,hotspot,16,16x16,synthetic,256,synthetic_train
617,standard,checkerboard,16,16x16,synthetic,256,synthetic_train
618,standard,checkerboard,16,16x16,synthetic,256,synthetic_train
619,standard,checkerboard,16,16x16,synthetic,256,synthetic_train
620,standard,hotspot,16,16x16,synthetic,256,synthetic_val
621,standard,stripes,16,16x16,synthetic,256,synthetic_test
622,standard,quadrant,16,16x16,synthetic,256,synthetic_train
623,standard,hotspot,16,16x16,synthetic,256,synthetic_train
624,standard,stripes,16,16x16,synthetic,256,synthetic_train
625,standard,stripes,16,16x16,synthetic,256,synthetic_val
626,standard,checkerboard,16,16x16,synthetic,256,synthetic_train
627,standard,hotspot,16,16x16,synthetic,256,synthetic_train
628,standard,uniform,16,16x16,synthetic,256,synthetic_train
629,standard,stripes,16,16x16,synthetic,256,synthetic_test
630,standard,multihotspot,16,16x16,synthetic,256,synthetic_train
631,standard,multihotspot,16,16x16,synthetic,256,synthetic_train
632,standard,hotspot,16,16x16,synthetic,256,synthetic_train
633,standard,hotspot,16,16x16,synthetic,256,synthetic_train
634,standard,stripes,16,16x16,synthetic,256,synthetic_test
635,standard,uniform,16,16x16,synthetic,256,synthetic_train
636,standard,uniform,16,16x16,synthetic,256,synthetic_train
637,standard,quadrant,16,16x16,synthetic,256,synthetic_train
638,standard,hotspot,16,16x16,synthetic,256,synthetic_train
639,standard,hotspot,16,16x16,synthetic,256,synthetic_train
640,standard,uniform,16,16x16,synthetic,256,synthetic_train
641,standard,uniform,16,16x16,synthetic,256,synthetic_train
642,standard,checkerboard,16,16x16,synthetic,256,synthetic_test
643,standard,stripes,16,16x16,synthetic,256,synthetic_train
644,standard,uniform,16,16x16,synthetic,256,synthetic_val
645,standard,checkerboard,16,16x16,synthetic,256,synthetic_train
646,standard,stripes,16,16x16,synthetic,256,synthetic_train
647,standard,uniform,16,16x16,synthetic,256,synthetic_train
648,standard,uniform,16,16x16,synthetic,256,synthetic_test
649,standard,quadrant,16,16x16,synthetic,256,synthetic_train
650,systolic,checkerboard,16,16x16,synthetic,256,synthetic_val
651,systolic,hotspot,16,16x16,synthetic,256,synthetic_train
652,systolic,uniform,16,16x16,synthetic,256,synthetic_train
653,systolic,uniform,16,16x16,synthetic,256,synthetic_test
654,systolic,checkerboard,16,16x16,synthetic,256,synthetic_train
655,systolic,uniform,16,16x16,synthetic,256,synthetic_train
656,systolic,uniform,16,16x16,synthetic,256,synthetic_val
657,systolic,hotspot,16,16x16,synthetic,256,synthetic_train
658,systolic,checkerboard,16,16x16,synthetic,256,synthetic_train
659,systolic,hotspot,16,16x16,synthetic,256,synthetic_train
660,systolic,checkerboard,16,16x16,synthetic,256,synthetic_test
661,systolic,checkerboard,16,16x16,synthetic,256,synthetic_val
662,systolic,banded,16,16x16,synthetic,256,synthetic_val
663,systolic,hotspot,16,16x16,synthetic,256,synthetic_train
664,systolic,uniform,16,16x16,synthetic,256,synthetic_train
665,systolic,uniform,16,16x16,synthetic,256,synthetic_test
666,systolic,uniform,16,16x16,synthetic,256,synthetic_test
667,systolic,wavefront,16,16x16,synthetic,256,synthetic_test
668,systolic,hotspot,16,16x16,synthetic,256,synthetic_train
669,systolic,hotspot,16,16x16,synthetic,256,synthetic_test
670,systolic,hotspot,16,16x16,synthetic,256,synthetic_train
671,systolic,hotspot,16,16x16,synthetic,256,synthetic_train
672,systolic,hotspot,16,16x16,synthetic,256,synthetic_train
673,systolic,uniform,16,16x16,synthetic,256,synthetic_train
674,systolic,wavefront,16,16x16,synthetic,256,synthetic_train
675,systolic,hotspot,16,16x16,synthetic,256,synthetic_train
676,systolic,checkerboard,16,16x16,synthetic,256,synthetic_train
677,systolic,uniform,16,16x16,synthetic,256,synthetic_train
678,systolic,hotspot,16,16x16,synthetic,256,synthetic_train
679,systolic,wavefront,16,16x16,synthetic,256,synthetic_train
680,systolic,hotspot,16,16x16,synthetic,256,synthetic_val
681,systolic,hotspot,16,16x16,synthetic,256,synthetic_train
682,systolic,wavefront,16,16x16,synthetic,256,synthetic_train
683,systolic,checkerboard,16,16x16,synthetic,256,synthetic_train
684,systolic,banded,16,16x16,synthetic,256,synthetic_train
685,systolic,hotspot,16,16x16,synthetic,256,synthetic_train
686,systolic,uniform,16,16x16,synthetic,256,synthetic_train
687,systolic,uniform,16,16x16,synthetic,256,synthetic_train
688,systolic,checkerboard,16,16x16,synthetic,256,synthetic_test
689,systolic,uniform,16,16x16,synthetic,256,synthetic_train
690,systolic,wavefront,16,16x16,synthetic,256,synthetic_test
691,systolic,hotspot,16,16x16,synthetic,256,synthetic_train
692,systolic,checkerboard,16,16x16,synthetic,256,synthetic_train
693,systolic,hotspot,16,16x16,synthetic,256,synthetic_train
694,systolic,banded,16,16x16,synthetic,256,synthetic_train
695,systolic,checkerboard,16,16x16,synthetic,256,synthetic_train
696,systolic,hotspot,16,16x16,synthetic,256,synthetic_train
697,systolic,hotspot,16,16x16,synthetic,256,synthetic_test
698,systolic,hotspot,16,16x16,synthetic,256,synthetic_train
699,systolic,uniform,16,16x16,synthetic,256,synthetic_train
700,systolic,wavefront,16,16x16,synthetic,256,synthetic_train
701,systolic,wavefront,16,16x16,synthetic,256,synthetic_train
702,systolic,banded,16,16x16,synthetic,256,synthetic_train
703,systolic,uniform,16,16x16,synthetic,256,synthetic_train
704,systolic,hotspot,16,16x16,synthetic,256,synthetic_train
705,systolic,banded,16,16x16,synthetic,256,synthetic_train
706,systolic,checkerboard,16,16x16,synthetic,256,synthetic_train
707,systolic,hotspot,16,16x16,synthetic,256,synthetic_train
708,systolic,wavefront,16,16x16,synthetic,256,synthetic_val
709,systolic,hotspot,16,16x16,synthetic,256,synthetic_test
710,systolic,hotspot,16,16x16,synthetic,256,synthetic_train
711,systolic,wavefront,16,16x16,synthetic,256,synthetic_train
712,systolic,banded,16,16x16,synthetic,256,synthetic_train
713,systolic,hotspot,16,16x16,synthetic,256,synthetic_train
714,systolic,uniform,16,16x16,synthetic,256,synthetic_train
715,systolic,hotspot,16,16x16,synthetic,256,synthetic_val
716,systolic,uniform,16,16x16,synthetic,256,synthetic_train
717,systolic,hotspot,16,16x16,synthetic,256,synthetic_train
718,systolic,hotspot,16,16x16,synthetic,256,synthetic_train
719,systolic,hotspot,16,16x16,synthetic,256,synthetic_test
720,systolic,banded,16,16x16,synthetic,256,synthetic_train
721,systolic,checkerboard,16,16x16,synthetic,256,synthetic_test
722,systolic,banded,16,16x16,synthetic,256,synthetic_train
723,systolic,hotspot,16,16x16,synthetic,256,synthetic_train
724,systolic,hotspot,16,16x16,synthetic,256,synthetic_val
725,systolic,banded,16,16x16,synthetic,256,synthetic_train
726,systolic,checkerboard,16,16x16,synthetic,256,synthetic_train
727,systolic,hotspot,16,16x16,synthetic,256,synthetic_val
728,systolic,banded,16,16x16,synthetic,256,synthetic_train
729,systolic,wavefront,16,16x16,synthetic,256,synthetic_train
730,systolic,banded,16,16x16,synthetic,256,synthetic_test
731,systolic,checkerboard,16,16x16,synthetic,256,synthetic_train
732,systolic,hotspot,16,16x16,synthetic,256,synthetic_test
733,systolic,checkerboard,16,16x16,synthetic,256,synthetic_val
734,systolic,banded,16,16x16,synthetic,256,synthetic_train
735,systolic,banded,16,16x16,synthetic,256,synthetic_train
736,systolic,hotspot,16,16x16,synthetic,256,synthetic_train
737,systolic,wavefront,16,16x16,synthetic,256,synthetic_test
738,systolic,banded,16,16x16,synthetic,256,synthetic_train
739,systolic,hotspot,16,16x16,synthetic,256,synthetic_train
740,systolic,wavefront,16,16x16,synthetic,256,synthetic_train
741,systolic,banded,16,16x16,synthetic,256,synthetic_train
742,systolic,checkerboard,16,16x16,synthetic,256,synthetic_train
743,systolic,uniform,16,16x16,synthetic,256,synthetic_val
744,systolic,checkerboard,16,16x16,synthetic,256,synthetic_train
745,systolic,uniform,16,16x16,synthetic,256,synthetic_train
746,systolic,banded,16,16x16,synthetic,256,synthetic_test
747,systolic,hotspot,16,16x16,synthetic,256,synthetic_val
748,systolic,banded,16,16x16,synthetic,256,synthetic_train
749,systolic,banded,16,16x16,synthetic,256,synthetic_val
750,systolic,wavefront,16,16x16,synthetic,256,synthetic_train
751,systolic,wavefront,16,16x16,synthetic,256,synthetic_train
752,systolic,hotspot,16,16x16,synthetic,256,synthetic_train
753,systolic,checkerboard,16,16x16,synthetic,256,synthetic_train
754,systolic,wavefront,16,16x16,synthetic,256,synthetic_train
755,systolic,checkerboard,16,16x16,synthetic,256,synthetic_val
756,systolic,wavefront,16,16x16,synthetic,256,synthetic_val
757,systolic,hotspot,16,16x16,synthetic,256,synthetic_val
758,systolic,hotspot,16,16x16,synthetic,256,synthetic_train
759,systolic,wavefront,16,16x16,synthetic,256,synthetic_train
760,systolic,uniform,16,16x16,synthetic,256,synthetic_train
761,systolic,uniform,16,16x16,synthetic,256,synthetic_val
762,systolic,checkerboard,16,16x16,synthetic,256,synthetic_val
763,systolic,banded,16,16x16,synthetic,256,synthetic_train
764,systolic,uniform,16,16x16,synthetic,256,synthetic_train
765,systolic,wavefront,16,16x16,synthetic,256,synthetic_train
766,systolic,wavefront,16,16x16,synthetic,256,synthetic_test
767,systolic,hotspot,16,16x16,synthetic,256,synthetic_test
768,systolic,checkerboard,16,16x16,synthetic,256,synthetic_test
769,systolic,wavefront,16,16x16,synthetic,256,synthetic_val
770,systolic,checkerboard,16,16x16,synthetic,256,synthetic_train
771,systolic,checkerboard,16,16x16,synthetic,256,synthetic_train
772,systolic,checkerboard,16,16x16,synthetic,256,synthetic_train
773,systolic,wavefront,16,16x16,synthetic,256,synthetic_val
774,systolic,banded,16,16x16,synthetic,256,synthetic_val
775,systolic,wavefront,16,16x16,synthetic,256,synthetic_train
776,systolic,hotspot,16,16x16,synthetic,256,synthetic_train
777,systolic,hotspot,16,16x16,synthetic,256,synthetic_train
778,systolic,checkerboard,16,16x16,synthetic,256,synthetic_train
779,systolic,checkerboard,16,16x16,synthetic,256,synthetic_train
780,systolic,uniform,16,16x16,synthetic,256,synthetic_train
781,systolic,hotspot,16,16x16,synthetic,256,synthetic_train
782,systolic,uniform,16,16x16,synthetic,256,synthetic_train
783,systolic,banded,16,16x16,synthetic,256,synthetic_test
784,systolic,banded,16,16x16,synthetic,256,synthetic_train
785,systolic,uniform,16,16x16,synthetic,256,synthetic_test
786,systolic,checkerboard,16,16x16,synthetic,256,synthetic_train
787,systolic,banded,16,16x16,synthetic,256,synthetic_train
788,systolic,banded,16,16x16,synthetic,256,synthetic_train
789,systolic,hotspot,16,16x16,synthetic,256,synthetic_train
790,systolic,uniform,16,16x16,synthetic,256,synthetic_train
791,systolic,uniform,16,16x16,synthetic,256,synthetic_train
792,systolic,uniform,16,16x16,synthetic,256,synthetic_train
793,systolic,uniform,16,16x16,synthetic,256,synthetic_train
794,systolic,hotspot,16,16x16,synthetic,256,synthetic_test
795,systolic,banded,16,16x16,synthetic,256,synthetic_test
796,systolic,checkerboard,16,16x16,synthetic,256,synthetic_train
797,systolic,uniform,16,16x16,synthetic,256,synthetic_val
798,systolic,wavefront,16,16x16,synthetic,256,synthetic_train
799,systolic,hotspot,16,16x16,synthetic,256,synthetic_val
800,systolic,wavefront,16,16x16,synthetic,256,synthetic_train
801,systolic,hotspot,16,16x16,synthetic,256,synthetic_train
802,systolic,wavefront,16,16x16,synthetic,256,synthetic_train
803,systolic,hotspot,16,16x16,synthetic,256,synthetic_train
804,systolic,uniform,16,16x16,synthetic,256,synthetic_test
805,systolic,uniform,16,16x16,synthetic,256,synthetic_val
806,systolic,wavefront,16,16x16,synthetic,256,synthetic_train
807,systolic,wavefront,16,16x16,synthetic,256,synthetic_train
808,systolic,checkerboard,16,16x16,synthetic,256,synthetic_test
809,systolic,uniform,16,16x16,synthetic,256,synthetic_train
810,systolic,hotspot,16,16x16,synthetic,256,synthetic_train
811,systolic,hotspot,16,16x16,synthetic,256,synthetic_test
812,systolic,uniform,16,16x16,synthetic,256,synthetic_train
813,systolic,checkerboard,16,16x16,synthetic,256,synthetic_train
814,systolic,wavefront,16,16x16,synthetic,256,synthetic_train
815,systolic,uniform,16,16x16,synthetic,256,synthetic_train
816,systolic,banded,16,16x16,synthetic,256,synthetic_train
817,systolic,checkerboard,16,16x16,synthetic,256,synthetic_train
818,systolic,uniform,16,16x16,synthetic,256,synthetic_train
819,systolic,checkerboard,16,16x16,synthetic,256,synthetic_test
820,systolic,hotspot,16,16x16,synthetic,256,synthetic_test
821,systolic,checkerboard,16,16x16,synthetic,256,synthetic_val
822,systolic,checkerboard,16,16x16,synthetic,256,synthetic_test
823,systolic,wavefront,16,16x16,synthetic,256,synthetic_train
824,systolic,uniform,16,16x16,synthetic,256,synthetic_val
825,systolic,banded,16,16x16,synthetic,256,synthetic_train
826,systolic,wavefront,16,16x16,synthetic,256,synthetic_test
827,systolic,hotspot,16,16x16,synthetic,256,synthetic_train
828,systolic,wavefront,16,16x16,synthetic,256,synthetic_val
829,systolic,hotspot,16,16x16,synthetic,256,synthetic_test
830,systolic,checkerboard,16,16x16,synthetic,256,synthetic_train
831,systolic,hotspot,16,16x16,synthetic,256,synthetic_train
832,systolic,banded,16,16x16,synthetic,256,synthetic_val
833,systolic,banded,16,16x16,synthetic,256,synthetic_train
834,systolic,hotspot,16,16x16,synthetic,256,synthetic_val
835,systolic,wavefront,16,16x16,synthetic,256,synthetic_train
836,systolic,uniform,16,16x16,synthetic,256,synthetic_test
837,systolic,banded,16,16x16,synthetic,256,synthetic_train
838,systolic,banded,16,16x16,synthetic,256,synthetic_train
839,systolic,uniform,16,16x16,synthetic,256,synthetic_train
840,systolic,checkerboard,16,16x16,synthetic,256,synthetic_train
841,systolic,uniform,16,16x16,synthetic,256,synthetic_val
842,systolic,hotspot,16,16x16,synthetic,256,synthetic_train
843,systolic,checkerboard,16,16x16,synthetic,256,synthetic_train
844,systolic,hotspot,16,16x16,synthetic,256,synthetic_train
845,systolic,checkerboard,16,16x16,synthetic,256,synthetic_train
846,systolic,checkerboard,16,16x16,synthetic,256,synthetic_train
847,systolic,uniform,16,16x16,synthetic,256,synthetic_train
848,systolic,wavefront,16,16x16,synthetic,256,synthetic_train
849,systolic,banded,16,16x16,synthetic,256,synthetic_train
850,systolic,wavefront,16,16x16,synthetic,256,synthetic_train
851,systolic,uniform,16,16x16,synthetic,256,synthetic_val
852,systolic,checkerboard,16,16x16,synthetic,256,synthetic_train
853,systolic,uniform,16,16x16,synthetic,256,synthetic_train
854,systolic,wavefront,16,16x16,synthetic,256,synthetic_train
855,systolic,uniform,16,16x16,synthetic,256,synthetic_test
856,systolic,checkerboard,16,16x16,synthetic,256,synthetic_train
857,systolic,checkerboard,16,16x16,synthetic,256,synthetic_train
858,systolic,banded,16,16x16,synthetic,256,synthetic_test
859,systolic,banded,16,16x16,synthetic,256,synthetic_train
860,systolic,hotspot,16,16x16,synthetic,256,synthetic_train
861,systolic,banded,16,16x16,synthetic,256,synthetic_val
862,systolic,banded,16,16x16,synthetic,256,synthetic_train
863,systolic,banded,16,16x16,synthetic,256,synthetic_train
864,systolic,hotspot,16,16x16,synthetic,256,synthetic_train
865,systolic,uniform,16,16x16,synthetic,256,synthetic_train
866,systolic,uniform,16,16x16,synthetic,256,synthetic_train
867,systolic,uniform,16,16x16,synthetic,256,synthetic_train
868,systolic,hotspot,16,16x16,synthetic,256,synthetic_train
869,systolic,wavefront,16,16x16,synthetic,256,synthetic_train
870,systolic,hotspot,16,16x16,synthetic,256,synthetic_train
871,systolic,uniform,16,16x16,synthetic,256,synthetic_train
872,systolic,wavefront,16,16x16,synthetic,256,synthetic_val
873,systolic,wavefront,16,16x16,synthetic,256,synthetic_train
874,systolic,checkerboard,16,16x16,synthetic,256,synthetic_val
875,systolic,wavefront,16,16x16,synthetic,256,synthetic_test
876,systolic,uniform,16,16x16,synthetic,256,synthetic_train
877,systolic,uniform,16,16x16,synthetic,256,synthetic_train
878,systolic,hotspot,16,16x16,synthetic,256,synthetic_train
879,systolic,banded,16,16x16,synthetic,256,synthetic_val
880,systolic,checkerboard,16,16x16,synthetic,256,synthetic_train
881,systolic,banded,16,16x16,synthetic,256,synthetic_test
882,systolic,hotspot,16,16x16,synthetic,256,synthetic_train
883,systolic,hotspot,16,16x16,synthetic,256,synthetic_val
884,systolic,checkerboard,16,16x16,synthetic,256,synthetic_train
885,systolic,uniform,16,16x16,synthetic,256,synthetic_train
886,systolic,hotspot,16,16x16,synthetic,256,synthetic_train
887,systolic,uniform,16,16x16,synthetic,256,synthetic_test
888,systolic,hotspot,16,16x16,synthetic,256,synthetic_train
889,systolic,checkerboard,16,16x16,synthetic,256,synthetic_train
890,systolic,uniform,16,16x16,synthetic,256,synthetic_train
891,systolic,uniform,16,16x16,synthetic,256,synthetic_train
892,systolic,hotspot,16,16x16,synthetic,256,synthetic_train
893,systolic,hotspot,16,16x16,synthetic,256,synthetic_train
894,systolic,uniform,16,16x16,synthetic,256,synthetic_test
895,systolic,checkerboard,16,16x16,synthetic,256,synthetic_train
896,systolic,uniform,16,16x16,synthetic,256,synthetic_train
897,systolic,hotspot,16,16x16,synthetic,256,synthetic_val
898,systolic,checkerboard,16,16x16,synthetic,256,synthetic_train
899,systolic,uniform,16,16x16,synthetic,256,synthetic_train
900,standard,uniform,32,32x32,synthetic,1024,synthetic_val
901,standard,multihotspot,32,32x32,synthetic,1024,synthetic_train
902,standard,quadrant,32,32x32,synthetic,1024,synthetic_train
903,standard,hotspot,32,32x32,synthetic,1024,synthetic_train
904,standard,hotspot,32,32x32,synthetic,1024,synthetic_test
905,standard,hotspot,32,32x32,synthetic,1024,synthetic_train
906,standard,hotspot,32,32x32,synthetic,1024,synthetic_train
907,standard,hotspot,32,32x32,synthetic,1024,synthetic_train
908,standard,multihotspot,32,32x32,synthetic,1024,synthetic_test
909,standard,multihotspot,32,32x32,synthetic,1024,synthetic_train
910,standard,hotspot,32,32x32,synthetic,1024,synthetic_train
911,standard,checkerboard,32,32x32,synthetic,1024,synthetic_train
912,standard,hotspot,32,32x32,synthetic,1024,synthetic_val
913,standard,hotspot,32,32x32,synthetic,1024,synthetic_val
914,standard,uniform,32,32x32,synthetic,1024,synthetic_test
915,standard,quadrant,32,32x32,synthetic,1024,synthetic_val
916,standard,multihotspot,32,32x32,synthetic,1024,synthetic_train
917,standard,hotspot,32,32x32,synthetic,1024,synthetic_train
918,standard,uniform,32,32x32,synthetic,1024,synthetic_train
919,standard,uniform,32,32x32,synthetic,1024,synthetic_test
920,standard,checkerboard,32,32x32,synthetic,1024,synthetic_val
921,standard,uniform,32,32x32,synthetic,1024,synthetic_test
922,standard,stripes,32,32x32,synthetic,1024,synthetic_train
923,standard,uniform,32,32x32,synthetic,1024,synthetic_train
924,standard,uniform,32,32x32,synthetic,1024,synthetic_train
925,standard,quadrant,32,32x32,synthetic,1024,synthetic_train
926,standard,quadrant,32,32x32,synthetic,1024,synthetic_train
927,standard,hotspot,32,32x32,synthetic,1024,synthetic_test
928,standard,checkerboard,32,32x32,synthetic,1024,synthetic_train
929,standard,hotspot,32,32x32,synthetic,1024,synthetic_train
930,standard,checkerboard,32,32x32,synthetic,1024,synthetic_train
931,standard,hotspot,32,32x32,synthetic,1024,synthetic_val
932,standard,quadrant,32,32x32,synthetic,1024,synthetic_train
933,standard,hotspot,32,32x32,synthetic,1024,synthetic_train
934,standard,stripes,32,32x32,synthetic,1024,synthetic_test
935,standard,quadrant,32,32x32,synthetic,1024,synthetic_train
936,standard,hotspot,32,32x32,synthetic,1024,synthetic_test
937,standard,quadrant,32,32x32,synthetic,1024,synthetic_train
938,standard,multihotspot,32,32x32,synthetic,1024,synthetic_train
939,standard,hotspot,32,32x32,synthetic,1024,synthetic_train
940,standard,uniform,32,32x32,synthetic,1024,synthetic_train
941,standard,multihotspot,32,32x32,synthetic,1024,synthetic_test
942,standard,multihotspot,32,32x32,synthetic,1024,synthetic_train
943,standard,quadrant,32,32x32,synthetic,1024,synthetic_train
944,standard,stripes,32,32x32,synthetic,1024,synthetic_train
945,standard,stripes,32,32x32,synthetic,1024,synthetic_val
946,standard,hotspot,32,32x32,synthetic,1024,synthetic_train
947,standard,stripes,32,32x32,synthetic,1024,synthetic_train
948,standard,hotspot,32,32x32,synthetic,1024,synthetic_train
949,standard,hotspot,32,32x32,synthetic,1024,synthetic_test
950,standard,quadrant,32,32x32,synthetic,1024,synthetic_train
951,standard,hotspot,32,32x32,synthetic,1024,synthetic_train
952,standard,hotspot,32,32x32,synthetic,1024,synthetic_train
953,standard,hotspot,32,32x32,synthetic,1024,synthetic_train
954,standard,hotspot,32,32x32,synthetic,1024,synthetic_test
955,standard,stripes,32,32x32,synthetic,1024,synthetic_train
956,standard,stripes,32,32x32,synthetic,1024,synthetic_train
957,standard,checkerboard,32,32x32,synthetic,1024,synthetic_train
958,standard,checkerboard,32,32x32,synthetic,1024,synthetic_train
959,standard,stripes,32,32x32,synthetic,1024,synthetic_train
960,standard,quadrant,32,32x32,synthetic,1024,synthetic_train
961,standard,hotspot,32,32x32,synthetic,1024,synthetic_train
962,standard,stripes,32,32x32,synthetic,1024,synthetic_train
963,standard,stripes,32,32x32,synthetic,1024,synthetic_train
964,standard,checkerboard,32,32x32,synthetic,1024,synthetic_train
965,standard,checkerboard,32,32x32,synthetic,1024,synthetic_train
966,standard,uniform,32,32x32,synthetic,1024,synthetic_val
967,standard,checkerboard,32,32x32,synthetic,1024,synthetic_train
968,standard,checkerboard,32,32x32,synthetic,1024,synthetic_train
969,standard,multihotspot,32,32x32,synthetic,1024,synthetic_train
970,standard,hotspot,32,32x32,synthetic,1024,synthetic_train
971,standard,multihotspot,32,32x32,synthetic,1024,synthetic_val
972,standard,uniform,32,32x32,synthetic,1024,synthetic_train
973,standard,checkerboard,32,32x32,synthetic,1024,synthetic_val
974,standard,checkerboard,32,32x32,synthetic,1024,synthetic_train
975,standard,uniform,32,32x32,synthetic,1024,synthetic_val
976,standard,stripes,32,32x32,synthetic,1024,synthetic_test
977,standard,stripes,32,32x32,synthetic,1024,synthetic_train
978,standard,checkerboard,32,32x32,synthetic,1024,synthetic_test
979,standard,uniform,32,32x32,synthetic,1024,synthetic_train
980,standard,quadrant,32,32x32,synthetic,1024,synthetic_train
981,standard,quadrant,32,32x32,synthetic,1024,synthetic_train
982,standard,hotspot,32,32x32,synthetic,1024,synthetic_train
983,standard,checkerboard,32,32x32,synthetic,1024,synthetic_train
984,standard,checkerboard,32,32x32,synthetic,1024,synthetic_train
985,standard,checkerboard,32,32x32,synthetic,1024,synthetic_train
986,standard,uniform,32,32x32,synthetic,1024,synthetic_train
987,standard,uniform,32,32x32,synthetic,1024,synthetic_train
988,standard,hotspot,32,32x32,synthetic,1024,synthetic_train
989,standard,multihotspot,32,32x32,synthetic,1024,synthetic_test
990,standard,checkerboard,32,32x32,synthetic,1024,synthetic_train
991,standard,hotspot,32,32x32,synthetic,1024,synthetic_train
992,standard,uniform,32,32x32,synthetic,1024,synthetic_train
993,standard,checkerboard,32,32x32,synthetic,1024,synthetic_test
994,standard,multihotspot,32,32x32,synthetic,1024,synthetic_train
995,standard,stripes,32,32x32,synthetic,1024,synthetic_train
996,standard,hotspot,32,32x32,synthetic,1024,synthetic_val
997,standard,quadrant,32,32x32,synthetic,1024,synthetic_train
998,standard,quadrant,32,32x32,synthetic,1024,synthetic_train
999,standard,hotspot,32,32x32,synthetic,1024,synthetic_train
1000,standard,stripes,32,32x32,synthetic,1024,synthetic_train
1001,standard,stripes,32,32x32,synthetic,1024,synthetic_train
1002,standard,checkerboard,32,32x32,synthetic,1024,synthetic_train
1003,standard,checkerboard,32,32x32,synthetic,1024,synthetic_train
1004,standard,hotspot,32,32x32,synthetic,1024,synthetic_train
1005,standard,checkerboard,32,32x32,synthetic,1024,synthetic_train
1006,standard,quadrant,32,32x32,synthetic,1024,synthetic_train
1007,standard,uniform,32,32x32,synthetic,1024,synthetic_train
1008,standard,hotspot,32,32x32,synthetic,1024,synthetic_train
1009,standard,quadrant,32,32x32,synthetic,1024,synthetic_val
1010,standard,stripes,32,32x32,synthetic,1024,synthetic_train
1011,standard,stripes,32,32x32,synthetic,1024,synthetic_train
1012,standard,quadrant,32,32x32,synthetic,1024,synthetic_test
1013,standard,quadrant,32,32x32,synthetic,1024,synthetic_val
1014,standard,multihotspot,32,32x32,synthetic,1024,synthetic_train
1015,standard,stripes,32,32x32,synthetic,1024,synthetic_train
1016,standard,checkerboard,32,32x32,synthetic,1024,synthetic_train
1017,standard,uniform,32,32x32,synthetic,1024,synthetic_train
1018,standard,multihotspot,32,32x32,synthetic,1024,synthetic_train
1019,standard,hotspot,32,32x32,synthetic,1024,synthetic_test
1020,standard,stripes,32,32x32,synthetic,1024,synthetic_train
1021,standard,uniform,32,32x32,synthetic,1024,synthetic_test
1022,standard,hotspot,32,32x32,synthetic,1024,synthetic_train
1023,standard,hotspot,32,32x32,synthetic,1024,synthetic_train
1024,standard,hotspot,32,32x32,synthetic,1024,synthetic_train
1025,standard,multihotspot,32,32x32,synthetic,1024,synthetic_train
1026,standard,checkerboard,32,32x32,synthetic,1024,synthetic_val
1027,standard,checkerboard,32,32x32,synthetic,1024,synthetic_train
1028,standard,multihotspot,32,32x32,synthetic,1024,synthetic_train
1029,standard,multihotspot,32,32x32,synthetic,1024,synthetic_train
1030,standard,hotspot,32,32x32,synthetic,1024,synthetic_train
1031,standard,hotspot,32,32x32,synthetic,1024,synthetic_train
1032,standard,multihotspot,32,32x32,synthetic,1024,synthetic_train
1033,standard,quadrant,32,32x32,synthetic,1024,synthetic_train
1034,standard,hotspot,32,32x32,synthetic,1024,synthetic_test
1035,standard,hotspot,32,32x32,synthetic,1024,synthetic_train
1036,standard,multihotspot,32,32x32,synthetic,1024,synthetic_train
1037,standard,hotspot,32,32x32,synthetic,1024,synthetic_train
1038,standard,checkerboard,32,32x32,synthetic,1024,synthetic_train
1039,standard,multihotspot,32,32x32,synthetic,1024,synthetic_val
1040,standard,hotspot,32,32x32,synthetic,1024,synthetic_val
1041,standard,hotspot,32,32x32,synthetic,1024,synthetic_test
1042,standard,checkerboard,32,32x32,synthetic,1024,synthetic_train
1043,standard,uniform,32,32x32,synthetic,1024,synthetic_val
1044,standard,checkerboard,32,32x32,synthetic,1024,synthetic_val
1045,standard,uniform,32,32x32,synthetic,1024,synthetic_train
1046,standard,checkerboard,32,32x32,synthetic,1024,synthetic_train
1047,standard,checkerboard,32,32x32,synthetic,1024,synthetic_train
1048,standard,quadrant,32,32x32,synthetic,1024,synthetic_test
1049,standard,hotspot,32,32x32,synthetic,1024,synthetic_train
1050,standard,checkerboard,32,32x32,synthetic,1024,synthetic_val
1051,standard,checkerboard,32,32x32,synthetic,1024,synthetic_train
1052,standard,hotspot,32,32x32,synthetic,1024,synthetic_train
1053,standard,uniform,32,32x32,synthetic,1024,synthetic_train
1054,standard,checkerboard,32,32x32,synthetic,1024,synthetic_val
1055,standard,uniform,32,32x32,synthetic,1024,synthetic_train
1056,standard,hotspot,32,32x32,synthetic,1024,synthetic_test
1057,standard,checkerboard,32,32x32,synthetic,1024,synthetic_val
1058,standard,checkerboard,32,32x32,synthetic,1024,synthetic_train
1059,standard,quadrant,32,32x32,synthetic,1024,synthetic_train
1060,standard,checkerboard,32,32x32,synthetic,1024,synthetic_train
1061,standard,uniform,32,32x32,synthetic,1024,synthetic_train
1062,standard,checkerboard,32,32x32,synthetic,1024,synthetic_train
1063,standard,checkerboard,32,32x32,synthetic,1024,synthetic_train
1064,standard,hotspot,32,32x32,synthetic,1024,synthetic_train
1065,standard,multihotspot,32,32x32,synthetic,1024,synthetic_train
1066,standard,hotspot,32,32x32,synthetic,1024,synthetic_train
1067,standard,checkerboard,32,32x32,synthetic,1024,synthetic_train
1068,standard,quadrant,32,32x32,synthetic,1024,synthetic_test
1069,standard,hotspot,32,32x32,synthetic,1024,synthetic_train
1070,standard,hotspot,32,32x32,synthetic,1024,synthetic_train
1071,standard,hotspot,32,32x32,synthetic,1024,synthetic_train
1072,standard,quadrant,32,32x32,synthetic,1024,synthetic_train
1073,standard,checkerboard,32,32x32,synthetic,1024,synthetic_train
1074,standard,quadrant,32,32x32,synthetic,1024,synthetic_train
1075,standard,hotspot,32,32x32,synthetic,1024,synthetic_train
1076,standard,hotspot,32,32x32,synthetic,1024,synthetic_train
1077,standard,hotspot,32,32x32,synthetic,1024,synthetic_val
1078,standard,quadrant,32,32x32,synthetic,1024,synthetic_train
1079,standard,hotspot,32,32x32,synthetic,1024,synthetic_test
1080,standard,hotspot,32,32x32,synthetic,1024,synthetic_test
1081,standard,multihotspot,32,32x32,synthetic,1024,synthetic_train
1082,standard,uniform,32,32x32,synthetic,1024,synthetic_val
1083,standard,stripes,32,32x32,synthetic,1024,synthetic_val
1084,standard,hotspot,32,32x32,synthetic,1024,synthetic_train
1085,standard,multihotspot,32,32x32,synthetic,1024,synthetic_train
1086,standard,hotspot,32,32x32,synthetic,1024,synthetic_train
1087,standard,stripes,32,32x32,synthetic,1024,synthetic_val
1088,standard,checkerboard,32,32x32,synthetic,1024,synthetic_test
1089,standard,stripes,32,32x32,synthetic,1024,synthetic_val
1090,standard,uniform,32,32x32,synthetic,1024,synthetic_train
1091,standard,hotspot,32,32x32,synthetic,1024,synthetic_train
1092,standard,hotspot,32,32x32,synthetic,1024,synthetic_val
1093,standard,stripes,32,32x32,synthetic,1024,synthetic_train
1094,standard,hotspot,32,32x32,synthetic,1024,synthetic_train
1095,standard,uniform,32,32x32,synthetic,1024,synthetic_train
1096,standard,hotspot,32,32x32,synthetic,1024,synthetic_train
1097,standard,hotspot,32,32x32,synthetic,1024,synthetic_train
1098,standard,hotspot,32,32x32,synthetic,1024,synthetic_test
1099,standard,hotspot,32,32x32,synthetic,1024,synthetic_val
1100,standard,hotspot,32,32x32,synthetic,1024,synthetic_train
1101,standard,checkerboard,32,32x32,synthetic,1024,synthetic_test
1102,standard,multihotspot,32,32x32,synthetic,1024,synthetic_val
1103,standard,quadrant,32,32x32,synthetic,1024,synthetic_train
1104,standard,uniform,32,32x32,synthetic,1024,synthetic_train
1105,standard,hotspot,32,32x32,synthetic,1024,synthetic_val
1106,standard,checkerboard,32,32x32,synthetic,1024,synthetic_test
1107,standard,quadrant,32,32x32,synthetic,1024,synthetic_test
1108,standard,stripes,32,32x32,synthetic,1024,synthetic_test
1109,standard,stripes,32,32x32,synthetic,1024,synthetic_test
1110,standard,checkerboard,32,32x32,synthetic,1024,synthetic_test
1111,standard,hotspot,32,32x32,synthetic,1024,synthetic_train
1112,standard,uniform,32,32x32,synthetic,1024,synthetic_train
1113,standard,multihotspot,32,32x32,synthetic,1024,synthetic_train
1114,standard,uniform,32,32x32,synthetic,1024,synthetic_train
1115,standard,checkerboard,32,32x32,synthetic,1024,synthetic_train
1116,standard,multihotspot,32,32x32,synthetic,1024,synthetic_train
1117,standard,stripes,32,32x32,synthetic,1024,synthetic_train
1118,standard,multihotspot,32,32x32,synthetic,1024,synthetic_test
1119,standard,checkerboard,32,32x32,synthetic,1024,synthetic_train
1120,standard,uniform,32,32x32,synthetic,1024,synthetic_train
1121,standard,hotspot,32,32x32,synthetic,1024,synthetic_val
1122,standard,checkerboard,32,32x32,synthetic,1024,synthetic_val
1123,standard,hotspot,32,32x32,synthetic,1024,synthetic_train
1124,standard,quadrant,32,32x32,synthetic,1024,synthetic_train
1125,standard,stripes,32,32x32,synthetic,1024,synthetic_train
1126,standard,stripes,32,32x32,synthetic,1024,synthetic_train
1127,standard,checkerboard,32,32x32,synthetic,1024,synthetic_train
1128,standard,quadrant,32,32x32,synthetic,1024,synthetic_val
1129,standard,quadrant,32,32x32,synthetic,1024,synthetic_train
1130,standard,uniform,32,32x32,synthetic,1024,synthetic_test
1131,standard,hotspot,32,32x32,synthetic,1024,synthetic_train
1132,standard,hotspot,32,32x32,synthetic,1024,synthetic_val
1133,standard,checkerboard,32,32x32,synthetic,1024,synthetic_train
1134,standard,hotspot,32,32x32,synthetic,1024,synthetic_train
1135,standard,stripes,32,32x32,synthetic,1024,synthetic_train
1136,standard,multihotspot,32,32x32,synthetic,1024,synthetic_train
1137,standard,uniform,32,32x32,synthetic,1024,synthetic_train
1138,standard,hotspot,32,32x32,synthetic,1024,synthetic_train
1139,standard,uniform,32,32x32,synthetic,1024,synthetic_train
1140,standard,uniform,32,32x32,synthetic,1024,synthetic_test
1141,standard,stripes,32,32x32,synthetic,1024,synthetic_train
1142,standard,hotspot,32,32x32,synthetic,1024,synthetic_train
1143,standard,checkerboard,32,32x32,synthetic,1024,synthetic_train
1144,standard,stripes,32,32x32,synthetic,1024,synthetic_val
1145,standard,checkerboard,32,32x32,synthetic,1024,synthetic_test
1146,standard,uniform,32,32x32,synthetic,1024,synthetic_train
1147,standard,multihotspot,32,32x32,synthetic,1024,synthetic_val
1148,standard,quadrant,32,32x32,synthetic,1024,synthetic_val
1149,standard,hotspot,32,32x32,synthetic,1024,synthetic_train
1150,systolic,hotspot,32,32x32,synthetic,1024,synthetic_train
1151,systolic,banded,32,32x32,synthetic,1024,synthetic_test
1152,systolic,checkerboard,32,32x32,synthetic,1024,synthetic_val
1153,systolic,banded,32,32x32,synthetic,1024,synthetic_train
1154,systolic,wavefront,32,32x32,synthetic,1024,synthetic_val
1155,systolic,wavefront,32,32x32,synthetic,1024,synthetic_test
1156,systolic,checkerboard,32,32x32,synthetic,1024,synthetic_train
1157,systolic,wavefront,32,32x32,synthetic,1024,synthetic_train
1158,systolic,wavefront,32,32x32,synthetic,1024,synthetic_test
1159,systolic,checkerboard,32,32x32,synthetic,1024,synthetic_train
1160,systolic,banded,32,32x32,synthetic,1024,synthetic_train
1161,systolic,uniform,32,32x32,synthetic,1024,synthetic_val
1162,systolic,wavefront,32,32x32,synthetic,1024,synthetic_val
1163,systolic,wavefront,32,32x32,synthetic,1024,synthetic_train
1164,systolic,uniform,32,32x32,synthetic,1024,synthetic_train
1165,systolic,uniform,32,32x32,synthetic,1024,synthetic_train
1166,systolic,hotspot,32,32x32,synthetic,1024,synthetic_train
1167,systolic,checkerboard,32,32x32,synthetic,1024,synthetic_train
1168,systolic,checkerboard,32,32x32,synthetic,1024,synthetic_test
1169,systolic,wavefront,32,32x32,synthetic,1024,synthetic_train
1170,systolic,checkerboard,32,32x32,synthetic,1024,synthetic_train
1171,systolic,banded,32,32x32,synthetic,1024,synthetic_train
1172,systolic,checkerboard,32,32x32,synthetic,1024,synthetic_test
1173,systolic,uniform,32,32x32,synthetic,1024,synthetic_test
1174,systolic,hotspot,32,32x32,synthetic,1024,synthetic_train
1175,systolic,uniform,32,32x32,synthetic,1024,synthetic_test
1176,systolic,hotspot,32,32x32,synthetic,1024,synthetic_train
1177,systolic,hotspot,32,32x32,synthetic,1024,synthetic_train
1178,systolic,uniform,32,32x32,synthetic,1024,synthetic_test
1179,systolic,hotspot,32,32x32,synthetic,1024,synthetic_test
1180,systolic,wavefront,32,32x32,synthetic,1024,synthetic_val
1181,systolic,checkerboard,32,32x32,synthetic,1024,synthetic_train
1182,systolic,checkerboard,32,32x32,synthetic,1024,synthetic_val
1183,systolic,banded,32,32x32,synthetic,1024,synthetic_train
1184,systolic,checkerboard,32,32x32,synthetic,1024,synthetic_train
1185,systolic,hotspot,32,32x32,synthetic,1024,synthetic_train
1186,systolic,hotspot,32,32x32,synthetic,1024,synthetic_val
1187,systolic,checkerboard,32,32x32,synthetic,1024,synthetic_train
1188,systolic,banded,32,32x32,synthetic,1024,synthetic_train
1189,systolic,hotspot,32,32x32,synthetic,1024,synthetic_train
1190,systolic,wavefront,32,32x32,synthetic,1024,synthetic_train
1191,systolic,hotspot,32,32x32,synthetic,1024,synthetic_train
1192,systolic,checkerboard,32,32x32,synthetic,1024,synthetic_train
1193,systolic,hotspot,32,32x32,synthetic,1024,synthetic_train
1194,systolic,uniform,32,32x32,synthetic,1024,synthetic_train
1195,systolic,hotspot,32,32x32,synthetic,1024,synthetic_train
1196,systolic,checkerboard,32,32x32,synthetic,1024,synthetic_test
1197,systolic,uniform,32,32x32,synthetic,1024,synthetic_test
1198,systolic,wavefront,32,32x32,synthetic,1024,synthetic_val
1199,systolic,uniform,32,32x32,synthetic,1024,synthetic_train
1200,systolic,checkerboard,32,32x32,synthetic,1024,synthetic_train
1201,systolic,uniform,32,32x32,synthetic,1024,synthetic_train
1202,systolic,uniform,32,32x32,synthetic,1024,synthetic_train
1203,systolic,checkerboard,32,32x32,synthetic,1024,synthetic_test
1204,systolic,checkerboard,32,32x32,synthetic,1024,synthetic_train
1205,systolic,wavefront,32,32x32,synthetic,1024,synthetic_train
1206,systolic,uniform,32,32x32,synthetic,1024,synthetic_train
1207,systolic,banded,32,32x32,synthetic,1024,synthetic_val
1208,systolic,wavefront,32,32x32,synthetic,1024,synthetic_train
1209,systolic,hotspot,32,32x32,synthetic,1024,synthetic_train
1210,systolic,uniform,32,32x32,synthetic,1024,synthetic_train
1211,systolic,uniform,32,32x32,synthetic,1024,synthetic_train
1212,systolic,hotspot,32,32x32,synthetic,1024,synthetic_val
1213,systolic,banded,32,32x32,synthetic,1024,synthetic_train
1214,systolic,banded,32,32x32,synthetic,1024,synthetic_train
1215,systolic,hotspot,32,32x32,synthetic,1024,synthetic_train
1216,systolic,hotspot,32,32x32,synthetic,1024,synthetic_train
1217,systolic,hotspot,32,32x32,synthetic,1024,synthetic_val
1218,systolic,hotspot,32,32x32,synthetic,1024,synthetic_test
1219,systolic,wavefront,32,32x32,synthetic,1024,synthetic_train
1220,systolic,uniform,32,32x32,synthetic,1024,synthetic_train
1221,systolic,uniform,32,32x32,synthetic,1024,synthetic_train
1222,systolic,banded,32,32x32,synthetic,1024,synthetic_train
1223,systolic,banded,32,32x32,synthetic,1024,synthetic_val
1224,systolic,uniform,32,32x32,synthetic,1024,synthetic_train
1225,systolic,banded,32,32x32,synthetic,1024,synthetic_train
1226,systolic,wavefront,32,32x32,synthetic,1024,synthetic_train
1227,systolic,uniform,32,32x32,synthetic,1024,synthetic_test
1228,systolic,wavefront,32,32x32,synthetic,1024,synthetic_test
1229,systolic,checkerboard,32,32x32,synthetic,1024,synthetic_train
1230,systolic,uniform,32,32x32,synthetic,1024,synthetic_train
1231,systolic,uniform,32,32x32,synthetic,1024,synthetic_test
1232,systolic,uniform,32,32x32,synthetic,1024,synthetic_train
1233,systolic,uniform,32,32x32,synthetic,1024,synthetic_test
1234,systolic,banded,32,32x32,synthetic,1024,synthetic_train
1235,systolic,hotspot,32,32x32,synthetic,1024,synthetic_val
1236,systolic,banded,32,32x32,synthetic,1024,synthetic_train
1237,systolic,hotspot,32,32x32,synthetic,1024,synthetic_train
1238,systolic,checkerboard,32,32x32,synthetic,1024,synthetic_train
1239,systolic,uniform,32,32x32,synthetic,1024,synthetic_train
1240,systolic,checkerboard,32,32x32,synthetic,1024,synthetic_train
1241,systolic,hotspot,32,32x32,synthetic,1024,synthetic_train
1242,systolic,hotspot,32,32x32,synthetic,1024,synthetic_train
1243,systolic,uniform,32,32x32,synthetic,1024,synthetic_train
1244,systolic,checkerboard,32,32x32,synthetic,1024,synthetic_test
1245,systolic,checkerboard,32,32x32,synthetic,1024,synthetic_train
1246,systolic,checkerboard,32,32x32,synthetic,1024,synthetic_val
1247,systolic,wavefront,32,32x32,synthetic,1024,synthetic_train
1248,systolic,hotspot,32,32x32,synthetic,1024,synthetic_train
1249,systolic,uniform,32,32x32,synthetic,1024,synthetic_train
1250,systolic,banded,32,32x32,synthetic,1024,synthetic_val
1251,systolic,hotspot,32,32x32,synthetic,1024,synthetic_train
1252,systolic,banded,32,32x32,synthetic,1024,synthetic_test
1253,systolic,hotspot,32,32x32,synthetic,1024,synthetic_train
1254,systolic,hotspot,32,32x32,synthetic,1024,synthetic_val
1255,systolic,hotspot,32,32x32,synthetic,1024,synthetic_train
1256,systolic,hotspot,32,32x32,synthetic,1024,synthetic_train
1257,systolic,banded,32,32x32,synthetic,1024,synthetic_train
1258,systolic,uniform,32,32x32,synthetic,1024,synthetic_train
1259,systolic,uniform,32,32x32,synthetic,1024,synthetic_train
1260,systolic,checkerboard,32,32x32,synthetic,1024,synthetic_train
1261,systolic,hotspot,32,32x32,synthetic,1024,synthetic_train
1262,systolic,hotspot,32,32x32,synthetic,1024,synthetic_train
1263,systolic,hotspot,32,32x32,synthetic,1024,synthetic_train
1264,systolic,uniform,32,32x32,synthetic,1024,synthetic_train
1265,systolic,hotspot,32,32x32,synthetic,1024,synthetic_val
1266,systolic,hotspot,32,32x32,synthetic,1024,synthetic_train
1267,systolic,hotspot,32,32x32,synthetic,1024,synthetic_test
1268,systolic,uniform,32,32x32,synthetic,1024,synthetic_train
1269,systolic,uniform,32,32x32,synthetic,1024,synthetic_train
1270,systolic,checkerboard,32,32x32,synthetic,1024,synthetic_val
1271,systolic,checkerboard,32,32x32,synthetic,1024,synthetic_test
1272,systolic,uniform,32,32x32,synthetic,1024,synthetic_val
1273,systolic,wavefront,32,32x32,synthetic,1024,synthetic_train
1274,systolic,uniform,32,32x32,synthetic,1024,synthetic_train
1275,systolic,hotspot,32,32x32,synthetic,1024,synthetic_train
1276,systolic,wavefront,32,32x32,synthetic,1024,synthetic_train
1277,systolic,checkerboard,32,32x32,synthetic,1024,synthetic_val
1278,systolic,hotspot,32,32x32,synthetic,1024,synthetic_train
1279,systolic,hotspot,32,32x32,synthetic,1024,synthetic_train
1280,systolic,hotspot,32,32x32,synthetic,1024,synthetic_train
1281,systolic,wavefront,32,32x32,synthetic,1024,synthetic_train
1282,systolic,checkerboard,32,32x32,synthetic,1024,synthetic_train
1283,systolic,checkerboard,32,32x32,synthetic,1024,synthetic_train
1284,systolic,checkerboard,32,32x32,synthetic,1024,synthetic_train
1285,systolic,wavefront,32,32x32,synthetic,1024,synthetic_test
1286,systolic,uniform,32,32x32,synthetic,1024,synthetic_val
1287,systolic,hotspot,32,32x32,synthetic,1024,synthetic_train
1288,systolic,hotspot,32,32x32,synthetic,1024,synthetic_test
1289,systolic,hotspot,32,32x32,synthetic,1024,synthetic_val
1290,systolic,banded,32,32x32,synthetic,1024,synthetic_test
1291,systolic,hotspot,32,32x32,synthetic,1024,synthetic_train
1292,systolic,checkerboard,32,32x32,synthetic,1024,synthetic_train
1293,systolic,checkerboard,32,32x32,synthetic,1024,synthetic_train
1294,systolic,uniform,32,32x32,synthetic,1024,synthetic_train
1295,systolic,hotspot,32,32x32,synthetic,1024,synthetic_train
1296,systolic,hotspot,32,32x32,synthetic,1024,synthetic_test
1297,systolic,checkerboard,32,32x32,synthetic,1024,synthetic_train
1298,systolic,checkerboard,32,32x32,synthetic,1024,synthetic_train
1299,systolic,uniform,32,32x32,synthetic,1024,synthetic_train
1300,systolic,checkerboard,32,32x32,synthetic,1024,synthetic_train
1301,systolic,checkerboard,32,32x32,synthetic,1024,synthetic_train
1302,systolic,hotspot,32,32x32,synthetic,1024,synthetic_train
1303,systolic,hotspot,32,32x32,synthetic,1024,synthetic_train
1304,systolic,checkerboard,32,32x32,synthetic,1024,synthetic_train
1305,systolic,checkerboard,32,32x32,synthetic,1024,synthetic_val
1306,systolic,uniform,32,32x32,synthetic,1024,synthetic_train
1307,systolic,uniform,32,32x32,synthetic,1024,synthetic_train
1308,systolic,checkerboard,32,32x32,synthetic,1024,synthetic_train
1309,systolic,uniform,32,32x32,synthetic,1024,synthetic_val
1310,systolic,hotspot,32,32x32,synthetic,1024,synthetic_train
1311,systolic,hotspot,32,32x32,synthetic,1024,synthetic_train
1312,systolic,hotspot,32,32x32,synthetic,1024,synthetic_train
1313,systolic,hotspot,32,32x32,synthetic,1024,synthetic_test
1314,systolic,hotspot,32,32x32,synthetic,1024,synthetic_train
1315,systolic,uniform,32,32x32,synthetic,1024,synthetic_val
1316,systolic,uniform,32,32x32,synthetic,1024,synthetic_train
1317,systolic,uniform,32,32x32,synthetic,1024,synthetic_train
1318,systolic,banded,32,32x32,synthetic,1024,synthetic_train
1319,systolic,uniform,32,32x32,synthetic,1024,synthetic_val
1320,systolic,checkerboard,32,32x32,synthetic,1024,synthetic_train
1321,systolic,wavefront,32,32x32,synthetic,1024,synthetic_train
1322,systolic,checkerboard,32,32x32,synthetic,1024,synthetic_train
1323,systolic,uniform,32,32x32,synthetic,1024,synthetic_train
1324,systolic,hotspot,32,32x32,synthetic,1024,synthetic_train
1325,systolic,checkerboard,32,32x32,synthetic,1024,synthetic_train
1326,systolic,hotspot,32,32x32,synthetic,1024,synthetic_train
1327,systolic,checkerboard,32,32x32,synthetic,1024,synthetic_train
1328,systolic,banded,32,32x32,synthetic,1024,synthetic_train
1329,systolic,checkerboard,32,32x32,synthetic,1024,synthetic_train
1330,systolic,hotspot,32,32x32,synthetic,1024,synthetic_train
1331,systolic,hotspot,32,32x32,synthetic,1024,synthetic_test
1332,systolic,checkerboard,32,32x32,synthetic,1024,synthetic_train
1333,systolic,wavefront,32,32x32,synthetic,1024,synthetic_train
1334,systolic,banded,32,32x32,synthetic,1024,synthetic_train
1335,systolic,uniform,32,32x32,synthetic,1024,synthetic_train
1336,systolic,hotspot,32,32x32,synthetic,1024,synthetic_val
1337,systolic,hotspot,32,32x32,synthetic,1024,synthetic_train
1338,systolic,wavefront,32,32x32,synthetic,1024,synthetic_train
1339,systolic,hotspot,32,32x32,synthetic,1024,synthetic_train
1340,systolic,hotspot,32,32x32,synthetic,1024,synthetic_val
1341,systolic,uniform,32,32x32,synthetic,1024,synthetic_val
1342,systolic,hotspot,32,32x32,synthetic,1024,synthetic_train
1343,systolic,hotspot,32,32x32,synthetic,1024,synthetic_train
1344,systolic,hotspot,32,32x32,synthetic,1024,synthetic_train
1345,systolic,uniform,32,32x32,synthetic,1024,synthetic_train
1346,systolic,checkerboard,32,32x32,synthetic,1024,synthetic_train
1347,systolic,checkerboard,32,32x32,synthetic,1024,synthetic_train
1348,systolic,uniform,32,32x32,synthetic,1024,synthetic_train
1349,systolic,wavefront,32,32x32,synthetic,1024,synthetic_train
1350,systolic,uniform,32,32x32,synthetic,1024,synthetic_train
1351,systolic,hotspot,32,32x32,synthetic,1024,synthetic_train
1352,systolic,uniform,32,32x32,synthetic,1024,synthetic_val
1353,systolic,hotspot,32,32x32,synthetic,1024,synthetic_test
1354,systolic,uniform,32,32x32,synthetic,1024,synthetic_train
1355,systolic,hotspot,32,32x32,synthetic,1024,synthetic_train
1356,systolic,banded,32,32x32,synthetic,1024,synthetic_train
1357,systolic,hotspot,32,32x32,synthetic,1024,synthetic_train
1358,systolic,uniform,32,32x32,synthetic,1024,synthetic_test
1359,systolic,uniform,32,32x32,synthetic,1024,synthetic_train
1360,systolic,checkerboard,32,32x32,synthetic,1024,synthetic_val
1361,systolic,hotspot,32,32x32,synthetic,1024,synthetic_train
1362,systolic,uniform,32,32x32,synthetic,1024,synthetic_train
1363,systolic,uniform,32,32x32,synthetic,1024,synthetic_train
1364,systolic,uniform,32,32x32,synthetic,1024,synthetic_val
1365,systolic,checkerboard,32,32x32,synthetic,1024,synthetic_train
1366,systolic,hotspot,32,32x32,synthetic,1024,synthetic_test
1367,systolic,hotspot,32,32x32,synthetic,1024,synthetic_val
1368,systolic,hotspot,32,32x32,synthetic,1024,synthetic_test
1369,systolic,hotspot,32,32x32,synthetic,1024,synthetic_val
1370,systolic,hotspot,32,32x32,synthetic,1024,synthetic_test
1371,systolic,uniform,32,32x32,synthetic,1024,synthetic_test
1372,systolic,uniform,32,32x32,synthetic,1024,synthetic_train
1373,systolic,banded,32,32x32,synthetic,1024,synthetic_train
1374,systolic,banded,32,32x32,synthetic,1024,synthetic_train
1375,systolic,wavefront,32,32x32,synthetic,1024,synthetic_test
1376,systolic,uniform,32,32x32,synthetic,1024,synthetic_train
1377,systolic,checkerboard,32,32x32,synthetic,1024,synthetic_test
1378,systolic,uniform,32,32x32,synthetic,1024,synthetic_train
1379,systolic,hotspot,32,32x32,synthetic,1024,synthetic_train
1380,systolic,hotspot,32,32x32,synthetic,1024,synthetic_train
1381,systolic,uniform,32,32x32,synthetic,1024,synthetic_train
1382,systolic,wavefront,32,32x32,synthetic,1024,synthetic_train
1383,systolic,hotspot,32,32x32,synthetic,1024,synthetic_val
1384,systolic,checkerboard,32,32x32,synthetic,1024,synthetic_train
1385,systolic,checkerboard,32,32x32,synthetic,1024,synthetic_test
1386,systolic,banded,32,32x32,synthetic,1024,synthetic_train
1387,systolic,uniform,32,32x32,synthetic,1024,synthetic_train
1388,systolic,uniform,32,32x32,synthetic,1024,synthetic_train
1389,systolic,hotspot,32,32x32,synthetic,1024,synthetic_train
1390,systolic,checkerboard,32,32x32,synthetic,1024,synthetic_train
1391,systolic,wavefront,32,32x32,synthetic,1024,synthetic_train
1392,systolic,wavefront,32,32x32,synthetic,1024,synthetic_train
1393,systolic,uniform,32,32x32,synthetic,1024,synthetic_test
1394,systolic,checkerboard,32,32x32,synthetic,1024,synthetic_val
1395,systolic,wavefront,32,32x32,synthetic,1024,synthetic_train
1396,systolic,banded,32,32x32,synthetic,1024,synthetic_val
1397,systolic,banded,32,32x32,synthetic,1024,synthetic_train
1398,systolic,hotspot,32,32x32,synthetic,1024,synthetic_train
1399,systolic,banded,32,32x32,synthetic,1024,synthetic_test
1400,standard,stripes,64,64x64,synthetic,4096,synthetic_train
1401,standard,quadrant,64,64x64,synthetic,4096,synthetic_train
1402,standard,multihotspot,64,64x64,synthetic,4096,synthetic_train
1403,standard,stripes,64,64x64,synthetic,4096,synthetic_train
1404,standard,uniform,64,64x64,synthetic,4096,synthetic_val
1405,standard,hotspot,64,64x64,synthetic,4096,synthetic_train
1406,standard,hotspot,64,64x64,synthetic,4096,synthetic_train
1407,standard,multihotspot,64,64x64,synthetic,4096,synthetic_train
1408,standard,checkerboard,64,64x64,synthetic,4096,synthetic_train
1409,standard,stripes,64,64x64,synthetic,4096,synthetic_test
1410,standard,checkerboard,64,64x64,synthetic,4096,synthetic_train
1411,standard,uniform,64,64x64,synthetic,4096,synthetic_train
1412,standard,uniform,64,64x64,synthetic,4096,synthetic_train
1413,standard,hotspot,64,64x64,synthetic,4096,synthetic_val
1414,standard,multihotspot,64,64x64,synthetic,4096,synthetic_train
1415,standard,hotspot,64,64x64,synthetic,4096,synthetic_train
1416,standard,quadrant,64,64x64,synthetic,4096,synthetic_train
1417,standard,stripes,64,64x64,synthetic,4096,synthetic_val
1418,standard,stripes,64,64x64,synthetic,4096,synthetic_train
1419,standard,uniform,64,64x64,synthetic,4096,synthetic_train
1420,standard,stripes,64,64x64,synthetic,4096,synthetic_train
1421,standard,uniform,64,64x64,synthetic,4096,synthetic_test
1422,standard,checkerboard,64,64x64,synthetic,4096,synthetic_train
1423,standard,uniform,64,64x64,synthetic,4096,synthetic_train
1424,standard,multihotspot,64,64x64,synthetic,4096,synthetic_test
1425,standard,uniform,64,64x64,synthetic,4096,synthetic_train
1426,standard,checkerboard,64,64x64,synthetic,4096,synthetic_val
1427,standard,checkerboard,64,64x64,synthetic,4096,synthetic_train
1428,standard,quadrant,64,64x64,synthetic,4096,synthetic_val
1429,standard,checkerboard,64,64x64,synthetic,4096,synthetic_val
1430,standard,quadrant,64,64x64,synthetic,4096,synthetic_test
1431,standard,stripes,64,64x64,synthetic,4096,synthetic_test
1432,standard,checkerboard,64,64x64,synthetic,4096,synthetic_train
1433,standard,quadrant,64,64x64,synthetic,4096,synthetic_train
1434,standard,checkerboard,64,64x64,synthetic,4096,synthetic_train
1435,standard,uniform,64,64x64,synthetic,4096,synthetic_train
1436,standard,quadrant,64,64x64,synthetic,4096,synthetic_test
1437,standard,stripes,64,64x64,synthetic,4096,synthetic_train
1438,standard,hotspot,64,64x64,synthetic,4096,synthetic_train
1439,standard,checkerboard,64,64x64,synthetic,4096,synthetic_train
1440,standard,hotspot,64,64x64,synthetic,4096,synthetic_train
1441,standard,quadrant,64,64x64,synthetic,4096,synthetic_train
1442,standard,quadrant,64,64x64,synthetic,4096,synthetic_train
1443,standard,hotspot,64,64x64,synthetic,4096,synthetic_train
1444,standard,multihotspot,64,64x64,synthetic,4096,synthetic_val
1445,standard,checkerboard,64,64x64,synthetic,4096,synthetic_test
1446,standard,multihotspot,64,64x64,synthetic,4096,synthetic_test
1447,standard,checkerboard,64,64x64,synthetic,4096,synthetic_train
1448,standard,uniform,64,64x64,synthetic,4096,synthetic_val
1449,standard,hotspot,64,64x64,synthetic,4096,synthetic_train
1450,standard,multihotspot,64,64x64,synthetic,4096,synthetic_train
1451,standard,checkerboard,64,64x64,synthetic,4096,synthetic_train
1452,standard,multihotspot,64,64x64,synthetic,4096,synthetic_train
1453,standard,quadrant,64,64x64,synthetic,4096,synthetic_val
1454,standard,hotspot,64,64x64,synthetic,4096,synthetic_val
1455,standard,uniform,64,64x64,synthetic,4096,synthetic_train
1456,standard,multihotspot,64,64x64,synthetic,4096,synthetic_train
1457,standard,quadrant,64,64x64,synthetic,4096,synthetic_train
1458,standard,hotspot,64,64x64,synthetic,4096,synthetic_train
1459,standard,checkerboard,64,64x64,synthetic,4096,synthetic_val
1460,standard,checkerboard,64,64x64,synthetic,4096,synthetic_val
1461,standard,multihotspot,64,64x64,synthetic,4096,synthetic_train
1462,standard,multihotspot,64,64x64,synthetic,4096,synthetic_train
1463,standard,uniform,64,64x64,synthetic,4096,synthetic_train
1464,standard,checkerboard,64,64x64,synthetic,4096,synthetic_train
1465,standard,hotspot,64,64x64,synthetic,4096,synthetic_test
1466,standard,multihotspot,64,64x64,synthetic,4096,synthetic_train
1467,standard,hotspot,64,64x64,synthetic,4096,synthetic_train
1468,standard,stripes,64,64x64,synthetic,4096,synthetic_val
1469,standard,uniform,64,64x64,synthetic,4096,synthetic_test
1470,standard,uniform,64,64x64,synthetic,4096,synthetic_train
1471,standard,multihotspot,64,64x64,synthetic,4096,synthetic_train
1472,standard,hotspot,64,64x64,synthetic,4096,synthetic_train
1473,standard,stripes,64,64x64,synthetic,4096,synthetic_train
1474,standard,uniform,64,64x64,synthetic,4096,synthetic_test
1475,standard,hotspot,64,64x64,synthetic,4096,synthetic_train
1476,standard,quadrant,64,64x64,synthetic,4096,synthetic_train
1477,standard,hotspot,64,64x64,synthetic,4096,synthetic_train
1478,standard,quadrant,64,64x64,synthetic,4096,synthetic_train
1479,standard,uniform,64,64x64,synthetic,4096,synthetic_train
1480,standard,stripes,64,64x64,synthetic,4096,synthetic_train
1481,standard,stripes,64,64x64,synthetic,4096,synthetic_val
1482,standard,hotspot,64,64x64,synthetic,4096,synthetic_train
1483,standard,stripes,64,64x64,synthetic,4096,synthetic_train
1484,standard,stripes,64,64x64,synthetic,4096,synthetic_train
1485,standard,stripes,64,64x64,synthetic,4096,synthetic_val
1486,standard,quadrant,64,64x64,synthetic,4096,synthetic_val
1487,standard,quadrant,64,64x64,synthetic,4096,synthetic_test
1488,standard,quadrant,64,64x64,synthetic,4096,synthetic_train
1489,standard,quadrant,64,64x64,synthetic,4096,synthetic_train
1490,standard,stripes,64,64x64,synthetic,4096,synthetic_train
1491,standard,checkerboard,64,64x64,synthetic,4096,synthetic_train
1492,standard,quadrant,64,64x64,synthetic,4096,synthetic_train
1493,standard,stripes,64,64x64,synthetic,4096,synthetic_train
1494,standard,uniform,64,64x64,synthetic,4096,synthetic_train
1495,standard,checkerboard,64,64x64,synthetic,4096,synthetic_test
1496,standard,quadrant,64,64x64,synthetic,4096,synthetic_train
1497,standard,hotspot,64,64x64,synthetic,4096,synthetic_train
1498,standard,stripes,64,64x64,synthetic,4096,synthetic_train
1499,standard,checkerboard,64,64x64,synthetic,4096,synthetic_train
1500,standard,hotspot,64,64x64,synthetic,4096,synthetic_train
1501,standard,hotspot,64,64x64,synthetic,4096,synthetic_test
1502,standard,stripes,64,64x64,synthetic,4096,synthetic_test
1503,standard,multihotspot,64,64x64,synthetic,4096,synthetic_train
1504,standard,hotspot,64,64x64,synthetic,4096,synthetic_train
1505,standard,hotspot,64,64x64,synthetic,4096,synthetic_train
1506,standard,stripes,64,64x64,synthetic,4096,synthetic_train
1507,standard,multihotspot,64,64x64,synthetic,4096,synthetic_test
1508,standard,stripes,64,64x64,synthetic,4096,synthetic_train
1509,standard,uniform,64,64x64,synthetic,4096,synthetic_train
1510,standard,checkerboard,64,64x64,synthetic,4096,synthetic_train
1511,standard,multihotspot,64,64x64,synthetic,4096,synthetic_train
1512,standard,hotspot,64,64x64,synthetic,4096,synthetic_test
1513,standard,hotspot,64,64x64,synthetic,4096,synthetic_train
1514,standard,uniform,64,64x64,synthetic,4096,synthetic_train
1515,standard,quadrant,64,64x64,synthetic,4096,synthetic_train
1516,standard,checkerboard,64,64x64,synthetic,4096,synthetic_train
1517,standard,hotspot,64,64x64,synthetic,4096,synthetic_val
1518,standard,uniform,64,64x64,synthetic,4096,synthetic_train
1519,standard,multihotspot,64,64x64,synthetic,4096,synthetic_train
1520,standard,checkerboard,64,64x64,synthetic,4096,synthetic_train
1521,standard,uniform,64,64x64,synthetic,4096,synthetic_train
1522,standard,multihotspot,64,64x64,synthetic,4096,synthetic_val
1523,standard,hotspot,64,64x64,synthetic,4096,synthetic_train
1524,standard,uniform,64,64x64,synthetic,4096,synthetic_train
1525,standard,hotspot,64,64x64,synthetic,4096,synthetic_train
1526,standard,uniform,64,64x64,synthetic,4096,synthetic_train
1527,standard,hotspot,64,64x64,synthetic,4096,synthetic_train
1528,standard,stripes,64,64x64,synthetic,4096,synthetic_train
1529,standard,multihotspot,64,64x64,synthetic,4096,synthetic_val
1530,standard,hotspot,64,64x64,synthetic,4096,synthetic_test
1531,standard,hotspot,64,64x64,synthetic,4096,synthetic_train
1532,standard,uniform,64,64x64,synthetic,4096,synthetic_train
1533,standard,stripes,64,64x64,synthetic,4096,synthetic_train
1534,standard,checkerboard,64,64x64,synthetic,4096,synthetic_test
1535,standard,checkerboard,64,64x64,synthetic,4096,synthetic_train
1536,standard,hotspot,64,64x64,synthetic,4096,synthetic_val
1537,standard,uniform,64,64x64,synthetic,4096,synthetic_train
1538,standard,uniform,64,64x64,synthetic,4096,synthetic_train
1539,standard,uniform,64,64x64,synthetic,4096,synthetic_val
1540,standard,hotspot,64,64x64,synthetic,4096,synthetic_train
1541,standard,uniform,64,64x64,synthetic,4096,synthetic_test
1542,standard,multihotspot,64,64x64,synthetic,4096,synthetic_train
1543,standard,checkerboard,64,64x64,synthetic,4096,synthetic_val
1544,standard,stripes,64,64x64,synthetic,4096,synthetic_train
1545,standard,hotspot,64,64x64,synthetic,4096,synthetic_val
1546,standard,checkerboard,64,64x64,synthetic,4096,synthetic_train
1547,standard,uniform,64,64x64,synthetic,4096,synthetic_val
1548,standard,hotspot,64,64x64,synthetic,4096,synthetic_train
1549,standard,hotspot,64,64x64,synthetic,4096,synthetic_val
1550,standard,uniform,64,64x64,synthetic,4096,synthetic_test
1551,standard,quadrant,64,64x64,synthetic,4096,synthetic_train
1552,standard,hotspot,64,64x64,synthetic,4096,synthetic_train
1553,standard,uniform,64,64x64,synthetic,4096,synthetic_val
1554,standard,uniform,64,64x64,synthetic,4096,synthetic_train
1555,standard,hotspot,64,64x64,synthetic,4096,synthetic_train
1556,standard,stripes,64,64x64,synthetic,4096,synthetic_train
1557,standard,uniform,64,64x64,synthetic,4096,synthetic_train
1558,standard,uniform,64,64x64,synthetic,4096,synthetic_test
1559,standard,stripes,64,64x64,synthetic,4096,synthetic_test
1560,standard,uniform,64,64x64,synthetic,4096,synthetic_train
1561,standard,stripes,64,64x64,synthetic,4096,synthetic_train
1562,standard,quadrant,64,64x64,synthetic,4096,synthetic_train
1563,standard,hotspot,64,64x64,synthetic,4096,synthetic_test
1564,standard,quadrant,64,64x64,synthetic,4096,synthetic_train
1565,standard,hotspot,64,64x64,synthetic,4096,synthetic_train
1566,standard,hotspot,64,64x64,synthetic,4096,synthetic_train
1567,standard,hotspot,64,64x64,synthetic,4096,synthetic_train
1568,standard,uniform,64,64x64,synthetic,4096,synthetic_train
1569,standard,hotspot,64,64x64,synthetic,4096,synthetic_train
1570,standard,uniform,64,64x64,synthetic,4096,synthetic_train
1571,standard,checkerboard,64,64x64,synthetic,4096,synthetic_train
1572,standard,checkerboard,64,64x64,synthetic,4096,synthetic_test
1573,standard,quadrant,64,64x64,synthetic,4096,synthetic_val
1574,standard,checkerboard,64,64x64,synthetic,4096,synthetic_test
1575,standard,multihotspot,64,64x64,synthetic,4096,synthetic_train
1576,standard,uniform,64,64x64,synthetic,4096,synthetic_test
1577,standard,hotspot,64,64x64,synthetic,4096,synthetic_test
1578,standard,uniform,64,64x64,synthetic,4096,synthetic_train
1579,standard,multihotspot,64,64x64,synthetic,4096,synthetic_train
1580,standard,checkerboard,64,64x64,synthetic,4096,synthetic_train
1581,standard,hotspot,64,64x64,synthetic,4096,synthetic_test
1582,standard,multihotspot,64,64x64,synthetic,4096,synthetic_train
1583,standard,uniform,64,64x64,synthetic,4096,synthetic_train
1584,standard,uniform,64,64x64,synthetic,4096,synthetic_train
1585,standard,hotspot,64,64x64,synthetic,4096,synthetic_train
1586,standard,checkerboard,64,64x64,synthetic,4096,synthetic_train
1587,standard,uniform,64,64x64,synthetic,4096,synthetic_val
1588,standard,multihotspot,64,64x64,synthetic,4096,synthetic_train
1589,standard,hotspot,64,64x64,synthetic,4096,synthetic_val
1590,standard,multihotspot,64,64x64,synthetic,4096,synthetic_val
1591,standard,checkerboard,64,64x64,synthetic,4096,synthetic_train
1592,standard,uniform,64,64x64,synthetic,4096,synthetic_train
1593,standard,uniform,64,64x64,synthetic,4096,synthetic_train
1594,standard,quadrant,64,64x64,synthetic,4096,synthetic_train
1595,standard,hotspot,64,64x64,synthetic,4096,synthetic_train
1596,standard,checkerboard,64,64x64,synthetic,4096,synthetic_train
1597,standard,hotspot,64,64x64,synthetic,4096,synthetic_train
1598,standard,multihotspot,64,64x64,synthetic,4096,synthetic_test
1599,standard,checkerboard,64,64x64,synthetic,4096,synthetic_train
1600,systolic,checkerboard,64,64x64,synthetic,4096,synthetic_test
1601,systolic,wavefront,64,64x64,synthetic,4096,synthetic_test
1602,systolic,hotspot,64,64x64,synthetic,4096,synthetic_test
1603,systolic,banded,64,64x64,synthetic,4096,synthetic_train
1604,systolic,hotspot,64,64x64,synthetic,4096,synthetic_val
1605,systolic,uniform,64,64x64,synthetic,4096,synthetic_train
1606,systolic,wavefront,64,64x64,synthetic,4096,synthetic_train
1607,systolic,checkerboard,64,64x64,synthetic,4096,synthetic_train
1608,systolic,wavefront,64,64x64,synthetic,4096,synthetic_val
1609,systolic,hotspot,64,64x64,synthetic,4096,synthetic_train
1610,systolic,hotspot,64,64x64,synthetic,4096,synthetic_train
1611,systolic,wavefront,64,64x64,synthetic,4096,synthetic_train
1612,systolic,uniform,64,64x64,synthetic,4096,synthetic_train
1613,systolic,wavefront,64,64x64,synthetic,4096,synthetic_train
1614,systolic,uniform,64,64x64,synthetic,4096,synthetic_val
1615,systolic,uniform,64,64x64,synthetic,4096,synthetic_train
1616,systolic,banded,64,64x64,synthetic,4096,synthetic_val
1617,systolic,uniform,64,64x64,synthetic,4096,synthetic_test
1618,systolic,banded,64,64x64,synthetic,4096,synthetic_val
1619,systolic,uniform,64,64x64,synthetic,4096,synthetic_test
1620,systolic,banded,64,64x64,synthetic,4096,synthetic_train
1621,systolic,hotspot,64,64x64,synthetic,4096,synthetic_train
1622,systolic,hotspot,64,64x64,synthetic,4096,synthetic_train
1623,systolic,uniform,64,64x64,synthetic,4096,synthetic_val
1624,systolic,uniform,64,64x64,synthetic,4096,synthetic_train
1625,systolic,checkerboard,64,64x64,synthetic,4096,synthetic_train
1626,systolic,hotspot,64,64x64,synthetic,4096,synthetic_train
1627,systolic,banded,64,64x64,synthetic,4096,synthetic_train
1628,systolic,uniform,64,64x64,synthetic,4096,synthetic_val
1629,systolic,hotspot,64,64x64,synthetic,4096,synthetic_val
1630,systolic,uniform,64,64x64,synthetic,4096,synthetic_train
1631,systolic,wavefront,64,64x64,synthetic,4096,synthetic_train
1632,systolic,wavefront,64,64x64,synthetic,4096,synthetic_val
1633,systolic,banded,64,64x64,synthetic,4096,synthetic_train
1634,systolic,hotspot,64,64x64,synthetic,4096,synthetic_train
1635,systolic,banded,64,64x64,synthetic,4096,synthetic_test
1636,systolic,uniform,64,64x64,synthetic,4096,synthetic_val
1637,systolic,hotspot,64,64x64,synthetic,4096,synthetic_train
1638,systolic,wavefront,64,64x64,synthetic,4096,synthetic_val
1639,systolic,checkerboard,64,64x64,synthetic,4096,synthetic_train
1640,systolic,banded,64,64x64,synthetic,4096,synthetic_test
1641,systolic,checkerboard,64,64x64,synthetic,4096,synthetic_train
1642,systolic,wavefront,64,64x64,synthetic,4096,synthetic_train
1643,systolic,wavefront,64,64x64,synthetic,4096,synthetic_test
1644,systolic,hotspot,64,64x64,synthetic,4096,synthetic_train
1645,systolic,hotspot,64,64x64,synthetic,4096,synthetic_train
1646,systolic,checkerboard,64,64x64,synthetic,4096,synthetic_val
1647,systolic,hotspot,64,64x64,synthetic,4096,synthetic_val
1648,systolic,checkerboard,64,64x64,synthetic,4096,synthetic_train
1649,systolic,banded,64,64x64,synthetic,4096,synthetic_val
1650,systolic,wavefront,64,64x64,synthetic,4096,synthetic_train
1651,systolic,wavefront,64,64x64,synthetic,4096,synthetic_train
1652,systolic,checkerboard,64,64x64,synthetic,4096,synthetic_train
1653,systolic,uniform,64,64x64,synthetic,4096,synthetic_test
1654,systolic,checkerboard,64,64x64,synthetic,4096,synthetic_val
1655,systolic,wavefront,64,64x64,synthetic,4096,synthetic_train
1656,systolic,hotspot,64,64x64,synthetic,4096,synthetic_train
1657,systolic,uniform,64,64x64,synthetic,4096,synthetic_train
1658,systolic,uniform,64,64x64,synthetic,4096,synthetic_train
1659,systolic,uniform,64,64x64,synthetic,4096,synthetic_train
1660,systolic,banded,64,64x64,synthetic,4096,synthetic_test
1661,systolic,uniform,64,64x64,synthetic,4096,synthetic_train
1662,systolic,checkerboard,64,64x64,synthetic,4096,synthetic_train
1663,systolic,wavefront,64,64x64,synthetic,4096,synthetic_val
1664,systolic,uniform,64,64x64,synthetic,4096,synthetic_train
1665,systolic,uniform,64,64x64,synthetic,4096,synthetic_train
1666,systolic,uniform,64,64x64,synthetic,4096,synthetic_train
1667,systolic,checkerboard,64,64x64,synthetic,4096,synthetic_train
1668,systolic,banded,64,64x64,synthetic,4096,synthetic_train
1669,systolic,banded,64,64x64,synthetic,4096,synthetic_train
1670,systolic,uniform,64,64x64,synthetic,4096,synthetic_train
1671,systolic,wavefront,64,64x64,synthetic,4096,synthetic_train
1672,systolic,checkerboard,64,64x64,synthetic,4096,synthetic_test
1673,systolic,hotspot,64,64x64,synthetic,4096,synthetic_train
1674,systolic,checkerboard,64,64x64,synthetic,4096,synthetic_val
1675,systolic,checkerboard,64,64x64,synthetic,4096,synthetic_train
1676,systolic,checkerboard,64,64x64,synthetic,4096,synthetic_val
1677,systolic,banded,64,64x64,synthetic,4096,synthetic_train
1678,systolic,banded,64,64x64,synthetic,4096,synthetic_train
1679,systolic,wavefront,64,64x64,synthetic,4096,synthetic_train
1680,systolic,checkerboard,64,64x64,synthetic,4096,synthetic_train
1681,systolic,banded,64,64x64,synthetic,4096,synthetic_train
1682,systolic,banded,64,64x64,synthetic,4096,synthetic_train
1683,systolic,banded,64,64x64,synthetic,4096,synthetic_train
1684,systolic,banded,64,64x64,synthetic,4096,synthetic_test
1685,systolic,hotspot,64,64x64,synthetic,4096,synthetic_train
1686,systolic,hotspot,64,64x64,synthetic,4096,synthetic_test
1687,systolic,hotspot,64,64x64,synthetic,4096,synthetic_train
1688,systolic,uniform,64,64x64,synthetic,4096,synthetic_train
1689,systolic,hotspot,64,64x64,synthetic,4096,synthetic_train
1690,systolic,uniform,64,64x64,synthetic,4096,synthetic_train
1691,systolic,checkerboard,64,64x64,synthetic,4096,synthetic_train
1692,systolic,uniform,64,64x64,synthetic,4096,synthetic_train
1693,systolic,wavefront,64,64x64,synthetic,4096,synthetic_train
1694,systolic,uniform,64,64x64,synthetic,4096,synthetic_train
1695,systolic,hotspot,64,64x64,synthetic,4096,synthetic_test
1696,systolic,checkerboard,64,64x64,synthetic,4096,synthetic_train
1697,systolic,hotspot,64,64x64,synthetic,4096,synthetic_train
1698,systolic,uniform,64,64x64,synthetic,4096,synthetic_train
1699,systolic,banded,64,64x64,synthetic,4096,synthetic_train
1700,systolic,checkerboard,64,64x64,synthetic,4096,synthetic_train
1701,systolic,uniform,64,64x64,synthetic,4096,synthetic_train
1702,systolic,wavefront,64,64x64,synthetic,4096,synthetic_train
1703,systolic,hotspot,64,64x64,synthetic,4096,synthetic_train
1704,systolic,hotspot,64,64x64,synthetic,4096,synthetic_train
1705,systolic,wavefront,64,64x64,synthetic,4096,synthetic_train
1706,systolic,uniform,64,64x64,synthetic,4096,synthetic_val
1707,systolic,uniform,64,64x64,synthetic,4096,synthetic_train
1708,systolic,hotspot,64,64x64,synthetic,4096,synthetic_train
1709,systolic,checkerboard,64,64x64,synthetic,4096,synthetic_train
1710,systolic,uniform,64,64x64,synthetic,4096,synthetic_val
1711,systolic,uniform,64,64x64,synthetic,4096,synthetic_val
1712,systolic,wavefront,64,64x64,synthetic,4096,synthetic_train
1713,systolic,checkerboard,64,64x64,synthetic,4096,synthetic_train
1714,systolic,wavefront,64,64x64,synthetic,4096,synthetic_train
1715,systolic,uniform,64,64x64,synthetic,4096,synthetic_train
1716,systolic,hotspot,64,64x64,synthetic,4096,synthetic_test
1717,systolic,uniform,64,64x64,synthetic,4096,synthetic_train
1718,systolic,banded,64,64x64,synthetic,4096,synthetic_train
1719,systolic,wavefront,64,64x64,synthetic,4096,synthetic_train
1720,systolic,banded,64,64x64,synthetic,4096,synthetic_train
1721,systolic,checkerboard,64,64x64,synthetic,4096,synthetic_train
1722,systolic,wavefront,64,64x64,synthetic,4096,synthetic_train
1723,systolic,wavefront,64,64x64,synthetic,4096,synthetic_train
1724,systolic,hotspot,64,64x64,synthetic,4096,synthetic_train
1725,systolic,hotspot,64,64x64,synthetic,4096,synthetic_train
1726,systolic,hotspot,64,64x64,synthetic,4096,synthetic_val
1727,systolic,uniform,64,64x64,synthetic,4096,synthetic_train
1728,systolic,wavefront,64,64x64,synthetic,4096,synthetic_train
1729,systolic,uniform,64,64x64,synthetic,4096,synthetic_test
1730,systolic,checkerboard,64,64x64,synthetic,4096,synthetic_train
1731,systolic,wavefront,64,64x64,synthetic,4096,synthetic_train
1732,systolic,banded,64,64x64,synthetic,4096,synthetic_train
1733,systolic,banded,64,64x64,synthetic,4096,synthetic_train
1734,systolic,checkerboard,64,64x64,synthetic,4096,synthetic_train
1735,systolic,banded,64,64x64,synthetic,4096,synthetic_test
1736,systolic,uniform,64,64x64,synthetic,4096,synthetic_train
1737,systolic,hotspot,64,64x64,synthetic,4096,synthetic_train
1738,systolic,checkerboard,64,64x64,synthetic,4096,synthetic_train
1739,systolic,uniform,64,64x64,synthetic,4096,synthetic_test
1740,systolic,uniform,64,64x64,synthetic,4096,synthetic_test
1741,systolic,uniform,64,64x64,synthetic,4096,synthetic_train
1742,systolic,checkerboard,64,64x64,synthetic,4096,synthetic_train
1743,systolic,wavefront,64,64x64,synthetic,4096,synthetic_train
1744,systolic,hotspot,64,64x64,synthetic,4096,synthetic_val
1745,systolic,hotspot,64,64x64,synthetic,4096,synthetic_train
1746,systolic,wavefront,64,64x64,synthetic,4096,synthetic_train
1747,systolic,wavefront,64,64x64,synthetic,4096,synthetic_test
1748,systolic,uniform,64,64x64,synthetic,4096,synthetic_test
1749,systolic,checkerboard,64,64x64,synthetic,4096,synthetic_train
1750,systolic,uniform,64,64x64,synthetic,4096,synthetic_train
1751,systolic,uniform,64,64x64,synthetic,4096,synthetic_test
1752,systolic,hotspot,64,64x64,synthetic,4096,synthetic_train
1753,systolic,hotspot,64,64x64,synthetic,4096,synthetic_train
1754,systolic,uniform,64,64x64,synthetic,4096,synthetic_train
1755,systolic,hotspot,64,64x64,synthetic,4096,synthetic_train
1756,systolic,checkerboard,64,64x64,synthetic,4096,synthetic_train
1757,systolic,hotspot,64,64x64,synthetic,4096,synthetic_test
1758,systolic,checkerboard,64,64x64,synthetic,4096,synthetic_test
1759,systolic,checkerboard,64,64x64,synthetic,4096,synthetic_test
1760,systolic,hotspot,64,64x64,synthetic,4096,synthetic_val
1761,systolic,checkerboard,64,64x64,synthetic,4096,synthetic_train
1762,systolic,hotspot,64,64x64,synthetic,4096,synthetic_train
1763,systolic,uniform,64,64x64,synthetic,4096,synthetic_train
1764,systolic,hotspot,64,64x64,synthetic,4096,synthetic_train
1765,systolic,hotspot,64,64x64,synthetic,4096,synthetic_train
1766,systolic,hotspot,64,64x64,synthetic,4096,synthetic_test
1767,systolic,hotspot,64,64x64,synthetic,4096,synthetic_train
1768,systolic,uniform,64,64x64,synthetic,4096,synthetic_train
1769,systolic,wavefront,64,64x64,synthetic,4096,synthetic_val
1770,systolic,checkerboard,64,64x64,synthetic,4096,synthetic_test
1771,systolic,uniform,64,64x64,synthetic,4096,synthetic_train
1772,systolic,banded,64,64x64,synthetic,4096,synthetic_val
1773,systolic,banded,64,64x64,synthetic,4096,synthetic_train
1774,systolic,uniform,64,64x64,synthetic,4096,synthetic_train
1775,systolic,uniform,64,64x64,synthetic,4096,synthetic_train
1776,systolic,checkerboard,64,64x64,synthetic,4096,synthetic_train
1777,systolic,uniform,64,64x64,synthetic,4096,synthetic_train
1778,systolic,checkerboard,64,64x64,synthetic,4096,synthetic_train
1779,systolic,uniform,64,64x64,synthetic,4096,synthetic_train
1780,systolic,checkerboard,64,64x64,synthetic,4096,synthetic_test
1781,systolic,hotspot,64,64x64,synthetic,4096,synthetic_train
1782,systolic,hotspot,64,64x64,synthetic,4096,synthetic_train
1783,systolic,hotspot,64,64x64,synthetic,4096,synthetic_val
1784,systolic,banded,64,64x64,synthetic,4096,synthetic_train
1785,systolic,checkerboard,64,64x64,synthetic,4096,synthetic_train
1786,systolic,hotspot,64,64x64,synthetic,4096,synthetic_train
1787,systolic,banded,64,64x64,synthetic,4096,synthetic_train
1788,systolic,checkerboard,64,64x64,synthetic,4096,synthetic_test
1789,systolic,checkerboard,64,64x64,synthetic,4096,synthetic_val
1790,systolic,wavefront,64,64x64,synthetic,4096,synthetic_test
1791,systolic,checkerboard,64,64x64,synthetic,4096,synthetic_val
1792,systolic,hotspot,64,64x64,synthetic,4096,synthetic_test
1793,systolic,checkerboard,64,64x64,synthetic,4096,synthetic_train
1794,systolic,wavefront,64,64x64,synthetic,4096,synthetic_train
1795,systolic,checkerboard,64,64x64,synthetic,4096,synthetic_train
1796,systolic,banded,64,64x64,synthetic,4096,synthetic_train
1797,systolic,checkerboard,64,64x64,synthetic,4096,synthetic_train
1798,systolic,wavefront,64,64x64,synthetic,4096,synthetic_test
1799,systolic,banded,64,64x64,synthetic,4096,synthetic_train
1800,standard,checkerboard,2,2x2,anchor_real,4,anchor_eval
1801,standard,hotspot,2,2x2,anchor_real,4,anchor_eval
1802,standard,uniform,2,2x2,anchor_real,4,anchor_eval
1803,systolic,checkerboard,2,2x2,anchor_real,4,anchor_eval
1804,systolic,hotspot,2,2x2,anchor_real,4,anchor_eval
1805,systolic,uniform,2,2x2,anchor_real,4,anchor_eval
1806,standard,checkerboard,4,4x4,anchor_real,16,anchor_eval
1807,standard,hotspot,4,4x4,anchor_real,16,anchor_eval
1808,standard,uniform,4,4x4,anchor_real,16,anchor_eval
1809,systolic,checkerboard,4,4x4,anchor_real,16,anchor_eval
1810,systolic,hotspot,4,4x4,anchor_real,16,anchor_eval
1811,systolic,uniform,4,4x4,anchor_real,16,anchor_eval
1812,standard,checkerboard,8,8x8,anchor_real,64,anchor_eval
1813,standard,hotspot,8,8x8,anchor_real,64,anchor_eval
1814,standard,uniform,8,8x8,anchor_real,64,anchor_eval
1815,systolic,checkerboard,8,8x8,anchor_real,64,anchor_eval
1816,systolic,hotspot,8,8x8,anchor_real,64,anchor_eval
1817,systolic,uniform,8,8x8,anchor_real,64,anchor_eval
1818,standard,checkerboard,16,16x16,anchor_real,256,anchor_eval
1819,standard,hotspot,16,16x16,anchor_real,256,anchor_eval
1820,standard,uniform,16,16x16,anchor_real,256,anchor_eval
1821,systolic,checkerboard,16,16x16,anchor_real,256,anchor_eval
1822,systolic,hotspot,16,16x16,anchor_real,256,anchor_eval
1823,systolic,uniform,16,16x16,anchor_real,256,anchor_eval
