sample_id,source,architecture,workload,N,shape,split_role
synthetic_standard_stripes_2_00000,synthetic,standard,stripes,2,2x2,synthetic_test
synthetic_standard_uniform_2_00001,synthetic,standard,uniform,2,2x2,synthetic_test
synthetic_standard_stripes_2_00002,synthetic,standard,stripes,2,2x2,synthetic_train
synthetic_standard_hotspot_2_00003,synthetic,standard,hotspot,2,2x2,synthetic_val
synthetic_standard_multihotspot_2_00004,synthetic,standard,multihotspot,2,2x2,synthetic_train
synthetic_standard_hotspot_2_00005,synthetic,standard,hotspot,2,2x2,synthetic_train
synthetic_standard_multihotspot_2_00006,synthetic,standard,multihotspot,2,2x2,synthetic_test
synthetic_standard_quadrant_2_00007,synthetic,standard,quadrant,2,2x2,synthetic_val
synthetic_standard_uniform_2_00008,synthetic,standard,uniform,2,2x2,synthetic_train
synthetic_standard_multihotspot_2_00009,synthetic,standard,multihotspot,2,2x2,synthetic_train
synthetic_standard_hotspot_2_00010,synthetic,standard,hotspot,2,2x2,synthetic_test
synthetic_standard_uniform_2_00011,synthetic,standard,uniform,2,2x2,synthetic_train
synthetic_standard_checkerboard_2_00012,synthetic,standard,checkerboard,2,2x2,synthetic_test
synthetic_standard_stripes_2_00013,synthetic,standard,stripes,2,2x2,synthetic_train
synthetic_standard_stripes_2_00014,synthetic,standard,stripes,2,2x2,synthetic_train
synthetic_standard_multihotspot_2_00015,synthetic,standard,multihotspot,2,2x2,synthetic_train
synthetic_standard_stripes_2_00016,synthetic,standard,stripes,2,2x2,synthetic_train
synthetic_standard_stripes_2_00017,synthetic,standard,stripes,2,2x2,synthetic_train
synthetic_standard_uniform_2_00018,synthetic,standard,uniform,2,2x2,synthetic_train
synthetic_standard_hotspot_2_00019,synthetic,standard,hotspot,2,2x2,synthetic_train
synthetic_standard_multihotspot_2_00020,synthetic,standard,multihotspot,2,2x2,synthetic_train
synthetic_standard_uniform_2_00021,synthetic,standard,uniform,2,2x2,synthetic_train
synthetic_standard_checkerboard_2_00022,synthetic,standard,checkerboard,2,2x2,synthetic_test
synthetic_standard_checkerboard_2_00023,synthetic,standard,checkerboard,2,2x2,synthetic_train
synthetic_standard_checkerboard_2_00024,synthetic,standard,checkerboard,2,2x2,synthetic_train
synthetic_standard_stripes_2_00025,synthetic,standard,stripes,2,2x2,synthetic_train
synthetic_standard_stripes_2_00026,synthetic,standard,stripes,2,2x2,synthetic_train
synthetic_standard_multihotspot_2_00027,synthetic,standard,multihotspot,2,2x2,synthetic_train
synthetic_standard_uniform_2_00028,synthetic,standard,uniform,2,2x2,synthetic_train
synthetic_standard_hotspot_2_00029,synthetic,standard,hotspot,2,2x2,synthetic_test
synthetic_standard_multihotspot_2_00030,synthetic,standard,multihotspot,2,2x2,synthetic_train
synthetic_standard_quadrant_2_00031,synthetic,standard,quadrant,2,2x2,synthetic_train
synthetic_standard_checkerboard_2_00032,synthetic,standard,checkerboard,2,2x2,synthetic_train
synthetic_standard_multihotspot_2_00033,synthetic,standard,multihotspot,2,2x2,synthetic_train
synthetic_standard_quadrant_2_00034,synthetic,standard,quadrant,2,2x2,synthetic_test
synthetic_standard_hotspot_2_00035,synthetic,standard,hotspot,2,2x2,synthetic_test
synthetic_standard_stripes_2_00036,synthetic,standard,stripes,2,2x2,synthetic_val
synthetic_standard_multihotspot_2_00037,synthetic,standard,multihotspot,2,2x2,synthetic_test
synthetic_standard_hotspot_2_00038,synthetic,standard,hotspot,2,2x2,synthetic_test
synthetic_standard_checkerboard_2_00039,synthetic,standard,checkerboard,2,2x2,synthetic_test
synthetic_standard_hotspot_2_00040,synthetic,standard,hotspot,2,2x2,synthetic_train
synthetic_standard_hotspot_2_00041,synthetic,standard,hotspot,2,2x2,synthetic_train
synthetic_standard_uniform_2_00042,synthetic,standard,uniform,2,2x2,synthetic_val
synthetic_standard_hotspot_2_00043,synthetic,standard,hotspot,2,2x2,synthetic_train
synthetic_standard_hotspot_2_00044,synthetic,standard,hotspot,2,2x2,synthetic_test
synthetic_standard_hotspot_2_00045,synthetic,standard,hotspot,2,2x2,synthetic_train
synthetic_standard_checkerboard_2_00046,synthetic,standard,checkerboard,2,2x2,synthetic_val
synthetic_standard_uniform_2_00047,synthetic,standard,uniform,2,2x2,synthetic_val
synthetic_standard_quadrant_2_00048,synthetic,standard,quadrant,2,2x2,synthetic_test
synthetic_standard_multihotspot_2_00049,synthetic,standard,multihotspot,2,2x2,synthetic_val
synthetic_standard_stripes_2_00050,synthetic,standard,stripes,2,2x2,synthetic_train
synthetic_standard_checkerboard_2_00051,synthetic,standard,checkerboard,2,2x2,synthetic_train
synthetic_standard_hotspot_2_00052,synthetic,standard,hotspot,2,2x2,synthetic_train
synthetic_standard_checkerboard_2_00053,synthetic,standard,checkerboard,2,2x2,synthetic_train
synthetic_standard_hotspot_2_00054,synthetic,standard,hotspot,2,2x2,synthetic_train
synthetic_standard_uniform_2_00055,synthetic,standard,uniform,2,2x2,synthetic_train
synthetic_standard_hotspot_2_00056,synthetic,standard,hotspot,2,2x2,synthetic_val
synthetic_standard_stripes_2_00057,synthetic,standard,stripes,2,2x2,synthetic_train
synthetic_standard_checkerboard_2_00058,synthetic,standard,checkerboard,2,2x2,synthetic_train
synthetic_standard_hotspot_2_00059,synthetic,standard,hotspot,2,2x2,synthetic_train
synthetic_standard_checkerboard_2_00060,synthetic,standard,checkerboard,2,2x2,synthetic_val
synthetic_standard_uniform_2_00061,synthetic,standard,uniform,2,2x2,synthetic_val
synthetic_standard_uniform_2_00062,synthetic,standard,uniform,2,2x2,synthetic_train
synthetic_standard_hotspot_2_00063,synthetic,standard,hotspot,2,2x2,synthetic_train
synthetic_standard_checkerboard_2_00064,synthetic,standard,checkerboard,2,2x2,synthetic_train
synthetic_standard_hotspot_2_00065,synthetic,standard,hotspot,2,2x2,synthetic_train
synthetic_standard_checkerboard_2_00066,synthetic,standard,checkerboard,2,2x2,synthetic_train
synthetic_standard_uniform_2_00067,synthetic,standard,uniform,2,2x2,synthetic_train
synthetic_standard_multihotspot_2_00068,synthetic,standard,multihotspot,2,2x2,synthetic_test
synthetic_standard_multihotspot_2_00069,synthetic,standard,multihotspot,2,2x2,synthetic_train
synthetic_standard_quadrant_2_00070,synthetic,standard,quadrant,2,2x2,synthetic_train
synthetic_standard_hotspot_2_00071,synthetic,standard,hotspot,2,2x2,synthetic_train
synthetic_standard_checkerboard_2_00072,synthetic,standard,checkerboard,2,2x2,synthetic_train
synthetic_standard_hotspot_2_00073,synthetic,standard,hotspot,2,2x2,synthetic_train
synthetic_standard_uniform_2_00074,synthetic,standard,uniform,2,2x2,synthetic_train
synthetic_standard_quadrant_2_00075,synthetic,standard,quadrant,2,2x2,synthetic_train
synthetic_standard_hotspot_2_00076,synthetic,standard,hotspot,2,2x2,synthetic_train
synthetic_standard_uniform_2_00077,synthetic,standard,uniform,2,2x2,synthetic_train
synthetic_standard_stripes_2_00078,synthetic,standard,stripes,2,2x2,synthetic_val
synthetic_standard_multihotspot_2_00079,synthetic,standard,multihotspot,2,2x2,synthetic_train
synthetic_standard_hotspot_2_00080,synthetic,standard,hotspot,2,2x2,synthetic_train
synthetic_standard_stripes_2_00081,synthetic,standard,stripes,2,2x2,synthetic_train
synthetic_standard_stripes_2_00082,synthetic,standard,stripes,2,2x2,synthetic_test
synthetic_standard_uniform_2_00083,synthetic,standard,uniform,2,2x2,synthetic_train
synthetic_standard_uniform_2_00084,synthetic,standard,uniform,2,2x2,synthetic_test
synthetic_standard_checkerboard_2_00085,synthetic,standard,checkerboard,2,2x2,synthetic_train
synthetic_standard_uniform_2_00086,synthetic,standard,uniform,2,2x2,synthetic_test
synthetic_standard_uniform_2_00087,synthetic,standard,uniform,2,2x2,synthetic_train
synthetic_standard_uniform_2_00088,synthetic,standard,uniform,2,2x2,synthetic_train
synthetic_standard_uniform_2_00089,synthetic,standard,uniform,2,2x2,synthetic_train
synthetic_standard_hotspot_2_00090,synthetic,standard,hotspot,2,2x2,synthetic_train
synthetic_standard_checkerboard_2_00091,synthetic,standard,checkerboard,2,2x2,synthetic_test
synthetic_standard_stripes_2_00092,synthetic,standard,stripes,2,2x2,synthetic_train
synthetic_standard_checkerboard_2_00093,synthetic,standard,checkerboard,2,2x2,synthetic_train
synthetic_standard_uniform_2_00094,synthetic,standard,uniform,2,2x2,synthetic_train
synthetic_standard_hotspot_2_00095,synthetic,standard,hotspot,2,2x2,synthetic_val
synthetic_standard_uniform_2_00096,synthetic,standard,uniform,2,2x2,synthetic_train
synthetic_standard_uniform_2_00097,synthetic,standard,uniform,2,2x2,synthetic_test
synthetic_standard_quadrant_2_00098,synthetic,standard,quadrant,2,2x2,synthetic_train
synthetic_standard_stripes_2_00099,synthetic,standard,stripes,2,2x2,synthetic_test
synthetic_systolic_hotspot_2_00000,synthetic,systolic,hotspot,2,2x2,synthetic_test
synthetic_systolic_checkerboard_2_00001,synthetic,systolic,checkerboard,2,2x2,synthetic_train
synthetic_systolic_uniform_2_00002,synthetic,systolic,uniform,2,2x2,synthetic_val
synthetic_systolic_checkerboard_2_00003,synthetic,systolic,checkerboard,2,2x2,synthetic_train
synthetic_systolic_checkerboard_2_00004,synthetic,systolic,checkerboard,2,2x2,synthetic_train
synthetic_systolic_checkerboard_2_00005,synthetic,systolic,checkerboard,2,2x2,synthetic_train
synthetic_systolic_hotspot_2_00006,synthetic,systolic,hotspot,2,2x2,synthetic_train
synthetic_systolic_hotspot_2_00007,synthetic,systolic,hotspot,2,2x2,synthetic_train
synthetic_systolic_checkerboard_2_00008,synthetic,systolic,checkerboard,2,2x2,synthetic_train
synthetic_systolic_wavefront_2_00009,synthetic,systolic,wavefront,2,2x2,synthetic_train
synthetic_systolic_hotspot_2_00010,synthetic,systolic,hotspot,2,2x2,synthetic_train
synthetic_systolic_banded_2_00011,synthetic,systolic,banded,2,2x2,synthetic_val
synthetic_systolic_wavefront_2_00012,synthetic,systolic,wavefront,2,2x2,synthetic_val
synthetic_systolic_wavefront_2_00013,synthetic,systolic,wavefront,2,2x2,synthetic_train
synthetic_systolic_hotspot_2_00014,synthetic,systolic,hotspot,2,2x2,synthetic_train
synthetic_systolic_hotspot_2_00015,synthetic,systolic,hotspot,2,2x2,synthetic_val
synthetic_systolic_wavefront_2_00016,synthetic,systolic,wavefront,2,2x2,synthetic_test
synthetic_systolic_hotspot_2_00017,synthetic,systolic,hotspot,2,2x2,synthetic_test
synthetic_systolic_uniform_2_00018,synthetic,systolic,uniform,2,2x2,synthetic_train
synthetic_systolic_wavefront_2_00019,synthetic,systolic,wavefront,2,2x2,synthetic_train
synthetic_systolic_banded_2_00020,synthetic,systolic,banded,2,2x2,synthetic_train
synthetic_systolic_checkerboard_2_00021,synthetic,systolic,checkerboard,2,2x2,synthetic_train
synthetic_systolic_uniform_2_00022,synthetic,systolic,uniform,2,2x2,synthetic_test
synthetic_systolic_checkerboard_2_00023,synthetic,systolic,checkerboard,2,2x2,synthetic_train
synthetic_systolic_banded_2_00024,synthetic,systolic,banded,2,2x2,synthetic_test
synthetic_systolic_checkerboard_2_00025,synthetic,systolic,checkerboard,2,2x2,synthetic_test
synthetic_systolic_banded_2_00026,synthetic,systolic,banded,2,2x2,synthetic_test
synthetic_systolic_hotspot_2_00027,synthetic,systolic,hotspot,2,2x2,synthetic_train
synthetic_systolic_uniform_2_00028,synthetic,systolic,uniform,2,2x2,synthetic_train
synthetic_systolic_checkerboard_2_00029,synthetic,systolic,checkerboard,2,2x2,synthetic_test
synthetic_systolic_checkerboard_2_00030,synthetic,systolic,checkerboard,2,2x2,synthetic_train
synthetic_systolic_uniform_2_00031,synthetic,systolic,uniform,2,2x2,synthetic_train
synthetic_systolic_checkerboard_2_00032,synthetic,systolic,checkerboard,2,2x2,synthetic_train
synthetic_systolic_banded_2_00033,synthetic,systolic,banded,2,2x2,synthetic_train
synthetic_systolic_uniform_2_00034,synthetic,systolic,uniform,2,2x2,synthetic_train
synthetic_systolic_checkerboard_2_00035,synthetic,systolic,checkerboard,2,2x2,synthetic_test
synthetic_systolic_uniform_2_00036,synthetic,systolic,uniform,2,2x2,synthetic_test
synthetic_systolic_uniform_2_00037,synthetic,systolic,uniform,2,2x2,synthetic_train
synthetic_systolic_hotspot_2_00038,synthetic,systolic,hotspot,2,2x2,synthetic_val
synthetic_systolic_uniform_2_00039,synthetic,systolic,uniform,2,2x2,synthetic_train
synthetic_systolic_wavefront_2_00040,synthetic,systolic,wavefront,2,2x2,synthetic_train
synthetic_systolic_uniform_2_00041,synthetic,systolic,uniform,2,2x2,synthetic_test
synthetic_systolic_hotspot_2_00042,synthetic,systolic,hotspot,2,2x2,synthetic_val
synthetic_systolic_uniform_2_00043,synthetic,systolic,uniform,2,2x2,synthetic_val
synthetic_systolic_checkerboard_2_00044,synthetic,systolic,checkerboard,2,2x2,synthetic_train
synthetic_systolic_hotspot_2_00045,synthetic,systolic,hotspot,2,2x2,synthetic_train
synthetic_systolic_banded_2_00046,synthetic,systolic,banded,2,2x2,synthetic_train
synthetic_systolic_uniform_2_00047,synthetic,systolic,uniform,2,2x2,synthetic_train
synthetic_systolic_hotspot_2_00048,synthetic,systolic,hotspot,2,2x2,synthetic_train
synthetic_systolic_uniform_2_00049,synthetic,systolic,uniform,2,2x2,synthetic_train
synthetic_systolic_hotspot_2_00050,synthetic,systolic,hotspot,2,2x2,synthetic_test
synthetic_systolic_uniform_2_00051,synthetic,systolic,uniform,2,2x2,synthetic_train
synthetic_systolic_hotspot_2_00052,synthetic,systolic,hotspot,2,2x2,synthetic_train
synthetic_systolic_checkerboard_2_00053,synthetic,systolic,checkerboard,2,2x2,synthetic_val
synthetic_systolic_hotspot_2_00054,synthetic,systolic,hotspot,2,2x2,synthetic_train
synthetic_systolic_hotspot_2_00055,synthetic,systolic,hotspot,2,2x2,synthetic_train
synthetic_systolic_hotspot_2_00056,synthetic,systolic,hotspot,2,2x2,synthetic_test
synthetic_systolic_wavefront_2_00057,synthetic,systolic,wavefront,2,2x2,synthetic_train
synthetic_systolic_checkerboard_2_00058,synthetic,systolic,checkerboard,2,2x2,synthetic_train
synthetic_systolic_hotspot_2_00059,synthetic,systolic,hotspot,2,2x2,synthetic_train
synthetic_systolic_wavefront_2_00060,synthetic,systolic,wavefront,2,2x2,synthetic_train
synthetic_systolic_hotspot_2_00061,synthetic,systolic,hotspot,2,2x2,synthetic_train
synthetic_systolic_wavefront_2_00062,synthetic,systolic,wavefront,2,2x2,synthetic_test
synthetic_systolic_uniform_2_00063,synthetic,systolic,uniform,2,2x2,synthetic_train
synthetic_systolic_checkerboard_2_00064,synthetic,systolic,checkerboard,2,2x2,synthetic_train
synthetic_systolic_checkerboard_2_00065,synthetic,systolic,checkerboard,2,2x2,synthetic_val
synthetic_systolic_wavefront_2_00066,synthetic,systolic,wavefront,2,2x2,synthetic_test
synthetic_systolic_uniform_2_00067,synthetic,systolic,uniform,2,2x2,synthetic_train
synthetic_systolic_checkerboard_2_00068,synthetic,systolic,checkerboard,2,2x2,synthetic_test
synthetic_systolic_wavefront_2_00069,synthetic,systolic,wavefront,2,2x2,synthetic_val
synthetic_systolic_wavefront_2_00070,synthetic,systolic,wavefront,2,2x2,synthetic_train
synthetic_systolic_uniform_2_00071,synthetic,systolic,uniform,2,2x2,synthetic_train
synthetic_systolic_uniform_2_00072,synthetic,systolic,uniform,2,2x2,synthetic_train
synthetic_systolic_banded_2_00073,synthetic,systolic,banded,2,2x2,synthetic_train
synthetic_systolic_banded_2_00074,synthetic,systolic,banded,2,2x2,synthetic_train
synthetic_systolic_checkerboard_2_00075,synthetic,systolic,checkerboard,2,2x2,synthetic_test
synthetic_systolic_hotspot_2_00076,synthetic,systolic,hotspot,2,2x2,synthetic_train
synthetic_systolic_banded_2_00077,synthetic,systolic,banded,2,2x2,synthetic_train
synthetic_systolic_checkerboard_2_00078,synthetic,systolic,checkerboard,2,2x2,synthetic_train
synthetic_systolic_hotspot_2_00079,synthetic,systolic,hotspot,2,2x2,synthetic_train
synthetic_systolic_hotspot_2_00080,synthetic,systolic,hotspot,2,2x2,synthetic_train
synthetic_systolic_uniform_2_00081,synthetic,systolic,uniform,2,2x2,synthetic_train
synthetic_systolic_checkerboard_2_00082,synthetic,systolic,checkerboard,2,2x2,synthetic_train
synthetic_systolic_wavefront_2_00083,synthetic,systolic,wavefront,2,2x2,synthetic_train
synthetic_systolic_banded_2_00084,synthetic,systolic,banded,2,2x2,synthetic_train
synthetic_systolic_checkerboard_2_00085,synthetic,systolic,checkerboard,2,2x2,synthetic_val
synthetic_systolic_uniform_2_00086,synthetic,systolic,uniform,2,2x2,synthetic_val
synthetic_systolic_hotspot_2_00087,synthetic,systolic,hotspot,2,2x2,synthetic_train
synthetic_systolic_uniform_2_00088,synthetic,systolic,uniform,2,2x2,synthetic_train
synthetic_systolic_checkerboard_2_00089,synthetic,systolic,checkerboard,2,2x2,synthetic_train
synthetic_systolic_checkerboard_2_00090,synthetic,systolic,checkerboard,2,2x2,synthetic_train
synthetic_systolic_banded_2_00091,synthetic,systolic,banded,2,2x2,synthetic_test
synthetic_systolic_wavefront_2_00092,synthetic,systolic,wavefront,2,2x2,synthetic_train
synthetic_systolic_banded_2_00093,synthetic,systolic,banded,2,2x2,synthetic_train
synthetic_systolic_uniform_2_00094,synthetic,systolic,uniform,2,2x2,synthetic_test
synthetic_systolic_hotspot_2_00095,synthetic,systolic,hotspot,2,2x2,synthetic_train
synthetic_systolic_checkerboard_2_00096,synthetic,systolic,checkerboard,2,2x2,synthetic_train
synthetic_systolic_checkerboard_2_00097,synthetic,systolic,checkerboard,2,2x2,synthetic_train
synthetic_systolic_wavefront_2_00098,synthetic,systolic,wavefront,2,2x2,synthetic_train
synthetic_systolic_hotspot_2_00099,synthetic,systolic,hotspot,2,2x2,synthetic_test
synthetic_standard_uniform_4_00000,synthetic,standard,uniform,4,4x4,synthetic_train
synthetic_standard_stripes_4_00001,synthetic,standard,stripes,4,4x4,synthetic_train
synthetic_standard_uniform_4_00002,synthetic,standard,uniform,4,4x4,synthetic_train
synthetic_standard_uniform_4_00003,synthetic,standard,uniform,4,4x4,synthetic_train
synthetic_standard_multihotspot_4_00004,synthetic,standard,multihotspot,4,4x4,synthetic_train
synthetic_standard_uniform_4_00005,synthetic,standard,uniform,4,4x4,synthetic_val
synthetic_standard_multihotspot_4_00006,synthetic,standard,multihotspot,4,4x4,synthetic_train
synthetic_standard_hotspot_4_00007,synthetic,standard,hotspot,4,4x4,synthetic_test
synthetic_standard_stripes_4_00008,synthetic,standard,stripes,4,4x4,synthetic_test
synthetic_standard_hotspot_4_00009,synthetic,standard,hotspot,4,4x4,synthetic_train
synthetic_standard_checkerboard_4_00010,synthetic,standard,checkerboard,4,4x4,synthetic_train
synthetic_standard_multihotspot_4_00011,synthetic,standard,multihotspot,4,4x4,synthetic_train
synthetic_standard_hotspot_4_00012,synthetic,standard,hotspot,4,4x4,synthetic_val
synthetic_standard_hotspot_4_00013,synthetic,standard,hotspot,4,4x4,synthetic_train
synthetic_standard_hotspot_4_00014,synthetic,standard,hotspot,4,4x4,synthetic_val
synthetic_standard_hotspot_4_00015,synthetic,standard,hotspot,4,4x4,synthetic_test
synthetic_standard_quadrant_4_00016,synthetic,standard,quadrant,4,4x4,synthetic_val
synthetic_standard_checkerboard_4_00017,synthetic,standard,checkerboard,4,4x4,synthetic_train
synthetic_standard_checkerboard_4_00018,synthetic,standard,checkerboard,4,4x4,synthetic_train
synthetic_standard_stripes_4_00019,synthetic,standard,stripes,4,4x4,synthetic_train
synthetic_standard_checkerboard_4_00020,synthetic,standard,checkerboard,4,4x4,synthetic_val
synthetic_standard_quadrant_4_00021,synthetic,standard,quadrant,4,4x4,synthetic_train
synthetic_standard_stripes_4_00022,synthetic,standard,stripes,4,4x4,synthetic_train
synthetic_standard_quadrant_4_00023,synthetic,standard,quadrant,4,4x4,synthetic_train
synthetic_standard_quadrant_4_00024,synthetic,standard,quadrant,4,4x4,synthetic_train
synthetic_standard_uniform_4_00025,synthetic,standard,uniform,4,4x4,synthetic_train
synthetic_standard_quadrant_4_00026,synthetic,standard,quadrant,4,4x4,synthetic_test
synthetic_standard_uniform_4_00027,synthetic,standard,uniform,4,4x4,synthetic_train
synthetic_standard_uniform_4_00028,synthetic,standard,uniform,4,4x4,synthetic_train
synthetic_standard_checkerboard_4_00029,synthetic,standard,checkerboard,4,4x4,synthetic_train
synthetic_standard_hotspot_4_00030,synthetic,standard,hotspot,4,4x4,synthetic_test
synthetic_standard_hotspot_4_00031,synthetic,standard,hotspot,4,4x4,synthetic_train
synthetic_standard_checkerboard_4_00032,synthetic,standard,checkerboard,4,4x4,synthetic_test
synthetic_standard_uniform_4_00033,synthetic,standard,uniform,4,4x4,synthetic_test
synthetic_standard_stripes_4_00034,synthetic,standard,stripes,4,4x4,synthetic_val
synthetic_standard_checkerboard_4_00035,synthetic,standard,checkerboard,4,4x4,synthetic_train
synthetic_standard_stripes_4_00036,synthetic,standard,stripes,4,4x4,synthetic_train
synthetic_standard_checkerboard_4_00037,synthetic,standard,checkerboard,4,4x4,synthetic_train
synthetic_standard_checkerboard_4_00038,synthetic,standard,checkerboard,4,4x4,synthetic_train
synthetic_standard_uniform_4_00039,synthetic,standard,uniform,4,4x4,synthetic_test
synthetic_standard_multihotspot_4_00040,synthetic,standard,multihotspot,4,4x4,synthetic_train
synthetic_standard_checkerboard_4_00041,synthetic,standard,checkerboard,4,4x4,synthetic_test
synthetic_standard_multihotspot_4_00042,synthetic,standard,multihotspot,4,4x4,synthetic_test
synthetic_standard_stripes_4_00043,synthetic,standard,stripes,4,4x4,synthetic_test
synthetic_standard_stripes_4_00044,synthetic,standard,stripes,4,4x4,synthetic_test
synthetic_standard_hotspot_4_00045,synthetic,standard,hotspot,4,4x4,synthetic_train
synthetic_standard_stripes_4_00046,synthetic,standard,stripes,4,4x4,synthetic_train
synthetic_standard_checkerboard_4_00047,synthetic,standard,checkerboard,4,4x4,synthetic_train
synthetic_standard_uniform_4_00048,synthetic,standard,uniform,4,4x4,synthetic_train
synthetic_standard_checkerboard_4_00049,synthetic,standard,checkerboard,4,4x4,synthetic_train
synthetic_standard_multihotspot_4_00050,synthetic,standard,multihotspot,4,4x4,synthetic_train
synthetic_standard_uniform_4_00051,synthetic,standard,uniform,4,4x4,synthetic_test
synthetic_standard_multihotspot_4_00052,synthetic,standard,multihotspot,4,4x4,synthetic_val
synthetic_standard_quadrant_4_00053,synthetic,standard,quadrant,4,4x4,synthetic_train
synthetic_standard_quadrant_4_00054,synthetic,standard,quadrant,4,4x4,synthetic_train
synthetic_standard_checkerboard_4_00055,synthetic,standard,checkerboard,4,4x4,synthetic_val
synthetic_standard_checkerboard_4_00056,synthetic,standard,checkerboard,4,4x4,synthetic_val
synthetic_standard_uniform_4_00057,synthetic,standard,uniform,4,4x4,synthetic_train
synthetic_standard_checkerboard_4_00058,synthetic,standard,checkerboard,4,4x4,synthetic_train
synthetic_standard_multihotspot_4_00059,synthetic,standard,multihotspot,4,4x4,synthetic_train
synthetic_standard_stripes_4_00060,synthetic,standard,stripes,4,4x4,synthetic_train
synthetic_standard_hotspot_4_00061,synthetic,standard,hotspot,4,4x4,synthetic_train
synthetic_standard_hotspot_4_00062,synthetic,standard,hotspot,4,4x4,synthetic_train
synthetic_standard_multihotspot_4_00063,synthetic,standard,multihotspot,4,4x4,synthetic_test
synthetic_standard_quadrant_4_00064,synthetic,standard,quadrant,4,4x4,synthetic_train
synthetic_standard_quadrant_4_00065,synthetic,standard,quadrant,4,4x4,synthetic_train
synthetic_standard_stripes_4_00066,synthetic,standard,stripes,4,4x4,synthetic_train
synthetic_standard_uniform_4_00067,synthetic,standard,uniform,4,4x4,synthetic_train
synthetic_standard_stripes_4_00068,synthetic,standard,stripes,4,4x4,synthetic_train
synthetic_standard_checkerboard_4_00069,synthetic,standard,checkerboard,4,4x4,synthetic_train
synthetic_standard_quadrant_4_00070,synthetic,standard,quadrant,4,4x4,synthetic_train
synthetic_standard_hotspot_4_00071,synthetic,standard,hotspot,4,4x4,synthetic_train
synthetic_standard_hotspot_4_00072,synthetic,standard,hotspot,4,4x4,synthetic_train
synthetic_standard_checkerboard_4_00073,synthetic,standard,checkerboard,4,4x4,synthetic_test
synthetic_standard_uniform_4_00074,synthetic,standard,uniform,4,4x4,synthetic_train
synthetic_standard_multihotspot_4_00075,synthetic,standard,multihotspot,4,4x4,synthetic_test
synthetic_standard_quadrant_4_00076,synthetic,standard,quadrant,4,4x4,synthetic_train
synthetic_standard_checkerboard_4_00077,synthetic,standard,checkerboard,4,4x4,synthetic_train
synthetic_standard_checkerboard_4_00078,synthetic,standard,checkerboard,4,4x4,synthetic_train
synthetic_standard_quadrant_4_00079,synthetic,standard,quadrant,4,4x4,synthetic_train
synthetic_standard_checkerboard_4_00080,synthetic,standard,checkerboard,4,4x4,synthetic_val
synthetic_standard_quadrant_4_00081,synthetic,standard,quadrant,4,4x4,synthetic_train
synthetic_standard_quadrant_4_00082,synthetic,standard,quadrant,4,4x4,synthetic_train
synthetic_standard_checkerboard_4_00083,synthetic,standard,checkerboard,4,4x4,synthetic_train
synthetic_standard_stripes_4_00084,synthetic,standard,stripes,4,4x4,synthetic_test
synthetic_standard_uniform_4_00085,synthetic,standard,uniform,4,4x4,synthetic_train
synthetic_standard_uniform_4_00086,synthetic,standard,uniform,4,4x4,synthetic_train
synthetic_standard_hotspot_4_00087,synthetic,standard,hotspot,4,4x4,synthetic_train
synthetic_standard_hotspot_4_00088,synthetic,standard,hotspot,4,4x4,synthetic_val
synthetic_standard_quadrant_4_00089,synthetic,standard,quadrant,4,4x4,synthetic_val
synthetic_standard_checkerboard_4_00090,synthetic,standard,checkerboard,4,4x4,synthetic_test
synthetic_standard_hotspot_4_00091,synthetic,standard,hotspot,4,4x4,synthetic_train
synthetic_standard_stripes_4_00092,synthetic,standard,stripes,4,4x4,synthetic_train
synthetic_standard_hotspot_4_00093,synthetic,standard,hotspot,4,4x4,synthetic_train
synthetic_standard_quadrant_4_00094,synthetic,standard,quadrant,4,4x4,synthetic_val
synthetic_standard_hotspot_4_00095,synthetic,standard,hotspot,4,4x4,synthetic_train
synthetic_standard_uniform_4_00096,synthetic,standard,uniform,4,4x4,synthetic_train
synthetic_standard_quadrant_4_00097,synthetic,standard,quadrant,4,4x4,synthetic_train
synthetic_standard_uniform_4_00098,synthetic,standard,uniform,4,4x4,synthetic_val
synthetic_standard_checkerboard_4_00099,synthetic,standard,checkerboard,4,4x4,synthetic_train
synthetic_standard_uniform_4_00100,synthetic,standard,uniform,4,4x4,synthetic_val
synthetic_standard_checkerboard_4_00101,synthetic,standard,checkerboard,4,4x4,synthetic_train
synthetic_standard_hotspot_4_00102,synthetic,standard,hotspot,4,4x4,synthetic_test
synthetic_standard_stripes_4_00103,synthetic,standard,stripes,4,4x4,synthetic_val
synthetic_standard_quadrant_4_00104,synthetic,standard,quadrant,4,4x4,synthetic_test
synthetic_standard_checkerboard_4_00105,synthetic,standard,checkerboard,4,4x4,synthetic_train
synthetic_standard_stripes_4_00106,synthetic,standard,stripes,4,4x4,synthetic_train
synthetic_standard_hotspot_4_00107,synthetic,standard,hotspot,4,4x4,synthetic_train
synthetic_standard_checkerboard_4_00108,synthetic,standard,checkerboard,4,4x4,synthetic_train
synthetic_standard_uniform_4_00109,synthetic,standard,uniform,4,4x4,synthetic_train
synthetic_standard_multihotspot_4_00110,synthetic,standard,multihotspot,4,4x4,synthetic_train
synthetic_standard_multihotspot_4_00111,synthetic,standard,multihotspot,4,4x4,synthetic_train
synthetic_standard_multihotspot_4_00112,synthetic,standard,multihotspot,4,4x4,synthetic_train
synthetic_standard_quadrant_4_00113,synthetic,standard,quadrant,4,4x4,synthetic_test
synthetic_standard_checkerboard_4_00114,synthetic,standard,checkerboard,4,4x4,synthetic_test
synthetic_standard_multihotspot_4_00115,synthetic,standard,multihotspot,4,4x4,synthetic_val
synthetic_standard_hotspot_4_00116,synthetic,standard,hotspot,4,4x4,synthetic_train
synthetic_standard_hotspot_4_00117,synthetic,standard,hotspot,4,4x4,synthetic_train
synthetic_standard_multihotspot_4_00118,synthetic,standard,multihotspot,4,4x4,synthetic_train
synthetic_standard_stripes_4_00119,synthetic,standard,stripes,4,4x4,synthetic_train
synthetic_standard_checkerboard_4_00120,synthetic,standard,checkerboard,4,4x4,synthetic_train
synthetic_standard_multihotspot_4_00121,synthetic,standard,multihotspot,4,4x4,synthetic_train
synthetic_standard_multihotspot_4_00122,synthetic,standard,multihotspot,4,4x4,synthetic_test
synthetic_standard_multihotspot_4_00123,synthetic,standard,multihotspot,4,4x4,synthetic_train
synthetic_standard_quadrant_4_00124,synthetic,standard,quadrant,4,4x4,synthetic_train
synthetic_systolic_hotspot_4_00000,synthetic,systolic,hotspot,4,4x4,synthetic_test
synthetic_systolic_checkerboard_4_00001,synthetic,systolic,checkerboard,4,4x4,synthetic_test
synthetic_systolic_banded_4_00002,synthetic,systolic,banded,4,4x4,synthetic_train
synthetic_systolic_wavefront_4_00003,synthetic,systolic,wavefront,4,4x4,synthetic_train
synthetic_systolic_hotspot_4_00004,synthetic,systolic,hotspot,4,4x4,synthetic_val
synthetic_systolic_checkerboard_4_00005,synthetic,systolic,checkerboard,4,4x4,synthetic_test
synthetic_systolic_uniform_4_00006,synthetic,systolic,uniform,4,4x4,synthetic_test
synthetic_systolic_uniform_4_00007,synthetic,systolic,uniform,4,4x4,synthetic_train
synthetic_systolic_wavefront_4_00008,synthetic,systolic,wavefront,4,4x4,synthetic_val
synthetic_systolic_wavefront_4_00009,synthetic,systolic,wavefront,4,4x4,synthetic_test
synthetic_systolic_banded_4_00010,synthetic,systolic,banded,4,4x4,synthetic_test
synthetic_systolic_hotspot_4_00011,synthetic,systolic,hotspot,4,4x4,synthetic_train
synthetic_systolic_uniform_4_00012,synthetic,systolic,uniform,4,4x4,synthetic_test
synthetic_systolic_checkerboard_4_00013,synthetic,systolic,checkerboard,4,4x4,synthetic_train
synthetic_systolic_uniform_4_00014,synthetic,systolic,uniform,4,4x4,synthetic_test
synthetic_systolic_hotspot_4_00015,synthetic,systolic,hotspot,4,4x4,synthetic_train
synthetic_systolic_hotspot_4_00016,synthetic,systolic,hotspot,4,4x4,synthetic_train
synthetic_systolic_uniform_4_00017,synthetic,systolic,uniform,4,4x4,synthetic_train
synthetic_systolic_checkerboard_4_00018,synthetic,systolic,checkerboard,4,4x4,synthetic_train
synthetic_systolic_uniform_4_00019,synthetic,systolic,uniform,4,4x4,synthetic_train
synthetic_systolic_wavefront_4_00020,synthetic,systolic,wavefront,4,4x4,synthetic_train
synthetic_systolic_hotspot_4_00021,synthetic,systolic,hotspot,4,4x4,synthetic_train
synthetic_systolic_hotspot_4_00022,synthetic,systolic,hotspot,4,4x4,synthetic_train
synthetic_systolic_uniform_4_00023,synthetic,systolic,uniform,4,4x4,synthetic_train
synthetic_systolic_uniform_4_00024,synthetic,systolic,uniform,4,4x4,synthetic_val
synthetic_systolic_hotspot_4_00025,synthetic,systolic,hotspot,4,4x4,synthetic_val
synthetic_systolic_wavefront_4_00026,synthetic,systolic,wavefront,4,4x4,synthetic_train
synthetic_systolic_banded_4_00027,synthetic,systolic,banded,4,4x4,synthetic_train
synthetic_systolic_wavefront_4_00028,synthetic,systolic,wavefront,4,4x4,synthetic_train
synthetic_systolic_wavefront_4_00029,synthetic,systolic,wavefront,4,4x4,synthetic_test
synthetic_systolic_hotspot_4_00030,synthetic,systolic,hotspot,4,4x4,synthetic_test
synthetic_systolic_uniform_4_00031,synthetic,systolic,uniform,4,4x4,synthetic_train
synthetic_systolic_uniform_4_00032,synthetic,systolic,uniform,4,4x4,synthetic_train
synthetic_systolic_uniform_4_00033,synthetic,systolic,uniform,4,4x4,synthetic_train
synthetic_systolic_banded_4_00034,synthetic,systolic,banded,4,4x4,synthetic_train
synthetic_systolic_hotspot_4_00035,synthetic,systolic,hotspot,4,4x4,synthetic_train
synthetic_systolic_banded_4_00036,synthetic,systolic,banded,4,4x4,synthetic_train
synthetic_systolic_hotspot_4_00037,synthetic,systolic,hotspot,4,4x4,synthetic_train
synthetic_systolic_hotspot_4_00038,synthetic,systolic,hotspot,4,4x4,synthetic_test
synthetic_systolic_uniform_4_00039,synthetic,systolic,uniform,4,4x4,synthetic_train
synthetic_systolic_checkerboard_4_00040,synthetic,systolic,checkerboard,4,4x4,synthetic_train
synthetic_systolic_wavefront_4_00041,synthetic,systolic,wavefront,4,4x4,synthetic_train
synthetic_systolic_checkerboard_4_00042,synthetic,systolic,checkerboard,4,4x4,synthetic_train
synthetic_systolic_hotspot_4_00043,synthetic,systolic,hotspot,4,4x4,synthetic_train
synthetic_systolic_uniform_4_00044,synthetic,systolic,uniform,4,4x4,synthetic_train
synthetic_systolic_uniform_4_00045,synthetic,systolic,uniform,4,4x4,synthetic_train
synthetic_systolic_hotspot_4_00046,synthetic,systolic,hotspot,4,4x4,synthetic_train
synthetic_systolic_hotspot_4_00047,synthetic,systolic,hotspot,4,4x4,synthetic_test
synthetic_systolic_uniform_4_00048,synthetic,systolic,uniform,4,4x4,synthetic_train
synthetic_systolic_uniform_4_00049,synthetic,systolic,uniform,4,4x4,synthetic_train
synthetic_systolic_checkerboard_4_00050,synthetic,systolic,checkerboard,4,4x4,synthetic_train
synthetic_systolic_checkerboard_4_00051,synthetic,systolic,checkerboard,4,4x4,synthetic_test
synthetic_systolic_uniform_4_00052,synthetic,systolic,uniform,4,4x4,synthetic_train
synthetic_systolic_uniform_4_00053,synthetic,systolic,uniform,4,4x4,synthetic_train
synthetic_systolic_hotspot_4_00054,synthetic,systolic,hotspot,4,4x4,synthetic_test
synthetic_systolic_wavefront_4_00055,synthetic,systolic,wavefront,4,4x4,synthetic_train
synthetic_systolic_uniform_4_00056,synthetic,systolic,uniform,4,4x4,synthetic_train
synthetic_systolic_banded_4_00057,synthetic,systolic,banded,4,4x4,synthetic_train
synthetic_systolic_uniform_4_00058,synthetic,systolic,uniform,4,4x4,synthetic_test
synthetic_systolic_hotspot_4_00059,synthetic,systolic,hotspot,4,4x4,synthetic_train
synthetic_systolic_hotspot_4_00060,synthetic,systolic,hotspot,4,4x4,synthetic_val
synthetic_systolic_uniform_4_00061,synthetic,systolic,uniform,4,4x4,synthetic_train
synthetic_systolic_checkerboard_4_00062,synthetic,systolic,checkerboard,4,4x4,synthetic_test
synthetic_systolic_hotspot_4_00063,synthetic,systolic,hotspot,4,4x4,synthetic_train
synthetic_systolic_checkerboard_4_00064,synthetic,systolic,checkerboard,4,4x4,synthetic_train
synthetic_systolic_hotspot_4_00065,synthetic,systolic,hotspot,4,4x4,synthetic_train
synthetic_systolic_checkerboard_4_00066,synthetic,systolic,checkerboard,4,4x4,synthetic_val
synthetic_systolic_uniform_4_00067,synthetic,systolic,uniform,4,4x4,synthetic_test
synthetic_systolic_uniform_4_00068,synthetic,systolic,uniform,4,4x4,synthetic_train
synthetic_systolic_checkerboard_4_00069,synthetic,systolic,checkerboard,4,4x4,synthetic_train
synthetic_systolic_hotspot_4_00070,synthetic,systolic,hotspot,4,4x4,synthetic_test
synthetic_systolic_checkerboard_4_00071,synthetic,systolic,checkerboard,4,4x4,synthetic_train
synthetic_systolic_uniform_4_00072,synthetic,systolic,uniform,4,4x4,synthetic_train
synthetic_systolic_hotspot_4_00073,synthetic,systolic,hotspot,4,4x4,synthetic_train
synthetic_systolic_hotspot_4_00074,synthetic,systolic,hotspot,4,4x4,synthetic_val
synthetic_systolic_checkerboard_4_00075,synthetic,systolic,checkerboard,4,4x4,synthetic_train
synthetic_systolic_hotspot_4_00076,synthetic,systolic,hotspot,4,4x4,synthetic_test
synthetic_systolic_hotspot_4_00077,synthetic,systolic,hotspot,4,4x4,synthetic_train
synthetic_systolic_banded_4_00078,synthetic,systolic,banded,4,4x4,synthetic_train
synthetic_systolic_banded_4_00079,synthetic,systolic,banded,4,4x4,synthetic_train
synthetic_systolic_wavefront_4_00080,synthetic,systolic,wavefront,4,4x4,synthetic_train
synthetic_systolic_banded_4_00081,synthetic,systolic,banded,4,4x4,synthetic_train
synthetic_systolic_checkerboard_4_00082,synthetic,systolic,checkerboard,4,4x4,synthetic_val
synthetic_systolic_wavefront_4_00083,synthetic,systolic,wavefront,4,4x4,synthetic_train
synthetic_systolic_checkerboard_4_00084,synthetic,systolic,checkerboard,4,4x4,synthetic_train
synthetic_systolic_hotspot_4_00085,synthetic,systolic,hotspot,4,4x4,synthetic_train
synthetic_systolic_hotspot_4_00086,synthetic,systolic,hotspot,4,4x4,synthetic_train
synthetic_systolic_hotspot_4_00087,synthetic,systolic,hotspot,4,4x4,synthetic_train
synthetic_systolic_uniform_4_00088,synthetic,systolic,uniform,4,4x4,synthetic_train
synthetic_systolic_banded_4_00089,synthetic,systolic,banded,4,4x4,synthetic_train
synthetic_systolic_banded_4_00090,synthetic,systolic,banded,4,4x4,synthetic_test
synthetic_systolic_banded_4_00091,synthetic,systolic,banded,4,4x4,synthetic_val
synthetic_systolic_hotspot_4_00092,synthetic,systolic,hotspot,4,4x4,synthetic_train
synthetic_systolic_banded_4_00093,synthetic,systolic,banded,4,4x4,synthetic_train
synthetic_systolic_checkerboard_4_00094,synthetic,systolic,checkerboard,4,4x4,synthetic_train
synthetic_systolic_banded_4_00095,synthetic,systolic,banded,4,4x4,synthetic_val
synthetic_systolic_uniform_4_00096,synthetic,systolic,uniform,4,4x4,synthetic_val
synthetic_systolic_hotspot_4_00097,synthetic,systolic,hotspot,4,4x4,synthetic_train
synthetic_systolic_hotspot_4_00098,synthetic,systolic,hotspot,4,4x4,synthetic_train
synthetic_systolic_uniform_4_00099,synthetic,systolic,uniform,4,4x4,synthetic_test
synthetic_systolic_uniform_4_00100,synthetic,systolic,uniform,4,4x4,synthetic_val
synthetic_systolic_wavefront_4_00101,synthetic,systolic,wavefront,4,4x4,synthetic_test
synthetic_systolic_banded_4_00102,synthetic,systolic,banded,4,4x4,synthetic_train
synthetic_systolic_hotspot_4_00103,synthetic,systolic,hotspot,4,4x4,synthetic_train
synthetic_systolic_wavefront_4_00104,synthetic,systolic,wavefront,4,4x4,synthetic_train
synthetic_systolic_checkerboard_4_00105,synthetic,systolic,checkerboard,4,4x4,synthetic_train
synthetic_systolic_uniform_4_00106,synthetic,systolic,uniform,4,4x4,synthetic_train
synthetic_systolic_hotspot_4_00107,synthetic,systolic,hotspot,4,4x4,synthetic_train
synthetic_systolic_uniform_4_00108,synthetic,systolic,uniform,4,4x4,synthetic_train
synthetic_systolic_uniform_4_00109,synthetic,systolic,uniform,4,4x4,synthetic_val
synthetic_systolic_banded_4_00110,synthetic,systolic,banded,4,4x4,synthetic_train
synthetic_systolic_uniform_4_00111,synthetic,systolic,uniform,4,4x4,synthetic_train
synthetic_systolic_hotspot_4_00112,synthetic,systolic,hotspot,4,4x4,synthetic_train
synthetic_systolic_uniform_4_00113,synthetic,systolic,uniform,4,4x4,synthetic_train
synthetic_systolic_banded_4_00114,synthetic,systolic,banded,4,4x4,synthetic_test
synthetic_systolic_uniform_4_00115,synthetic,systolic,uniform,4,4x4,synthetic_train
synthetic_systolic_banded_4_00116,synthetic,systolic,banded,4,4x4,synthetic_train
synthetic_systolic_hotspot_4_00117,synthetic,systolic,hotspot,4,4x4,synthetic_train
synthetic_systolic_hotspot_4_00118,synthetic,systolic,hotspot,4,4x4,synthetic_train
synthetic_systolic_uniform_4_00119,synthetic,systolic,uniform,4,4x4,synthetic_val
synthetic_systolic_uniform_4_00120,synthetic,systolic,uniform,4,4x4,synthetic_train
synthetic_systolic_hotspot_4_00121,synthetic,systolic,hotspot,4,4x4,synthetic_val
synthetic_systolic_hotspot_4_00122,synthetic,systolic,hotspot,4,4x4,synthetic_train
synthetic_systolic_checkerboard_4_00123,synthetic,systolic,checkerboard,4,4x4,synthetic_train
synthetic_systolic_banded_4_00124,synthetic,systolic,banded,4,4x4,synthetic_test
synthetic_standard_hotspot_8_00000,synthetic,standard,hotspot,8,8x8,synthetic_train
synthetic_standard_stripes_8_00001,synthetic,standard,stripes,8,8x8,synthetic_train
synthetic_standard_multihotspot_8_00002,synthetic,standard,multihotspot,8,8x8,synthetic_train
synthetic_standard_hotspot_8_00003,synthetic,standard,hotspot,8,8x8,synthetic_train
synthetic_standard_hotspot_8_00004,synthetic,standard,hotspot,8,8x8,synthetic_train
synthetic_standard_checkerboard_8_00005,synthetic,standard,checkerboard,8,8x8,synthetic_train
synthetic_standard_quadrant_8_00006,synthetic,standard,quadrant,8,8x8,synthetic_test
synthetic_standard_quadrant_8_00007,synthetic,standard,quadrant,8,8x8,synthetic_train
synthetic_standard_hotspot_8_00008,synthetic,standard,hotspot,8,8x8,synthetic_test
synthetic_standard_uniform_8_00009,synthetic,standard,uniform,8,8x8,synthetic_train
synthetic_standard_hotspot_8_00010,synthetic,standard,hotspot,8,8x8,synthetic_test
synthetic_standard_uniform_8_00011,synthetic,standard,uniform,8,8x8,synthetic_train
synthetic_standard_multihotspot_8_00012,synthetic,standard,multihotspot,8,8x8,synthetic_val
synthetic_standard_hotspot_8_00013,synthetic,standard,hotspot,8,8x8,synthetic_test
synthetic_standard_uniform_8_00014,synthetic,standard,uniform,8,8x8,synthetic_train
synthetic_standard_hotspot_8_00015,synthetic,standard,hotspot,8,8x8,synthetic_train
synthetic_standard_checkerboard_8_00016,synthetic,standard,checkerboard,8,8x8,synthetic_val
synthetic_standard_checkerboard_8_00017,synthetic,standard,checkerboard,8,8x8,synthetic_train
synthetic_standard_stripes_8_00018,synthetic,standard,stripes,8,8x8,synthetic_train
synthetic_standard_multihotspot_8_00019,synthetic,standard,multihotspot,8,8x8,synthetic_train
synthetic_standard_stripes_8_00020,synthetic,standard,stripes,8,8x8,synthetic_train
synthetic_standard_hotspot_8_00021,synthetic,standard,hotspot,8,8x8,synthetic_train
synthetic_standard_hotspot_8_00022,synthetic,standard,hotspot,8,8x8,synthetic_train
synthetic_standard_stripes_8_00023,synthetic,standard,stripes,8,8x8,synthetic_test
synthetic_standard_quadrant_8_00024,synthetic,standard,quadrant,8,8x8,synthetic_train
synthetic_standard_checkerboard_8_00025,synthetic,standard,checkerboard,8,8x8,synthetic_train
synthetic_standard_checkerboard_8_00026,synthetic,standard,checkerboard,8,8x8,synthetic_train
synthetic_standard_uniform_8_00027,synthetic,standard,uniform,8,8x8,synthetic_test
synthetic_standard_uniform_8_00028,synthetic,standard,uniform,8,8x8,synthetic_train
synthetic_standard_hotspot_8_00029,synthetic,standard,hotspot,8,8x8,synthetic_train
synthetic_standard_uniform_8_00030,synthetic,standard,uniform,8,8x8,synthetic_train
synthetic_standard_checkerboard_8_00031,synthetic,standard,checkerboard,8,8x8,synthetic_train
synthetic_standard_multihotspot_8_00032,synthetic,standard,multihotspot,8,8x8,synthetic_train
synthetic_standard_hotspot_8_00033,synthetic,standard,hotspot,8,8x8,synthetic_train
synthetic_standard_stripes_8_00034,synthetic,standard,stripes,8,8x8,synthetic_train
synthetic_standard_checkerboard_8_00035,synthetic,standard,checkerboard,8,8x8,synthetic_train
synthetic_standard_quadrant_8_00036,synthetic,standard,quadrant,8,8x8,synthetic_train
synthetic_standard_stripes_8_00037,synthetic,standard,stripes,8,8x8,synthetic_val
synthetic_standard_stripes_8_00038,synthetic,standard,stripes,8,8x8,synthetic_train
synthetic_standard_hotspot_8_00039,synthetic,standard,hotspot,8,8x8,synthetic_train
synthetic_standard_multihotspot_8_00040,synthetic,standard,multihotspot,8,8x8,synthetic_test
synthetic_standard_multihotspot_8_00041,synthetic,standard,multihotspot,8,8x8,synthetic_test
synthetic_standard_hotspot_8_00042,synthetic,standard,hotspot,8,8x8,synthetic_train
synthetic_standard_stripes_8_00043,synthetic,standard,stripes,8,8x8,synthetic_train
synthetic_standard_checkerboard_8_00044,synthetic,standard,checkerboard,8,8x8,synthetic_train
synthetic_standard_hotspot_8_00045,synthetic,standard,hotspot,8,8x8,synthetic_train
synthetic_standard_uniform_8_00046,synthetic,standard,uniform,8,8x8,synthetic_train
synthetic_standard_multihotspot_8_00047,synthetic,standard,multihotspot,8,8x8,synthetic_train
synthetic_standard_checkerboard_8_00048,synthetic,standard,checkerboard,8,8x8,synthetic_val
synthetic_standard_checkerboard_8_00049,synthetic,standard,checkerboard,8,8x8,synthetic_train
synthetic_standard_uniform_8_00050,synthetic,standard,uniform,8,8x8,synthetic_train
synthetic_standard_quadrant_8_00051,synthetic,standard,quadrant,8,8x8,synthetic_train
synthetic_standard_hotspot_8_00052,synthetic,standard,hotspot,8,8x8,synthetic_train
synthetic_standard_checkerboard_8_00053,synthetic,standard,checkerboard,8,8x8,synthetic_test
synthetic_standard_hotspot_8_00054,synthetic,standard,hotspot,8,8x8,synthetic_train
synthetic_standard_stripes_8_00055,synthetic,standard,stripes,8,8x8,synthetic_test
synthetic_standard_multihotspot_8_00056,synthetic,standard,multihotspot,8,8x8,synthetic_train
synthetic_standard_multihotspot_8_00057,synthetic,standard,multihotspot,8,8x8,synthetic_train
synthetic_standard_quadrant_8_00058,synthetic,standard,quadrant,8,8x8,synthetic_train
synthetic_standard_checkerboard_8_00059,synthetic,standard,checkerboard,8,8x8,synthetic_test
synthetic_standard_quadrant_8_00060,synthetic,standard,quadrant,8,8x8,synthetic_val
synthetic_standard_stripes_8_00061,synthetic,standard,stripes,8,8x8,synthetic_val
synthetic_standard_stripes_8_00062,synthetic,standard,stripes,8,8x8,synthetic_val
synthetic_standard_multihotspot_8_00063,synthetic,standard,multihotspot,8,8x8,synthetic_val
synthetic_standard_uniform_8_00064,synthetic,standard,uniform,8,8x8,synthetic_val
synthetic_standard_quadrant_8_00065,synthetic,standard,quadrant,8,8x8,synthetic_train
synthetic_standard_stripes_8_00066,synthetic,standard,stripes,8,8x8,synthetic_test
synthetic_standard_checkerboard_8_00067,synthetic,standard,checkerboard,8,8x8,synthetic_train
synthetic_standard_checkerboard_8_00068,synthetic,standard,checkerboard,8,8x8,synthetic_test
synthetic_standard_quadrant_8_00069,synthetic,standard,quadrant,8,8x8,synthetic_train
synthetic_standard_hotspot_8_00070,synthetic,standard,hotspot,8,8x8,synthetic_train
synthetic_standard_checkerboard_8_00071,synthetic,standard,checkerboard,8,8x8,synthetic_train
synthetic_standard_checkerboard_8_00072,synthetic,standard,checkerboard,8,8x8,synthetic_test
synthetic_standard_quadrant_8_00073,synthetic,standard,quadrant,8,8x8,synthetic_train
synthetic_standard_checkerboard_8_00074,synthetic,standard,checkerboard,8,8x8,synthetic_train
synthetic_standard_uniform_8_00075,synthetic,standard,uniform,8,8x8,synthetic_test
synthetic_standard_uniform_8_00076,synthetic,standard,uniform,8,8x8,synthetic_test
synthetic_standard_uniform_8_00077,synthetic,standard,uniform,8,8x8,synthetic_train
synthetic_standard_stripes_8_00078,synthetic,standard,stripes,8,8x8,synthetic_test
synthetic_standard_quadrant_8_00079,synthetic,standard,quadrant,8,8x8,synthetic_test
synthetic_standard_multihotspot_8_00080,synthetic,standard,multihotspot,8,8x8,synthetic_test
synthetic_standard_checkerboard_8_00081,synthetic,standard,checkerboard,8,8x8,synthetic_train
synthetic_standard_stripes_8_00082,synthetic,standard,stripes,8,8x8,synthetic_train
synthetic_standard_uniform_8_00083,synthetic,standard,uniform,8,8x8,synthetic_test
synthetic_standard_checkerboard_8_00084,synthetic,standard,checkerboard,8,8x8,synthetic_val
synthetic_standard_quadrant_8_00085,synthetic,standard,quadrant,8,8x8,synthetic_train
synthetic_standard_checkerboard_8_00086,synthetic,standard,checkerboard,8,8x8,synthetic_train
synthetic_standard_multihotspot_8_00087,synthetic,standard,multihotspot,8,8x8,synthetic_train
synthetic_standard_uniform_8_00088,synthetic,standard,uniform,8,8x8,synthetic_train
synthetic_standard_hotspot_8_00089,synthetic,standard,hotspot,8,8x8,synthetic_val
synthetic_standard_stripes_8_00090,synthetic,standard,stripes,8,8x8,synthetic_train
synthetic_standard_stripes_8_00091,synthetic,standard,stripes,8,8x8,synthetic_train
synthetic_standard_multihotspot_8_00092,synthetic,standard,multihotspot,8,8x8,synthetic_val
synthetic_standard_uniform_8_00093,synthetic,standard,uniform,8,8x8,synthetic_train
synthetic_standard_hotspot_8_00094,synthetic,standard,hotspot,8,8x8,synthetic_train
synthetic_standard_quadrant_8_00095,synthetic,standard,quadrant,8,8x8,synthetic_train
synthetic_standard_uniform_8_00096,synthetic,standard,uniform,8,8x8,synthetic_train
synthetic_standard_hotspot_8_00097,synthetic,standard,hotspot,8,8x8,synthetic_train
synthetic_standard_hotspot_8_00098,synthetic,standard,hotspot,8,8x8,synthetic_test
synthetic_standard_multihotspot_8_00099,synthetic,standard,multihotspot,8,8x8,synthetic_test
synthetic_standard_quadrant_8_00100,synthetic,standard,quadrant,8,8x8,synthetic_train
synthetic_standard_stripes_8_00101,synthetic,standard,stripes,8,8x8,synthetic_train
synthetic_standard_checkerboard_8_00102,synthetic,standard,checkerboard,8,8x8,synthetic_train
synthetic_standard_quadrant_8_00103,synthetic,standard,quadrant,8,8x8,synthetic_test
synthetic_standard_multihotspot_8_00104,synthetic,standard,multihotspot,8,8x8,synthetic_train
synthetic_standard_checkerboard_8_00105,synthetic,standard,checkerboard,8,8x8,synthetic_train
synthetic_standard_quadrant_8_00106,synthetic,standard,quadrant,8,8x8,synthetic_train
synthetic_standard_checkerboard_8_00107,synthetic,standard,checkerboard,8,8x8,synthetic_train
synthetic_standard_hotspot_8_00108,synthetic,standard,hotspot,8,8x8,synthetic_test
synthetic_standard_checkerboard_8_00109,synthetic,standard,checkerboard,8,8x8,synthetic_train
synthetic_standard_checkerboard_8_00110,synthetic,standard,checkerboard,8,8x8,synthetic_val
synthetic_standard_checkerboard_8_00111,synthetic,standard,checkerboard,8,8x8,synthetic_test
synthetic_standard_uniform_8_00112,synthetic,standard,uniform,8,8x8,synthetic_train
synthetic_standard_uniform_8_00113,synthetic,standard,uniform,8,8x8,synthetic_train
synthetic_standard_checkerboard_8_00114,synthetic,standard,checkerboard,8,8x8,synthetic_train
synthetic_standard_hotspot_8_00115,synthetic,standard,hotspot,8,8x8,synthetic_train
synthetic_standard_multihotspot_8_00116,synthetic,standard,multihotspot,8,8x8,synthetic_train
synthetic_standard_uniform_8_00117,synthetic,standard,uniform,8,8x8,synthetic_test
synthetic_standard_quadrant_8_00118,synthetic,standard,quadrant,8,8x8,synthetic_test
synthetic_standard_checkerboard_8_00119,synthetic,standard,checkerboard,8,8x8,synthetic_train
synthetic_standard_hotspot_8_00120,synthetic,standard,hotspot,8,8x8,synthetic_val
synthetic_standard_hotspot_8_00121,synthetic,standard,hotspot,8,8x8,synthetic_val
synthetic_standard_checkerboard_8_00122,synthetic,standard,checkerboard,8,8x8,synthetic_train
synthetic_standard_hotspot_8_00123,synthetic,standard,hotspot,8,8x8,synthetic_val
synthetic_standard_stripes_8_00124,synthetic,standard,stripes,8,8x8,synthetic_test
synthetic_standard_multihotspot_8_00125,synthetic,standard,multihotspot,8,8x8,synthetic_train
synthetic_standard_uniform_8_00126,synthetic,standard,uniform,8,8x8,synthetic_train
synthetic_standard_quadrant_8_00127,synthetic,standard,quadrant,8,8x8,synthetic_val
synthetic_standard_uniform_8_00128,synthetic,standard,uniform,8,8x8,synthetic_train
synthetic_standard_quadrant_8_00129,synthetic,standard,quadrant,8,8x8,synthetic_train
synthetic_standard_quadrant_8_00130,synthetic,standard,quadrant,8,8x8,synthetic_train
synthetic_standard_uniform_8_00131,synthetic,standard,uniform,8,8x8,synthetic_val
synthetic_standard_multihotspot_8_00132,synthetic,standard,multihotspot,8,8x8,synthetic_train
synthetic_standard_uniform_8_00133,synthetic,standard,uniform,8,8x8,synthetic_test
synthetic_standard_stripes_8_00134,synthetic,standard,stripes,8,8x8,synthetic_train
synthetic_standard_quadrant_8_00135,synthetic,standard,quadrant,8,8x8,synthetic_val
synthetic_standard_uniform_8_00136,synthetic,standard,uniform,8,8x8,synthetic_val
synthetic_standard_hotspot_8_00137,synthetic,standard,hotspot,8,8x8,synthetic_val
synthetic_standard_stripes_8_00138,synthetic,standard,stripes,8,8x8,synthetic_train
synthetic_standard_multihotspot_8_00139,synthetic,standard,multihotspot,8,8x8,synthetic_train
synthetic_standard_uniform_8_00140,synthetic,standard,uniform,8,8x8,synthetic_train
synthetic_standard_checkerboard_8_00141,synthetic,standard,checkerboard,8,8x8,synthetic_test
synthetic_standard_stripes_8_00142,synthetic,standard,stripes,8,8x8,synthetic_train
synthetic_standard_stripes_8_00143,synthetic,standard,stripes,8,8x8,synthetic_train
synthetic_standard_quadrant_8_00144,synthetic,standard,quadrant,8,8x8,synthetic_train
synthetic_standard_quadrant_8_00145,synthetic,standard,quadrant,8,8x8,synthetic_val
synthetic_standard_multihotspot_8_00146,synthetic,standard,multihotspot,8,8x8,synthetic_train
synthetic_standard_hotspot_8_00147,synthetic,standard,hotspot,8,8x8,synthetic_train
synthetic_standard_hotspot_8_00148,synthetic,standard,hotspot,8,8x8,synthetic_train
synthetic_standard_checkerboard_8_00149,synthetic,standard,checkerboard,8,8x8,synthetic_val
synthetic_standard_stripes_8_00150,synthetic,standard,stripes,8,8x8,synthetic_val
synthetic_standard_hotspot_8_00151,synthetic,standard,hotspot,8,8x8,synthetic_train
synthetic_standard_hotspot_8_00152,synthetic,standard,hotspot,8,8x8,synthetic_train
synthetic_standard_uniform_8_00153,synthetic,standard,uniform,8,8x8,synthetic_train
synthetic_standard_stripes_8_00154,synthetic,standard,stripes,8,8x8,synthetic_train
synthetic_standard_quadrant_8_00155,synthetic,standard,quadrant,8,8x8,synthetic_test
synthetic_standard_hotspot_8_00156,synthetic,standard,hotspot,8,8x8,synthetic_train
synthetic_standard_quadrant_8_00157,synthetic,standard,quadrant,8,8x8,synthetic_train
synthetic_standard_checkerboard_8_00158,synthetic,standard,checkerboard,8,8x8,synthetic_test
synthetic_standard_hotspot_8_00159,synthetic,standard,hotspot,8,8x8,synthetic_train
synthetic_standard_checkerboard_8_00160,synthetic,standard,checkerboard,8,8x8,synthetic_train
synthetic_standard_hotspot_8_00161,synthetic,standard,hotspot,8,8x8,synthetic_test
synthetic_standard_checkerboard_8_00162,synthetic,standard,checkerboard,8,8x8,synthetic_train
synthetic_standard_hotspot_8_00163,synthetic,standard,hotspot,8,8x8,synthetic_train
synthetic_standard_hotspot_8_00164,synthetic,standard,hotspot,8,8x8,synthetic_train
synthetic_standard_uniform_8_00165,synthetic,standard,uniform,8,8x8,synthetic_train
synthetic_standard_checkerboard_8_00166,synthetic,standard,checkerboard,8,8x8,synthetic_train
synthetic_standard_multihotspot_8_00167,synthetic,standard,multihotspot,8,8x8,synthetic_train
synthetic_standard_hotspot_8_00168,synthetic,standard,hotspot,8,8x8,synthetic_train
synthetic_standard_quadrant_8_00169,synthetic,standard,quadrant,8,8x8,synthetic_train
synthetic_standard_hotspot_8_00170,synthetic,standard,hotspot,8,8x8,synthetic_test
synthetic_standard_uniform_8_00171,synthetic,standard,uniform,8,8x8,synthetic_train
synthetic_standard_quadrant_8_00172,synthetic,standard,quadrant,8,8x8,synthetic_train
synthetic_standard_quadrant_8_00173,synthetic,standard,quadrant,8,8x8,synthetic_train
synthetic_standard_hotspot_8_00174,synthetic,standard,hotspot,8,8x8,synthetic_train
synthetic_standard_uniform_8_00175,synthetic,standard,uniform,8,8x8,synthetic_train
synthetic_standard_checkerboard_8_00176,synthetic,standard,checkerboard,8,8x8,synthetic_train
synthetic_standard_checkerboard_8_00177,synthetic,standard,checkerboard,8,8x8,synthetic_train
synthetic_standard_checkerboard_8_00178,synthetic,standard,checkerboard,8,8x8,synthetic_train
synthetic_standard_hotspot_8_00179,synthetic,standard,hotspot,8,8x8,synthetic_train
synthetic_standard_uniform_8_00180,synthetic,standard,uniform,8,8x8,synthetic_train
synthetic_standard_stripes_8_00181,synthetic,standard,stripes,8,8x8,synthetic_train
synthetic_standard_hotspot_8_00182,synthetic,standard,hotspot,8,8x8,synthetic_train
synthetic_standard_stripes_8_00183,synthetic,standard,stripes,8,8x8,synthetic_train
synthetic_standard_stripes_8_00184,synthetic,standard,stripes,8,8x8,synthetic_train
synthetic_standard_uniform_8_00185,synthetic,standard,uniform,8,8x8,synthetic_train
synthetic_standard_stripes_8_00186,synthetic,standard,stripes,8,8x8,synthetic_train
synthetic_standard_uniform_8_00187,synthetic,standard,uniform,8,8x8,synthetic_val
synthetic_standard_stripes_8_00188,synthetic,standard,stripes,8,8x8,synthetic_train
synthetic_standard_checkerboard_8_00189,synthetic,standard,checkerboard,8,8x8,synthetic_train
synthetic_standard_hotspot_8_00190,synthetic,standard,hotspot,8,8x8,synthetic_val
synthetic_standard_quadrant_8_00191,synthetic,standard,quadrant,8,8x8,synthetic_train
synthetic_standard_hotspot_8_00192,synthetic,standard,hotspot,8,8x8,synthetic_test
synthetic_standard_checkerboard_8_00193,synthetic,standard,checkerboard,8,8x8,synthetic_val
synthetic_standard_checkerboard_8_00194,synthetic,standard,checkerboard,8,8x8,synthetic_train
synthetic_standard_stripes_8_00195,synthetic,standard,stripes,8,8x8,synthetic_train
synthetic_standard_quadrant_8_00196,synthetic,standard,quadrant,8,8x8,synthetic_train
synthetic_standard_hotspot_8_00197,synthetic,standard,hotspot,8,8x8,synthetic_train
synthetic_standard_checkerboard_8_00198,synthetic,standard,checkerboard,8,8x8,synthetic_train
synthetic_standard_hotspot_8_00199,synthetic,standard,hotspot,8,8x8,synthetic_train
synthetic_systolic_wavefront_8_00000,synthetic,systolic,wavefront,8,8x8,synthetic_train
synthetic_systolic_checkerboard_8_00001,synthetic,systolic,checkerboard,8,8x8,synthetic_train
synthetic_systolic_banded_8_00002,synthetic,systolic,banded,8,8x8,synthetic_train
synthetic_systolic_checkerboard_8_00003,synthetic,systolic,checkerboard,8,8x8,synthetic_train
synthetic_systolic_hotspot_8_00004,synthetic,systolic,hotspot,8,8x8,synthetic_test
synthetic_systolic_hotspot_8_00005,synthetic,systolic,hotspot,8,8x8,synthetic_train
synthetic_systolic_uniform_8_00006,synthetic,systolic,uniform,8,8x8,synthetic_val
synthetic_systolic_banded_8_00007,synthetic,systolic,banded,8,8x8,synthetic_val
synthetic_systolic_hotspot_8_00008,synthetic,systolic,hotspot,8,8x8,synthetic_val
synthetic_systolic_checkerboard_8_00009,synthetic,systolic,checkerboard,8,8x8,synthetic_train
synthetic_systolic_uniform_8_00010,synthetic,systolic,uniform,8,8x8,synthetic_train
synthetic_systolic_hotspot_8_00011,synthetic,systolic,hotspot,8,8x8,synthetic_train
synthetic_systolic_banded_8_00012,synthetic,systolic,banded,8,8x8,synthetic_test
synthetic_systolic_checkerboard_8_00013,synthetic,systolic,checkerboard,8,8x8,synthetic_train
synthetic_systolic_uniform_8_00014,synthetic,systolic,uniform,8,8x8,synthetic_train
synthetic_systolic_checkerboard_8_00015,synthetic,systolic,checkerboard,8,8x8,synthetic_test
synthetic_systolic_hotspot_8_00016,synthetic,systolic,hotspot,8,8x8,synthetic_train
synthetic_systolic_wavefront_8_00017,synthetic,systolic,wavefront,8,8x8,synthetic_train
synthetic_systolic_banded_8_00018,synthetic,systolic,banded,8,8x8,synthetic_train
synthetic_systolic_wavefront_8_00019,synthetic,systolic,wavefront,8,8x8,synthetic_val
synthetic_systolic_wavefront_8_00020,synthetic,systolic,wavefront,8,8x8,synthetic_train
synthetic_systolic_uniform_8_00021,synthetic,systolic,uniform,8,8x8,synthetic_train
synthetic_systolic_wavefront_8_00022,synthetic,systolic,wavefront,8,8x8,synthetic_train
synthetic_systolic_banded_8_00023,synthetic,systolic,banded,8,8x8,synthetic_train
synthetic_systolic_wavefront_8_00024,synthetic,systolic,wavefront,8,8x8,synthetic_train
synthetic_systolic_uniform_8_00025,synthetic,systolic,uniform,8,8x8,synthetic_train
synthetic_systolic_banded_8_00026,synthetic,systolic,banded,8,8x8,synthetic_train
synthetic_systolic_uniform_8_00027,synthetic,systolic,uniform,8,8x8,synthetic_test
synthetic_systolic_uniform_8_00028,synthetic,systolic,uniform,8,8x8,synthetic_train
synthetic_systolic_wavefront_8_00029,synthetic,systolic,wavefront,8,8x8,synthetic_train
synthetic_systolic_banded_8_00030,synthetic,systolic,banded,8,8x8,synthetic_train
synthetic_systolic_checkerboard_8_00031,synthetic,systolic,checkerboard,8,8x8,synthetic_train
synthetic_systolic_wavefront_8_00032,synthetic,systolic,wavefront,8,8x8,synthetic_train
synthetic_systolic_wavefront_8_00033,synthetic,systolic,wavefront,8,8x8,synthetic_train
synthetic_systolic_hotspot_8_00034,synthetic,systolic,hotspot,8,8x8,synthetic_train
synthetic_systolic_hotspot_8_00035,synthetic,systolic,hotspot,8,8x8,synthetic_val
synthetic_systolic_banded_8_00036,synthetic,systolic,banded,8,8x8,synthetic_train
synthetic_systolic_uniform_8_00037,synthetic,systolic,uniform,8,8x8,synthetic_test
synthetic_systolic_uniform_8_00038,synthetic,systolic,uniform,8,8x8,synthetic_test
synthetic_systolic_banded_8_00039,synthetic,systolic,banded,8,8x8,synthetic_train
synthetic_systolic_hotspot_8_00040,synthetic,systolic,hotspot,8,8x8,synthetic_test
synthetic_systolic_uniform_8_00041,synthetic,systolic,uniform,8,8x8,synthetic_val
synthetic_systolic_hotspot_8_00042,synthetic,systolic,hotspot,8,8x8,synthetic_train
synthetic_systolic_uniform_8_00043,synthetic,systolic,uniform,8,8x8,synthetic_train
synthetic_systolic_banded_8_00044,synthetic,systolic,banded,8,8x8,synthetic_train
synthetic_systolic_uniform_8_00045,synthetic,systolic,uniform,8,8x8,synthetic_train
synthetic_systolic_wavefront_8_00046,synthetic,systolic,wavefront,8,8x8,synthetic_val
synthetic_systolic_uniform_8_00047,synthetic,systolic,uniform,8,8x8,synthetic_train
synthetic_systolic_uniform_8_00048,synthetic,systolic,uniform,8,8x8,synthetic_train
synthetic_systolic_banded_8_00049,synthetic,systolic,banded,8,8x8,synthetic_train
synthetic_systolic_hotspot_8_00050,synthetic,systolic,hotspot,8,8x8,synthetic_train
synthetic_systolic_banded_8_00051,synthetic,systolic,banded,8,8x8,synthetic_test
synthetic_systolic_uniform_8_00052,synthetic,systolic,uniform,8,8x8,synthetic_train
synthetic_systolic_hotspot_8_00053,synthetic,systolic,hotspot,8,8x8,synthetic_train
synthetic_systolic_checkerboard_8_00054,synthetic,systolic,checkerboard,8,8x8,synthetic_train
synthetic_systolic_checkerboard_8_00055,synthetic,systolic,checkerboard,8,8x8,synthetic_train
synthetic_systolic_checkerboard_8_00056,synthetic,systolic,checkerboard,8,8x8,synthetic_train
synthetic_systolic_hotspot_8_00057,synthetic,systolic,hotspot,8,8x8,synthetic_train
synthetic_systolic_checkerboard_8_00058,synthetic,systolic,checkerboard,8,8x8,synthetic_test
synthetic_systolic_uniform_8_00059,synthetic,systolic,uniform,8,8x8,synthetic_train
synthetic_systolic_uniform_8_00060,synthetic,systolic,uniform,8,8x8,synthetic_train
synthetic_systolic_hotspot_8_00061,synthetic,systolic,hotspot,8,8x8,synthetic_test
synthetic_systolic_hotspot_8_00062,synthetic,systolic,hotspot,8,8x8,synthetic_train
synthetic_systolic_uniform_8_00063,synthetic,systolic,uniform,8,8x8,synthetic_train
synthetic_systolic_wavefront_8_00064,synthetic,systolic,wavefront,8,8x8,synthetic_train
synthetic_systolic_wavefront_8_00065,synthetic,systolic,wavefront,8,8x8,synthetic_train
synthetic_systolic_checkerboard_8_00066,synthetic,systolic,checkerboard,8,8x8,synthetic_train
synthetic_systolic_wavefront_8_00067,synthetic,systolic,wavefront,8,8x8,synthetic_train
synthetic_systolic_hotspot_8_00068,synthetic,systolic,hotspot,8,8x8,synthetic_test
synthetic_systolic_hotspot_8_00069,synthetic,systolic,hotspot,8,8x8,synthetic_train
synthetic_systolic_uniform_8_00070,synthetic,systolic,uniform,8,8x8,synthetic_train
synthetic_systolic_banded_8_00071,synthetic,systolic,banded,8,8x8,synthetic_test
synthetic_systolic_wavefront_8_00072,synthetic,systolic,wavefront,8,8x8,synthetic_train
synthetic_systolic_wavefront_8_00073,synthetic,systolic,wavefront,8,8x8,synthetic_val
synthetic_systolic_checkerboard_8_00074,synthetic,systolic,checkerboard,8,8x8,synthetic_val
synthetic_systolic_hotspot_8_00075,synthetic,systolic,hotspot,8,8x8,synthetic_train
synthetic_systolic_banded_8_00076,synthetic,systolic,banded,8,8x8,synthetic_train
synthetic_systolic_hotspot_8_00077,synthetic,systolic,hotspot,8,8x8,synthetic_train
synthetic_systolic_hotspot_8_00078,synthetic,systolic,hotspot,8,8x8,synthetic_test
synthetic_systolic_wavefront_8_00079,synthetic,systolic,wavefront,8,8x8,synthetic_train
synthetic_systolic_hotspot_8_00080,synthetic,systolic,hotspot,8,8x8,synthetic_train
synthetic_systolic_checkerboard_8_00081,synthetic,systolic,checkerboard,8,8x8,synthetic_test
synthetic_systolic_hotspot_8_00082,synthetic,systolic,hotspot,8,8x8,synthetic_test
synthetic_systolic_wavefront_8_00083,synthetic,systolic,wavefront,8,8x8,synthetic_train
synthetic_systolic_hotspot_8_00084,synthetic,systolic,hotspot,8,8x8,synthetic_test
synthetic_systolic_wavefront_8_00085,synthetic,systolic,wavefront,8,8x8,synthetic_test
synthetic_systolic_uniform_8_00086,synthetic,systolic,uniform,8,8x8,synthetic_val
synthetic_systolic_checkerboard_8_00087,synthetic,systolic,checkerboard,8,8x8,synthetic_train
synthetic_systolic_checkerboard_8_00088,synthetic,systolic,checkerboard,8,8x8,synthetic_train
synthetic_systolic_wavefront_8_00089,synthetic,systolic,wavefront,8,8x8,synthetic_train
synthetic_systolic_wavefront_8_00090,synthetic,systolic,wavefront,8,8x8,synthetic_train
synthetic_systolic_banded_8_00091,synthetic,systolic,banded,8,8x8,synthetic_val
synthetic_systolic_banded_8_00092,synthetic,systolic,banded,8,8x8,synthetic_train
synthetic_systolic_hotspot_8_00093,synthetic,systolic,hotspot,8,8x8,synthetic_train
synthetic_systolic_uniform_8_00094,synthetic,systolic,uniform,8,8x8,synthetic_val
synthetic_systolic_wavefront_8_00095,synthetic,systolic,wavefront,8,8x8,synthetic_train
synthetic_systolic_banded_8_00096,synthetic,systolic,banded,8,8x8,synthetic_train
synthetic_systolic_hotspot_8_00097,synthetic,systolic,hotspot,8,8x8,synthetic_train
synthetic_systolic_uniform_8_00098,synthetic,systolic,uniform,8,8x8,synthetic_val
synthetic_systolic_uniform_8_00099,synthetic,systolic,uniform,8,8x8,synthetic_train
synthetic_systolic_uniform_8_00100,synthetic,systolic,uniform,8,8x8,synthetic_test
synthetic_systolic_checkerboard_8_00101,synthetic,systolic,checkerboard,8,8x8,synthetic_val
synthetic_systolic_uniform_8_00102,synthetic,systolic,uniform,8,8x8,synthetic_test
synthetic_systolic_wavefront_8_00103,synthetic,systolic,wavefront,8,8x8,synthetic_train
synthetic_systolic_hotspot_8_00104,synthetic,systolic,hotspot,8,8x8,synthetic_test
synthetic_systolic_hotspot_8_00105,synthetic,systolic,hotspot,8,8x8,synthetic_train
synthetic_systolic_hotspot_8_00106,synthetic,systolic,hotspot,8,8x8,synthetic_val
synthetic_systolic_checkerboard_8_00107,synthetic,systolic,checkerboard,8,8x8,synthetic_train
synthetic_systolic_banded_8_00108,synthetic,systolic,banded,8,8x8,synthetic_train
synthetic_systolic_checkerboard_8_00109,synthetic,systolic,checkerboard,8,8x8,synthetic_train
synthetic_systolic_hotspot_8_00110,synthetic,systolic,hotspot,8,8x8,synthetic_train
synthetic_systolic_uniform_8_00111,synthetic,systolic,uniform,8,8x8,synthetic_train
synthetic_systolic_uniform_8_00112,synthetic,systolic,uniform,8,8x8,synthetic_train
synthetic_systolic_wavefront_8_00113,synthetic,systolic,wavefront,8,8x8,synthetic_train
synthetic_systolic_checkerboard_8_00114,synthetic,systolic,checkerboard,8,8x8,synthetic_train
synthetic_systolic_hotspot_8_00115,synthetic,systolic,hotspot,8,8x8,synthetic_train
synthetic_systolic_wavefront_8_00116,synthetic,systolic,wavefront,8,8x8,synthetic_test
synthetic_systolic_hotspot_8_00117,synthetic,systolic,hotspot,8,8x8,synthetic_train
synthetic_systolic_banded_8_00118,synthetic,systolic,banded,8,8x8,synthetic_test
synthetic_systolic_uniform_8_00119,synthetic,systolic,uniform,8,8x8,synthetic_train
synthetic_systolic_hotspot_8_00120,synthetic,systolic,hotspot,8,8x8,synthetic_val
synthetic_systolic_hotspot_8_00121,synthetic,systolic,hotspot,8,8x8,synthetic_train
synthetic_systolic_uniform_8_00122,synthetic,systolic,uniform,8,8x8,synthetic_train
synthetic_systolic_uniform_8_00123,synthetic,systolic,uniform,8,8x8,synthetic_train
synthetic_systolic_banded_8_00124,synthetic,systolic,banded,8,8x8,synthetic_train
synthetic_systolic_hotspot_8_00125,synthetic,systolic,hotspot,8,8x8,synthetic_val
synthetic_systolic_hotspot_8_00126,synthetic,systolic,hotspot,8,8x8,synthetic_train
synthetic_systolic_banded_8_00127,synthetic,systolic,banded,8,8x8,synthetic_train
synthetic_systolic_wavefront_8_00128,synthetic,systolic,wavefront,8,8x8,synthetic_test
synthetic_systolic_uniform_8_00129,synthetic,systolic,uniform,8,8x8,synthetic_train
synthetic_systolic_banded_8_00130,synthetic,systolic,banded,8,8x8,synthetic_test
synthetic_systolic_checkerboard_8_00131,synthetic,systolic,checkerboard,8,8x8,synthetic_test
synthetic_systolic_hotspot_8_00132,synthetic,systolic,hotspot,8,8x8,synthetic_val
synthetic_systolic_checkerboard_8_00133,synthetic,systolic,checkerboard,8,8x8,synthetic_train
synthetic_systolic_banded_8_00134,synthetic,systolic,banded,8,8x8,synthetic_val
synthetic_systolic_hotspot_8_00135,synthetic,systolic,hotspot,8,8x8,synthetic_train
synthetic_systolic_uniform_8_00136,synthetic,systolic,uniform,8,8x8,synthetic_train
synthetic_systolic_hotspot_8_00137,synthetic,systolic,hotspot,8,8x8,synthetic_train
synthetic_systolic_wavefront_8_00138,synthetic,systolic,wavefront,8,8x8,synthetic_train
synthetic_systolic_banded_8_00139,synthetic,systolic,banded,8,8x8,synthetic_train
synthetic_systolic_wavefront_8_00140,synthetic,systolic,wavefront,8,8x8,synthetic_test
synthetic_systolic_banded_8_00141,synthetic,systolic,banded,8,8x8,synthetic_val
synthetic_systolic_uniform_8_00142,synthetic,systolic,uniform,8,8x8,synthetic_train
synthetic_systolic_checkerboard_8_00143,synthetic,systolic,checkerboard,8,8x8,synthetic_train
synthetic_systolic_hotspot_8_00144,synthetic,systolic,hotspot,8,8x8,synthetic_train
synthetic_systolic_hotspot_8_00145,synthetic,systolic,hotspot,8,8x8,synthetic_val
synthetic_systolic_checkerboard_8_00146,synthetic,systolic,checkerboard,8,8x8,synthetic_train
synthetic_systolic_hotspot_8_00147,synthetic,systolic,hotspot,8,8x8,synthetic_train
synthetic_systolic_checkerboard_8_00148,synthetic,systolic,checkerboard,8,8x8,synthetic_train
synthetic_systolic_uniform_8_00149,synthetic,systolic,uniform,8,8x8,synthetic_train
synthetic_systolic_wavefront_8_00150,synthetic,systolic,wavefront,8,8x8,synthetic_val
synthetic_systolic_checkerboard_8_00151,synthetic,systolic,checkerboard,8,8x8,synthetic_val
synthetic_systolic_checkerboard_8_00152,synthetic,systolic,checkerboard,8,8x8,synthetic_val
synthetic_systolic_banded_8_00153,synthetic,systolic,banded,8,8x8,synthetic_train
synthetic_systolic_uniform_8_00154,synthetic,systolic,uniform,8,8x8,synthetic_train
synthetic_systolic_wavefront_8_00155,synthetic,systolic,wavefront,8,8x8,synthetic_train
synthetic_systolic_wavefront_8_00156,synthetic,systolic,wavefront,8,8x8,synthetic_val
synthetic_systolic_banded_8_00157,synthetic,systolic,banded,8,8x8,synthetic_train
synthetic_systolic_hotspot_8_00158,synthetic,systolic,hotspot,8,8x8,synthetic_train
synthetic_systolic_uniform_8_00159,synthetic,systolic,uniform,8,8x8,synthetic_train
synthetic_systolic_hotspot_8_00160,synthetic,systolic,hotspot,8,8x8,synthetic_train
synthetic_systolic_hotspot_8_00161,synthetic,systolic,hotspot,8,8x8,synthetic_train
synthetic_systolic_uniform_8_00162,synthetic,systolic,uniform,8,8x8,synthetic_val
synthetic_systolic_uniform_8_00163,synthetic,systolic,uniform,8,8x8,synthetic_train
synthetic_systolic_uniform_8_00164,synthetic,systolic,uniform,8,8x8,synthetic_test
synthetic_systolic_checkerboard_8_00165,synthetic,systolic,checkerboard,8,8x8,synthetic_train
synthetic_systolic_uniform_8_00166,synthetic,systolic,uniform,8,8x8,synthetic_train
synthetic_systolic_hotspot_8_00167,synthetic,systolic,hotspot,8,8x8,synthetic_train
synthetic_systolic_wavefront_8_00168,synthetic,systolic,wavefront,8,8x8,synthetic_test
synthetic_systolic_uniform_8_00169,synthetic,systolic,uniform,8,8x8,synthetic_val
synthetic_systolic_uniform_8_00170,synthetic,systolic,uniform,8,8x8,synthetic_test
synthetic_systolic_wavefront_8_00171,synthetic,systolic,wavefront,8,8x8,synthetic_train
synthetic_systolic_wavefront_8_00172,synthetic,systolic,wavefront,8,8x8,synthetic_train
synthetic_systolic_hotspot_8_00173,synthetic,systolic,hotspot,8,8x8,synthetic_test
synthetic_systolic_uniform_8_00174,synthetic,systolic,uniform,8,8x8,synthetic_train
synthetic_systolic_banded_8_00175,synthetic,systolic,banded,8,8x8,synthetic_train
synthetic_systolic_banded_8_00176,synthetic,systolic,banded,8,8x8,synthetic_train
synthetic_systolic_wavefront_8_00177,synthetic,systolic,wavefront,8,8x8,synthetic_train
synthetic_systolic_wavefront_8_00178,synthetic,systolic,wavefront,8,8x8,synthetic_test
synthetic_systolic_hotspot_8_00179,synthetic,systolic,hotspot,8,8x8,synthetic_train
synthetic_systolic_uniform_8_00180,synthetic,systolic,uniform,8,8x8,synthetic_train
synthetic_systolic_uniform_8_00181,synthetic,systolic,uniform,8,8x8,synthetic_train
synthetic_systolic_hotspot_8_00182,synthetic,systolic,hotspot,8,8x8,synthetic_train
synthetic_systolic_uniform_8_00183,synthetic,systolic,uniform,8,8x8,synthetic_train
synthetic_systolic_banded_8_00184,synthetic,systolic,banded,8,8x8,synthetic_train
synthetic_systolic_checkerboard_8_00185,synthetic,systolic,checkerboard,8,8x8,synthetic_train
synthetic_systolic_banded_8_00186,synthetic,systolic,banded,8,8x8,synthetic_test
synthetic_systolic_hotspot_8_00187,synthetic,systolic,hotspot,8,8x8,synthetic_train
synthetic_systolic_wavefront_8_00188,synthetic,systolic,wavefront,8,8x8,synthetic_train
synthetic_systolic_uniform_8_00189,synthetic,systolic,uniform,8,8x8,synthetic_train
synthetic_systolic_uniform_8_00190,synthetic,systolic,uniform,8,8x8,synthetic_train
synthetic_systolic_checkerboard_8_00191,synthetic,systolic,checkerboard,8,8x8,synthetic_test
synthetic_systolic_banded_8_00192,synthetic,systolic,banded,8,8x8,synthetic_train
synthetic_systolic_uniform_8_00193,synthetic,systolic,uniform,8,8x8,synthetic_test
synthetic_systolic_wavefront_8_00194,synthetic,systolic,wavefront,8,8x8,synthetic_test
synthetic_systolic_wavefront_8_00195,synthetic,systolic,wavefront,8,8x8,synthetic_train
synthetic_systolic_hotspot_8_00196,synthetic,systolic,hotspot,8,8x8,synthetic_train
synthetic_systolic_hotspot_8_00197,synthetic,systolic,hotspot,8,8x8,synthetic_train
synthetic_systolic_uniform_8_00198,synthetic,systolic,uniform,8,8x8,synthetic_train
synthetic_systolic_hotspot_8_00199,synthetic,systolic,hotspot,8,8x8,synthetic_train
synthetic_standard_checkerboard_16_00000,synthetic,standard,checkerboard,16,16x16,synthetic_val
synthetic_standard_hotspot_16_00001,synthetic,standard,hotspot,16,16x16,synthetic_train
synthetic_standard_stripes_16_00002,synthetic,standard,stripes,16,16x16,synthetic_val
synthetic_standard_stripes_16_00003,synthetic,standard,stripes,16,16x16,synthetic_train
synthetic_standard_checkerboard_16_00004,synthetic,standard,checkerboard,16,16x16,synthetic_test
synthetic_standard_uniform_16_00005,synthetic,standard,uniform,16,16x16,synthetic_train
synthetic_standard_hotspot_16_00006,synthetic,standard,hotspot,16,16x16,synthetic_test
synthetic_standard_uniform_16_00007,synthetic,standard,uniform,16,16x16,synthetic_train
synthetic_standard_uniform_16_00008,synthetic,standard,uniform,16,16x16,synthetic_train
synthetic_standard_checkerboard_16_00009,synthetic,standard,checkerboard,16,16x16,synthetic_test
synthetic_standard_uniform_16_00010,synthetic,standard,uniform,16,16x16,synthetic_train
synthetic_standard_uniform_16_00011,synthetic,standard,uniform,16,16x16,synthetic_train
synthetic_standard_checkerboard_16_00012,synthetic,standard,checkerboard,16,16x16,synthetic_train
synthetic_standard_uniform_16_00013,synthetic,standard,uniform,16,16x16,synthetic_train
synthetic_standard_uniform_16_00014,synthetic,standard,uniform,16,16x16,synthetic_train
synthetic_standard_uniform_16_00015,synthetic,standard,uniform,16,16x16,synthetic_val
synthetic_standard_multihotspot_16_00016,synthetic,standard,multihotspot,16,16x16,synthetic_train
synthetic_standard_hotspot_16_00017,synthetic,standard,hotspot,16,16x16,synthetic_test
synthetic_standard_multihotspot_16_00018,synthetic,standard,multihotspot,16,16x16,synthetic_val
synthetic_standard_multihotspot_16_00019,synthetic,standard,multihotspot,16,16x16,synthetic_train
synthetic_standard_uniform_16_00020,synthetic,standard,uniform,16,16x16,synthetic_val
synthetic_standard_multihotspot_16_00021,synthetic,standard,multihotspot,16,16x16,synthetic_train
synthetic_standard_checkerboard_16_00022,synthetic,standard,checkerboard,16,16x16,synthetic_train
synthetic_standard_multihotspot_16_00023,synthetic,standard,multihotspot,16,16x16,synthetic_test
synthetic_standard_stripes_16_00024,synthetic,standard,stripes,16,16x16,synthetic_train
synthetic_standard_checkerboard_16_00025,synthetic,standard,checkerboard,16,16x16,synthetic_train
synthetic_standard_quadrant_16_00026,synthetic,standard,quadrant,16,16x16,synthetic_train
synthetic_standard_quadrant_16_00027,synthetic,standard,quadrant,16,16x16,synthetic_train
synthetic_standard_uniform_16_00028,synthetic,standard,uniform,16,16x16,synthetic_train
synthetic_standard_checkerboard_16_00029,synthetic,standard,checkerboard,16,16x16,synthetic_val
synthetic_standard_quadrant_16_00030,synthetic,standard,quadrant,16,16x16,synthetic_train
synthetic_standard_hotspot_16_00031,synthetic,standard,hotspot,16,16x16,synthetic_train
synthetic_standard_hotspot_16_00032,synthetic,standard,hotspot,16,16x16,synthetic_train
synthetic_standard_stripes_16_00033,synthetic,standard,stripes,16,16x16,synthetic_train
synthetic_standard_quadrant_16_00034,synthetic,standard,quadrant,16,16x16,synthetic_test
synthetic_standard_uniform_16_00035,synthetic,standard,uniform,16,16x16,synthetic_test
synthetic_standard_uniform_16_00036,synthetic,standard,uniform,16,16x16,synthetic_val
synthetic_standard_uniform_16_00037,synthetic,standard,uniform,16,16x16,synthetic_train
synthetic_standard_uniform_16_00038,synthetic,standard,uniform,16,16x16,synthetic_train
synthetic_standard_stripes_16_00039,synthetic,standard,stripes,16,16x16,synthetic_train
synthetic_standard_hotspot_16_00040,synthetic,standard,hotspot,16,16x16,synthetic_train
synthetic_standard_uniform_16_00041,synthetic,standard,uniform,16,16x16,synthetic_train
synthetic_standard_hotspot_16_00042,synthetic,standard,hotspot,16,16x16,synthetic_val
synthetic_standard_hotspot_16_00043,synthetic,standard,hotspot,16,16x16,synthetic_train
synthetic_standard_quadrant_16_00044,synthetic,standard,quadrant,16,16x16,synthetic_train
synthetic_standard_multihotspot_16_00045,synthetic,standard,multihotspot,16,16x16,synthetic_test
synthetic_standard_hotspot_16_00046,synthetic,standard,hotspot,16,16x16,synthetic_train
synthetic_standard_multihotspot_16_00047,synthetic,standard,multihotspot,16,16x16,synthetic_test
synthetic_standard_multihotspot_16_00048,synthetic,standard,multihotspot,16,16x16,synthetic_train
synthetic_standard_stripes_16_00049,synthetic,standard,stripes,16,16x16,synthetic_train
synthetic_standard_quadrant_16_00050,synthetic,standard,quadrant,16,16x16,synthetic_train
synthetic_standard_uniform_16_00051,synthetic,standard,uniform,16,16x16,synthetic_val
synthetic_standard_stripes_16_00052,synthetic,standard,stripes,16,16x16,synthetic_train
synthetic_standard_uniform_16_00053,synthetic,standard,uniform,16,16x16,synthetic_train
synthetic_standard_checkerboard_16_00054,synthetic,standard,checkerboard,16,16x16,synthetic_train
synthetic_standard_checkerboard_16_00055,synthetic,standard,checkerboard,16,16x16,synthetic_test
synthetic_standard_hotspot_16_00056,synthetic,standard,hotspot,16,16x16,synthetic_val
synthetic_standard_uniform_16_00057,synthetic,standard,uniform,16,16x16,synthetic_train
synthetic_standard_stripes_16_00058,synthetic,standard,stripes,16,16x16,synthetic_train
synthetic_standard_checkerboard_16_00059,synthetic,standard,checkerboard,16,16x16,synthetic_train
synthetic_standard_checkerboard_16_00060,synthetic,standard,checkerboard,16,16x16,synthetic_train
synthetic_standard_multihotspot_16_00061,synthetic,standard,multihotspot,16,16x16,synthetic_val
synthetic_standard_quadrant_16_00062,synthetic,standard,quadrant,16,16x16,synthetic_train
synthetic_standard_hotspot_16_00063,synthetic,standard,hotspot,16,16x16,synthetic_train
synthetic_standard_uniform_16_00064,synthetic,standard,uniform,16,16x16,synthetic_train
synthetic_standard_checkerboard_16_00065,synthetic,standard,checkerboard,16,16x16,synthetic_val
synthetic_standard_multihotspot_16_00066,synthetic,standard,multihotspot,16,16x16,synthetic_train
synthetic_standard_multihotspot_16_00067,synthetic,standard,multihotspot,16,16x16,synthetic_train
synthetic_standard_uniform_16_00068,synthetic,standard,uniform,16,16x16,synthetic_val
synthetic_standard_checkerboard_16_00069,synthetic,standard,checkerboard,16,16x16,synthetic_val
synthetic_standard_checkerboard_16_00070,synthetic,standard,checkerboard,16,16x16,synthetic_test
synthetic_standard_multihotspot_16_00071,synthetic,standard,multihotspot,16,16x16,synthetic_train
synthetic_standard_stripes_16_00072,synthetic,standard,stripes,16,16x16,synthetic_train
synthetic_standard_checkerboard_16_00073,synthetic,standard,checkerboard,16,16x16,synthetic_test
synthetic_standard_uniform_16_00074,synthetic,standard,uniform,16,16x16,synthetic_train
synthetic_standard_multihotspot_16_00075,synthetic,standard,multihotspot,16,16x16,synthetic_train
synthetic_standard_uniform_16_00076,synthetic,standard,uniform,16,16x16,synthetic_train
synthetic_standard_checkerboard_16_00077,synthetic,standard,checkerboard,16,16x16,synthetic_train
synthetic_standard_quadrant_16_00078,synthetic,standard,quadrant,16,16x16,synthetic_train
synthetic_standard_quadrant_16_00079,synthetic,standard,quadrant,16,16x16,synthetic_train
synthetic_standard_multihotspot_16_00080,synthetic,standard,multihotspot,16,16x16,synthetic_train
synthetic_standard_quadrant_16_00081,synthetic,standard,quadrant,16,16x16,synthetic_train
synthetic_standard_stripes_16_00082,synthetic,standard,stripes,16,16x16,synthetic_test
synthetic_standard_quadrant_16_00083,synthetic,standard,quadrant,16,16x16,synthetic_test
synthetic_standard_uniform_16_00084,synthetic,standard,uniform,16,16x16,synthetic_test
synthetic_standard_multihotspot_16_00085,synthetic,standard,multihotspot,16,16x16,synthetic_train
synthetic_standard_multihotspot_16_00086,synthetic,standard,multihotspot,16,16x16,synthetic_train
synthetic_standard_quadrant_16_00087,synthetic,standard,quadrant,16,16x16,synthetic_train
synthetic_standard_hotspot_16_00088,synthetic,standard,hotspot,16,16x16,synthetic_train
synthetic_standard_checkerboard_16_00089,synthetic,standard,checkerboard,16,16x16,synthetic_train
synthetic_standard_hotspot_16_00090,synthetic,standard,hotspot,16,16x16,synthetic_train
synthetic_standard_checkerboard_16_00091,synthetic,standard,checkerboard,16,16x16,synthetic_train
synthetic_standard_stripes_16_00092,synthetic,standard,stripes,16,16x16,synthetic_train
synthetic_standard_stripes_16_00093,synthetic,standard,stripes,16,16x16,synthetic_val
synthetic_standard_hotspot_16_00094,synthetic,standard,hotspot,16,16x16,synthetic_test
synthetic_standard_uniform_16_00095,synthetic,standard,uniform,16,16x16,synthetic_train
synthetic_standard_quadrant_16_00096,synthetic,standard,quadrant,16,16x16,synthetic_train
synthetic_standard_quadrant_16_00097,synthetic,standard,quadrant,16,16x16,synthetic_val
synthetic_standard_checkerboard_16_00098,synthetic,standard,checkerboard,16,16x16,synthetic_train
synthetic_standard_checkerboard_16_00099,synthetic,standard,checkerboard,16,16x16,synthetic_val
synthetic_standard_hotspot_16_00100,synthetic,standard,hotspot,16,16x16,synthetic_val
synthetic_standard_uniform_16_00101,synthetic,standard,uniform,16,16x16,synthetic_train
synthetic_standard_uniform_16_00102,synthetic,standard,uniform,16,16x16,synthetic_train
synthetic_standard_hotspot_16_00103,synthetic,standard,hotspot,16,16x16,synthetic_train
synthetic_standard_hotspot_16_00104,synthetic,standard,hotspot,16,16x16,synthetic_train
synthetic_standard_quadrant_16_00105,synthetic,standard,quadrant,16,16x16,synthetic_train
synthetic_standard_multihotspot_16_00106,synthetic,standard,multihotspot,16,16x16,synthetic_train
synthetic_standard_multihotspot_16_00107,synthetic,standard,multihotspot,16,16x16,synthetic_train
synthetic_standard_uniform_16_00108,synthetic,standard,uniform,16,16x16,synthetic_train
synthetic_standard_checkerboard_16_00109,synthetic,standard,checkerboard,16,16x16,synthetic_train
synthetic_standard_hotspot_16_00110,synthetic,standard,hotspot,16,16x16,synthetic_train
synthetic_standard_hotspot_16_00111,synthetic,standard,hotspot,16,16x16,synthetic_train
synthetic_standard_quadrant_16_00112,synthetic,standard,quadrant,16,16x16,synthetic_val
synthetic_standard_uniform_16_00113,synthetic,standard,uniform,16,16x16,synthetic_test
synthetic_standard_hotspot_16_00114,synthetic,standard,hotspot,16,16x16,synthetic_train
synthetic_standard_multihotspot_16_00115,synthetic,standard,multihotspot,16,16x16,synthetic_test
synthetic_standard_hotspot_16_00116,synthetic,standard,hotspot,16,16x16,synthetic_train
synthetic_standard_hotspot_16_00117,synthetic,standard,hotspot,16,16x16,synthetic_val
synthetic_standard_checkerboard_16_00118,synthetic,standard,checkerboard,16,16x16,synthetic_train
synthetic_standard_hotspot_16_00119,synthetic,standard,hotspot,16,16x16,synthetic_train
synthetic_standard_hotspot_16_00120,synthetic,standard,hotspot,16,16x16,synthetic_test
synthetic_standard_hotspot_16_00121,synthetic,standard,hotspot,16,16x16,synthetic_train
synthetic_standard_hotspot_16_00122,synthetic,standard,hotspot,16,16x16,synthetic_val
synthetic_standard_hotspot_16_00123,synthetic,standard,hotspot,16,16x16,synthetic_train
synthetic_standard_multihotspot_16_00124,synthetic,standard,multihotspot,16,16x16,synthetic_train
synthetic_standard_multihotspot_16_00125,synthetic,standard,multihotspot,16,16x16,synthetic_val
synthetic_standard_hotspot_16_00126,synthetic,standard,hotspot,16,16x16,synthetic_test
synthetic_standard_checkerboard_16_00127,synthetic,standard,checkerboard,16,16x16,synthetic_val
synthetic_standard_hotspot_16_00128,synthetic,standard,hotspot,16,16x16,synthetic_train
synthetic_standard_hotspot_16_00129,synthetic,standard,hotspot,16,16x16,synthetic_test
synthetic_standard_uniform_16_00130,synthetic,standard,uniform,16,16x16,synthetic_train
synthetic_standard_quadrant_16_00131,synthetic,standard,quadrant,16,16x16,synthetic_val
synthetic_standard_multihotspot_16_00132,synthetic,standard,multihotspot,16,16x16,synthetic_val
synthetic_standard_checkerboard_16_00133,synthetic,standard,checkerboard,16,16x16,synthetic_train
synthetic_standard_multihotspot_16_00134,synthetic,standard,multihotspot,16,16x16,synthetic_train
synthetic_standard_uniform_16_00135,synthetic,standard,uniform,16,16x16,synthetic_train
synthetic_standard_stripes_16_00136,synthetic,standard,stripes,16,16x16,synthetic_train
synthetic_standard_uniform_16_00137,synthetic,standard,uniform,16,16x16,synthetic_val
synthetic_standard_uniform_16_00138,synthetic,standard,uniform,16,16x16,synthetic_test
synthetic_standard_quadrant_16_00139,synthetic,standard,quadrant,16,16x16,synthetic_train
synthetic_standard_hotspot_16_00140,synthetic,standard,hotspot,16,16x16,synthetic_train
synthetic_standard_checkerboard_16_00141,synthetic,standard,checkerboard,16,16x16,synthetic_train
synthetic_standard_hotspot_16_00142,synthetic,standard,hotspot,16,16x16,synthetic_val
synthetic_standard_quadrant_16_00143,synthetic,standard,quadrant,16,16x16,synthetic_train
synthetic_standard_checkerboard_16_00144,synthetic,standard,checkerboard,16,16x16,synthetic_train
synthetic_standard_hotspot_16_00145,synthetic,standard,hotspot,16,16x16,synthetic_test
synthetic_standard_quadrant_16_00146,synthetic,standard,quadrant,16,16x16,synthetic_test
synthetic_standard_stripes_16_00147,synthetic,standard,stripes,16,16x16,synthetic_train
synthetic_standard_checkerboard_16_00148,synthetic,standard,checkerboard,16,16x16,synthetic_train
synthetic_standard_multihotspot_16_00149,synthetic,standard,multihotspot,16,16x16,synthetic_train
synthetic_standard_hotspot_16_00150,synthetic,standard,hotspot,16,16x16,synthetic_train
synthetic_standard_hotspot_16_00151,synthetic,standard,hotspot,16,16x16,synthetic_train
synthetic_standard_multihotspot_16_00152,synthetic,standard,multihotspot,16,16x16,synthetic_test
synthetic_standard_stripes_16_00153,synthetic,standard,stripes,16,16x16,synthetic_train
synthetic_standard_multihotspot_16_00154,synthetic,standard,multihotspot,16,16x16,synthetic_val
synthetic_standard_multihotspot_16_00155,synthetic,standard,multihotspot,16,16x16,synthetic_train
synthetic_standard_quadrant_16_00156,synthetic,standard,quadrant,16,16x16,synthetic_test
synthetic_standard_multihotspot_16_00157,synthetic,standard,multihotspot,16,16x16,synthetic_train
synthetic_standard_hotspot_16_00158,synthetic,standard,hotspot,16,16x16,synthetic_train
synthetic_standard_hotspot_16_00159,synthetic,standard,hotspot,16,16x16,synthetic_train
synthetic_standard_multihotspot_16_00160,synthetic,standard,multihotspot,16,16x16,synthetic_train
synthetic_standard_quadrant_16_00161,synthetic,standard,quadrant,16,16x16,synthetic_test
synthetic_standard_hotspot_16_00162,synthetic,standard,hotspot,16,16x16,synthetic_val
synthetic_standard_stripes_16_00163,synthetic,standard,stripes,16,16x16,synthetic_train
synthetic_standard_checkerboard_16_00164,synthetic,standard,checkerboard,16,16x16,synthetic_train
synthetic_standard_quadrant_16_00165,synthetic,standard,quadrant,16,16x16,synthetic_train
synthetic_standard_hotspot_16_00166,synthetic,standard,hotspot,16,16x16,synthetic_train
synthetic_standard_stripes_16_00167,synthetic,standard,stripes,16,16x16,synthetic_train
synthetic_standard_stripes_16_00168,synthetic,standard,stripes,16,16x16,synthetic_train
synthetic_standard_checkerboard_16_00169,synthetic,standard,checkerboard,16,16x16,synthetic_train
synthetic_standard_checkerboard_16_00170,synthetic,standard,checkerboard,16,16x16,synthetic_train
synthetic_standard_stripes_16_00171,synthetic,standard,stripes,16,16x16,synthetic_val
synthetic_standard_quadrant_16_00172,synthetic,standard,quadrant,16,16x16,synthetic_train
synthetic_standard_hotspot_16_00173,synthetic,standard,hotspot,16,16x16,synthetic_train
synthetic_standard_stripes_16_00174,synthetic,standard,stripes,16,16x16,synthetic_train
synthetic_standard_stripes_16_00175,synthetic,standard,stripes,16,16x16,synthetic_test
synthetic_standard_checkerboard_16_00176,synthetic,standard,checkerboard,16,16x16,synthetic_train
synthetic_standard_checkerboard_16_00177,synthetic,standard,checkerboard,16,16x16,synthetic_train
synthetic_standard_uniform_16_00178,synthetic,standard,uniform,16,16x16,synthetic_train
synthetic_standard_checkerboard_16_00179,synthetic,standard,checkerboard,16,16x16,synthetic_train
synthetic_standard_checkerboard_16_00180,synthetic,standard,checkerboard,16,16x16,synthetic_test
synthetic_standard_multihotspot_16_00181,synthetic,standard,multihotspot,16,16x16,synthetic_train
synthetic_standard_hotspot_16_00182,synthetic,standard,hotspot,16,16x16,synthetic_train
synthetic_standard_multihotspot_16_00183,synthetic,standard,multihotspot,16,16x16,synthetic_train
synthetic_standard_uniform_16_00184,synthetic,standard,uniform,16,16x16,synthetic_train
synthetic_standard_checkerboard_16_00185,synthetic,standard,checkerboard,16,16x16,synthetic_train
synthetic_standard_checkerboard_16_00186,synthetic,standard,checkerboard,16,16x16,synthetic_val
synthetic_standard_uniform_16_00187,synthetic,standard,uniform,16,16x16,synthetic_train
synthetic_standard_stripes_16_00188,synthetic,standard,stripes,16,16x16,synthetic_test
synthetic_standard_stripes_16_00189,synthetic,standard,stripes,16,16x16,synthetic_test
synthetic_standard_checkerboard_16_00190,synthetic,standard,checkerboard,16,16x16,synthetic_test
synthetic_standard_uniform_16_00191,synthetic,standard,uniform,16,16x16,synthetic_train
synthetic_standard_quadrant_16_00192,synthetic,standard,quadrant,16,16x16,synthetic_train
synthetic_standard_quadrant_16_00193,synthetic,standard,quadrant,16,16x16,synthetic_train
synthetic_standard_hotspot_16_00194,synthetic,standard,hotspot,16,16x16,synthetic_test
synthetic_standard_checkerboard_16_00195,synthetic,standard,checkerboard,16,16x16,synthetic_train
synthetic_standard_checkerboard_16_00196,synthetic,standard,checkerboard,16,16x16,synthetic_train
synthetic_standard_checkerboard_16_00197,synthetic,standard,checkerboard,16,16x16,synthetic_train
synthetic_standard_uniform_16_00198,synthetic,standard,uniform,16,16x16,synthetic_test
synthetic_standard_uniform_16_00199,synthetic,standard,uniform,16,16x16,synthetic_train
synthetic_standard_hotspot_16_00200,synthetic,standard,hotspot,16,16x16,synthetic_train
synthetic_standard_multihotspot_16_00201,synthetic,standard,multihotspot,16,16x16,synthetic_train
synthetic_standard_checkerboard_16_00202,synthetic,standard,checkerboard,16,16x16,synthetic_train
synthetic_standard_hotspot_16_00203,synthetic,standard,hotspot,16,16x16,synthetic_test
synthetic_standard_uniform_16_00204,synthetic,standard,uniform,16,16x16,synthetic_test
synthetic_standard_checkerboard_16_00205,synthetic,standard,checkerboard,16,16x16,synthetic_train
synthetic_standard_multihotspot_16_00206,synthetic,standard,multihotspot,16,16x16,synthetic_train
synthetic_standard_stripes_16_00207,synthetic,standard,stripes,16,16x16,synthetic_test
synthetic_standard_hotspot_16_00208,synthetic,standard,hotspot,16,16x16,synthetic_val
synthetic_standard_quadrant_16_00209,synthetic,standard,quadrant,16,16x16,synthetic_train
synthetic_standard_quadrant_16_00210,synthetic,standard,quadrant,16,16x16,synthetic_val
synthetic_standard_hotspot_16_00211,synthetic,standard,hotspot,16,16x16,synthetic_train
synthetic_standard_stripes_16_00212,synthetic,standard,stripes,16,16x16,synthetic_train
synthetic_standard_stripes_16_00213,synthetic,standard,stripes,16,16x16,synthetic_train
synthetic_standard_checkerboard_16_00214,synthetic,standard,checkerboard,16,16x16,synthetic_train
synthetic_standard_checkerboard_16_00215,synthetic,standard,checkerboard,16,16x16,synthetic_train
synthetic_standard_hotspot_16_00216,synthetic,standard,hotspot,16,16x16,synthetic_train
synthetic_standard_checkerboard_16_00217,synthetic,standard,checkerboard,16,16x16,synthetic_train
synthetic_standard_quadrant_16_00218,synthetic,standard,quadrant,16,16x16,synthetic_train
synthetic_standard_uniform_16_00219,synthetic,standard,uniform,16,16x16,synthetic_test
synthetic_standard_hotspot_16_00220,synthetic,standard,hotspot,16,16x16,synthetic_train
synthetic_standard_quadrant_16_00221,synthetic,standard,quadrant,16,16x16,synthetic_train
synthetic_standard_stripes_16_00222,synthetic,standard,stripes,16,16x16,synthetic_train
synthetic_standard_stripes_16_00223,synthetic,standard,stripes,16,16x16,synthetic_train
synthetic_standard_quadrant_16_00224,synthetic,standard,quadrant,16,16x16,synthetic_train
synthetic_standard_quadrant_16_00225,synthetic,standard,quadrant,16,16x16,synthetic_test
synthetic_standard_multihotspot_16_00226,synthetic,standard,multihotspot,16,16x16,synthetic_val
synthetic_standard_stripes_16_00227,synthetic,standard,stripes,16,16x16,synthetic_train
synthetic_standard_checkerboard_16_00228,synthetic,standard,checkerboard,16,16x16,synthetic_train
synthetic_standard_uniform_16_00229,synthetic,standard,uniform,16,16x16,synthetic_train
synthetic_standard_multihotspot_16_00230,synthetic,standard,multihotspot,16,16x16,synthetic_train
synthetic_standard_hotspot_16_00231,synthetic,standard,hotspot,16,16x16,synthetic_train
synthetic_standard_stripes_16_00232,synthetic,standard,stripes,16,16x16,synthetic_val
synthetic_standard_uniform_16_00233,synthetic,standard,uniform,16,16x16,synthetic_train
synthetic_standard_hotspot_16_00234,synthetic,standard,hotspot,16,16x16,synthetic_train
synthetic_standard_hotspot_16_00235,synthetic,standard,hotspot,16,16x16,synthetic_train
synthetic_standard_hotspot_16_00236,synthetic,standard,hotspot,16,16x16,synthetic_train
synthetic_standard_multihotspot_16_00237,synthetic,standard,multihotspot,16,16x16,synthetic_train
synthetic_standard_checkerboard_16_00238,synthetic,standard,checkerboard,16,16x16,synthetic_test
synthetic_standard_checkerboard_16_00239,synthetic,standard,checkerboard,16,16x16,synthetic_train
synthetic_standard_multihotspot_16_00240,synthetic,standard,multihotspot,16,16x16,synthetic_train
synthetic_standard_multihotspot_16_00241,synthetic,standard,multihotspot,16,16x16,synthetic_train
synthetic_standard_hotspot_16_00242,synthetic,standard,hotspot,16,16x16,synthetic_train
synthetic_standard_hotspot_16_00243,synthetic,standard,hotspot,16,16x16,synthetic_train
synthetic_standard_multihotspot_16_00244,synthetic,standard,multihotspot,16,16x16,synthetic_train
synthetic_standard_quadrant_16_00245,synthetic,standard,quadrant,16,16x16,synthetic_train
synthetic_standard_hotspot_16_00246,synthetic,standard,hotspot,16,16x16,synthetic_train
synthetic_standard_hotspot_16_00247,synthetic,standard,hotspot,16,16x16,synthetic_train
synthetic_standard_multihotspot_16_00248,synthetic,standard,multihotspot,16,16x16,synthetic_test
synthetic_standard_hotspot_16_00249,synthetic,standard,hotspot,16,16x16,synthetic_test
synthetic_systolic_checkerboard_16_00000,synthetic,systolic,checkerboard,16,16x16,synthetic_train
synthetic_systolic_hotspot_16_00001,synthetic,systolic,hotspot,16,16x16,synthetic_train
synthetic_systolic_uniform_16_00002,synthetic,systolic,uniform,16,16x16,synthetic_val
synthetic_systolic_wavefront_16_00003,synthetic,systolic,wavefront,16,16x16,synthetic_train
synthetic_systolic_hotspot_16_00004,synthetic,systolic,hotspot,16,16x16,synthetic_val
synthetic_systolic_checkerboard_16_00005,synthetic,systolic,checkerboard,16,16x16,synthetic_train
synthetic_systolic_uniform_16_00006,synthetic,systolic,uniform,16,16x16,synthetic_train
synthetic_systolic_uniform_16_00007,synthetic,systolic,uniform,16,16x16,synthetic_test
synthetic_systolic_banded_16_00008,synthetic,systolic,banded,16,16x16,synthetic_train
synthetic_systolic_banded_16_00009,synthetic,systolic,banded,16,16x16,synthetic_val
synthetic_systolic_banded_16_00010,synthetic,systolic,banded,16,16x16,synthetic_train
synthetic_systolic_uniform_16_00011,synthetic,systolic,uniform,16,16x16,synthetic_train
synthetic_systolic_banded_16_00012,synthetic,systolic,banded,16,16x16,synthetic_train
synthetic_systolic_checkerboard_16_00013,synthetic,systolic,checkerboard,16,16x16,synthetic_val
synthetic_systolic_checkerboard_16_00014,synthetic,systolic,checkerboard,16,16x16,synthetic_train
synthetic_systolic_hotspot_16_00015,synthetic,systolic,hotspot,16,16x16,synthetic_train
synthetic_systolic_hotspot_16_00016,synthetic,systolic,hotspot,16,16x16,synthetic_test
synthetic_systolic_hotspot_16_00017,synthetic,systolic,hotspot,16,16x16,synthetic_train
synthetic_systolic_checkerboard_16_00018,synthetic,systolic,checkerboard,16,16x16,synthetic_test
synthetic_systolic_hotspot_16_00019,synthetic,systolic,hotspot,16,16x16,synthetic_test
synthetic_systolic_checkerboard_16_00020,synthetic,systolic,checkerboard,16,16x16,synthetic_train
synthetic_systolic_uniform_16_00021,synthetic,systolic,uniform,16,16x16,synthetic_train
synthetic_systolic_uniform_16_00022,synthetic,systolic,uniform,16,16x16,synthetic_train
synthetic_systolic_banded_16_00023,synthetic,systolic,banded,16,16x16,synthetic_train
synthetic_systolic_uniform_16_00024,synthetic,systolic,uniform,16,16x16,synthetic_train
synthetic_systolic_uniform_16_00025,synthetic,systolic,uniform,16,16x16,synthetic_test
synthetic_systolic_uniform_16_00026,synthetic,systolic,uniform,16,16x16,synthetic_train
synthetic_systolic_hotspot_16_00027,synthetic,systolic,hotspot,16,16x16,synthetic_train
synthetic_systolic_checkerboard_16_00028,synthetic,systolic,checkerboard,16,16x16,synthetic_train
synthetic_systolic_banded_16_00029,synthetic,systolic,banded,16,16x16,synthetic_val
synthetic_systolic_hotspot_16_00030,synthetic,systolic,hotspot,16,16x16,synthetic_train
synthetic_systolic_hotspot_16_00031,synthetic,systolic,hotspot,16,16x16,synthetic_train
synthetic_systolic_checkerboard_16_00032,synthetic,systolic,checkerboard,16,16x16,synthetic_train
synthetic_systolic_wavefront_16_00033,synthetic,systolic,wavefront,16,16x16,synthetic_train
synthetic_systolic_hotspot_16_00034,synthetic,systolic,hotspot,16,16x16,synthetic_train
synthetic_systolic_banded_16_00035,synthetic,systolic,banded,16,16x16,synthetic_train
synthetic_systolic_hotspot_16_00036,synthetic,systolic,hotspot,16,16x16,synthetic_train
synthetic_systolic_wavefront_16_00037,synthetic,systolic,wavefront,16,16x16,synthetic_train
synthetic_systolic_uniform_16_00038,synthetic,systolic,uniform,16,16x16,synthetic_test
synthetic_systolic_wavefront_16_00039,synthetic,systolic,wavefront,16,16x16,synthetic_train
synthetic_systolic_banded_16_00040,synthetic,systolic,banded,16,16x16,synthetic_val
synthetic_systolic_hotspot_16_00041,synthetic,systolic,hotspot,16,16x16,synthetic_train
synthetic_systolic_hotspot_16_00042,synthetic,systolic,hotspot,16,16x16,synthetic_train
synthetic_systolic_checkerboard_16_00043,synthetic,systolic,checkerboard,16,16x16,synthetic_test
synthetic_systolic_hotspot_16_00044,synthetic,systolic,hotspot,16,16x16,synthetic_train
synthetic_systolic_wavefront_16_00045,synthetic,systolic,wavefront,16,16x16,synthetic_train
synthetic_systolic_checkerboard_16_00046,synthetic,systolic,checkerboard,16,16x16,synthetic_test
synthetic_systolic_wavefront_16_00047,synthetic,systolic,wavefront,16,16x16,synthetic_train
synthetic_systolic_hotspot_16_00048,synthetic,systolic,hotspot,16,16x16,synthetic_train
synthetic_systolic_wavefront_16_00049,synthetic,systolic,wavefront,16,16x16,synthetic_train
synthetic_systolic_checkerboard_16_00050,synthetic,systolic,checkerboard,16,16x16,synthetic_test
synthetic_systolic_hotspot_16_00051,synthetic,systolic,hotspot,16,16x16,synthetic_train
synthetic_systolic_hotspot_16_00052,synthetic,systolic,hotspot,16,16x16,synthetic_val
synthetic_systolic_uniform_16_00053,synthetic,systolic,uniform,16,16x16,synthetic_train
synthetic_systolic_wavefront_16_00054,synthetic,systolic,wavefront,16,16x16,synthetic_train
synthetic_systolic_hotspot_16_00055,synthetic,systolic,hotspot,16,16x16,synthetic_train
synthetic_systolic_banded_16_00056,synthetic,systolic,banded,16,16x16,synthetic_train
synthetic_systolic_checkerboard_16_00057,synthetic,systolic,checkerboard,16,16x16,synthetic_train
synthetic_systolic_checkerboard_16_00058,synthetic,systolic,checkerboard,16,16x16,synthetic_train
synthetic_systolic_uniform_16_00059,synthetic,systolic,uniform,16,16x16,synthetic_train
synthetic_systolic_hotspot_16_00060,synthetic,systolic,hotspot,16,16x16,synthetic_train
synthetic_systolic_uniform_16_00061,synthetic,systolic,uniform,16,16x16,synthetic_train
synthetic_systolic_hotspot_16_00062,synthetic,systolic,hotspot,16,16x16,synthetic_val
synthetic_systolic_hotspot_16_00063,synthetic,systolic,hotspot,16,16x16,synthetic_train
synthetic_systolic_banded_16_00064,synthetic,systolic,banded,16,16x16,synthetic_train
synthetic_systolic_checkerboard_16_00065,synthetic,systolic,checkerboard,16,16x16,synthetic_train
synthetic_systolic_hotspot_16_00066,synthetic,systolic,hotspot,16,16x16,synthetic_train
synthetic_systolic_wavefront_16_00067,synthetic,systolic,wavefront,16,16x16,synthetic_train
synthetic_systolic_wavefront_16_00068,synthetic,systolic,wavefront,16,16x16,synthetic_train
synthetic_systolic_uniform_16_00069,synthetic,systolic,uniform,16,16x16,synthetic_train
synthetic_systolic_wavefront_16_00070,synthetic,systolic,wavefront,16,16x16,synthetic_train
synthetic_systolic_checkerboard_16_00071,synthetic,systolic,checkerboard,16,16x16,synthetic_train
synthetic_systolic_banded_16_00072,synthetic,systolic,banded,16,16x16,synthetic_train
synthetic_systolic_uniform_16_00073,synthetic,systolic,uniform,16,16x16,synthetic_train
synthetic_systolic_hotspot_16_00074,synthetic,systolic,hotspot,16,16x16,synthetic_train
synthetic_systolic_uniform_16_00075,synthetic,systolic,uniform,16,16x16,synthetic_train
synthetic_systolic_hotspot_16_00076,synthetic,systolic,hotspot,16,16x16,synthetic_test
synthetic_systolic_banded_16_00077,synthetic,systolic,banded,16,16x16,synthetic_test
synthetic_systolic_uniform_16_00078,synthetic,systolic,uniform,16,16x16,synthetic_train
synthetic_systolic_uniform_16_00079,synthetic,systolic,uniform,16,16x16,synthetic_train
synthetic_systolic_uniform_16_00080,synthetic,systolic,uniform,16,16x16,synthetic_train
synthetic_systolic_banded_16_00081,synthetic,systolic,banded,16,16x16,synthetic_train
synthetic_systolic_wavefront_16_00082,synthetic,systolic,wavefront,16,16x16,synthetic_val
synthetic_systolic_checkerboard_16_00083,synthetic,systolic,checkerboard,16,16x16,synthetic_train
synthetic_systolic_hotspot_16_00084,synthetic,systolic,hotspot,16,16x16,synthetic_train
synthetic_systolic_checkerboard_16_00085,synthetic,systolic,checkerboard,16,16x16,synthetic_val
synthetic_systolic_uniform_16_00086,synthetic,systolic,uniform,16,16x16,synthetic_train
synthetic_systolic_uniform_16_00087,synthetic,systolic,uniform,16,16x16,synthetic_train
synthetic_systolic_banded_16_00088,synthetic,systolic,banded,16,16x16,synthetic_test
synthetic_systolic_hotspot_16_00089,synthetic,systolic,hotspot,16,16x16,synthetic_train
synthetic_systolic_wavefront_16_00090,synthetic,systolic,wavefront,16,16x16,synthetic_test
synthetic_systolic_hotspot_16_00091,synthetic,systolic,hotspot,16,16x16,synthetic_train
synthetic_systolic_wavefront_16_00092,synthetic,systolic,wavefront,16,16x16,synthetic_train
synthetic_systolic_uniform_16_00093,synthetic,systolic,uniform,16,16x16,synthetic_train
synthetic_systolic_checkerboard_16_00094,synthetic,systolic,checkerboard,16,16x16,synthetic_train
synthetic_systolic_checkerboard_16_00095,synthetic,systolic,checkerboard,16,16x16,synthetic_train
synthetic_systolic_banded_16_00096,synthetic,systolic,banded,16,16x16,synthetic_train
synthetic_systolic_uniform_16_00097,synthetic,systolic,uniform,16,16x16,synthetic_train
synthetic_systolic_uniform_16_00098,synthetic,systolic,uniform,16,16x16,synthetic_train
synthetic_systolic_hotspot_16_00099,synthetic,systolic,hotspot,16,16x16,synthetic_train
synthetic_systolic_wavefront_16_00100,synthetic,systolic,wavefront,16,16x16,synthetic_train
synthetic_systolic_banded_16_00101,synthetic,systolic,banded,16,16x16,synthetic_train
synthetic_systolic_uniform_16_00102,synthetic,systolic,uniform,16,16x16,synthetic_train
synthetic_systolic_banded_16_00103,synthetic,systolic,banded,16,16x16,synthetic_train
synthetic_systolic_wavefront_16_00104,synthetic,systolic,wavefront,16,16x16,synthetic_train
synthetic_systolic_uniform_16_00105,synthetic,systolic,uniform,16,16x16,synthetic_train
synthetic_systolic_wavefront_16_00106,synthetic,systolic,wavefront,16,16x16,synthetic_train
synthetic_systolic_wavefront_16_00107,synthetic,systolic,wavefront,16,16x16,synthetic_train
synthetic_systolic_uniform_16_00108,synthetic,systolic,uniform,16,16x16,synthetic_test
synthetic_systolic_uniform_16_00109,synthetic,systolic,uniform,16,16x16,synthetic_val
synthetic_systolic_banded_16_00110,synthetic,systolic,banded,16,16x16,synthetic_val
synthetic_systolic_uniform_16_00111,synthetic,systolic,uniform,16,16x16,synthetic_train
synthetic_systolic_uniform_16_00112,synthetic,systolic,uniform,16,16x16,synthetic_train
synthetic_systolic_hotspot_16_00113,synthetic,systolic,hotspot,16,16x16,synthetic_val
synthetic_systolic_wavefront_16_00114,synthetic,systolic,wavefront,16,16x16,synthetic_train
synthetic_systolic_banded_16_00115,synthetic,systolic,banded,16,16x16,synthetic_test
synthetic_systolic_uniform_16_00116,synthetic,systolic,uniform,16,16x16,synthetic_train
synthetic_systolic_uniform_16_00117,synthetic,systolic,uniform,16,16x16,synthetic_test
synthetic_systolic_banded_16_00118,synthetic,systolic,banded,16,16x16,synthetic_train
synthetic_systolic_wavefront_16_00119,synthetic,systolic,wavefront,16,16x16,synthetic_val
synthetic_systolic_hotspot_16_00120,synthetic,systolic,hotspot,16,16x16,synthetic_train
synthetic_systolic_uniform_16_00121,synthetic,systolic,uniform,16,16x16,synthetic_val
synthetic_systolic_uniform_16_00122,synthetic,systolic,uniform,16,16x16,synthetic_train
synthetic_systolic_hotspot_16_00123,synthetic,systolic,hotspot,16,16x16,synthetic_val
synthetic_systolic_hotspot_16_00124,synthetic,systolic,hotspot,16,16x16,synthetic_train
synthetic_systolic_checkerboard_16_00125,synthetic,systolic,checkerboard,16,16x16,synthetic_train
synthetic_systolic_hotspot_16_00126,synthetic,systolic,hotspot,16,16x16,synthetic_train
synthetic_systolic_hotspot_16_00127,synthetic,systolic,hotspot,16,16x16,synthetic_train
synthetic_systolic_wavefront_16_00128,synthetic,systolic,wavefront,16,16x16,synthetic_train
synthetic_systolic_hotspot_16_00129,synthetic,systolic,hotspot,16,16x16,synthetic_train
synthetic_systolic_checkerboard_16_00130,synthetic,systolic,checkerboard,16,16x16,synthetic_val
synthetic_systolic_uniform_16_00131,synthetic,systolic,uniform,16,16x16,synthetic_train
synthetic_systolic_hotspot_16_00132,synthetic,systolic,hotspot,16,16x16,synthetic_val
synthetic_systolic_hotspot_16_00133,synthetic,systolic,hotspot,16,16x16,synthetic_test
synthetic_systolic_checkerboard_16_00134,synthetic,systolic,checkerboard,16,16x16,synthetic_train
synthetic_systolic_banded_16_00135,synthetic,systolic,banded,16,16x16,synthetic_train
synthetic_systolic_hotspot_16_00136,synthetic,systolic,hotspot,16,16x16,synthetic_train
synthetic_systolic_uniform_16_00137,synthetic,systolic,uniform,16,16x16,synthetic_train
synthetic_systolic_banded_16_00138,synthetic,systolic,banded,16,16x16,synthetic_train
synthetic_systolic_checkerboard_16_00139,synthetic,systolic,checkerboard,16,16x16,synthetic_train
synthetic_systolic_uniform_16_00140,synthetic,systolic,uniform,16,16x16,synthetic_train
synthetic_systolic_hotspot_16_00141,synthetic,systolic,hotspot,16,16x16,synthetic_val
synthetic_systolic_uniform_16_00142,synthetic,systolic,uniform,16,16x16,synthetic_train
synthetic_systolic_hotspot_16_00143,synthetic,systolic,hotspot,16,16x16,synthetic_train
synthetic_systolic_hotspot_16_00144,synthetic,systolic,hotspot,16,16x16,synthetic_val
synthetic_systolic_uniform_16_00145,synthetic,systolic,uniform,16,16x16,synthetic_test
synthetic_systolic_hotspot_16_00146,synthetic,systolic,hotspot,16,16x16,synthetic_train
synthetic_systolic_wavefront_16_00147,synthetic,systolic,wavefront,16,16x16,synthetic_train
synthetic_systolic_checkerboard_16_00148,synthetic,systolic,checkerboard,16,16x16,synthetic_train
synthetic_systolic_checkerboard_16_00149,synthetic,systolic,checkerboard,16,16x16,synthetic_train
synthetic_systolic_banded_16_00150,synthetic,systolic,banded,16,16x16,synthetic_train
synthetic_systolic_checkerboard_16_00151,synthetic,systolic,checkerboard,16,16x16,synthetic_train
synthetic_systolic_hotspot_16_00152,synthetic,systolic,hotspot,16,16x16,synthetic_test
synthetic_systolic_hotspot_16_00153,synthetic,systolic,hotspot,16,16x16,synthetic_train
synthetic_systolic_checkerboard_16_00154,synthetic,systolic,checkerboard,16,16x16,synthetic_train
synthetic_systolic_banded_16_00155,synthetic,systolic,banded,16,16x16,synthetic_test
synthetic_systolic_checkerboard_16_00156,synthetic,systolic,checkerboard,16,16x16,synthetic_train
synthetic_systolic_wavefront_16_00157,synthetic,systolic,wavefront,16,16x16,synthetic_val
synthetic_systolic_hotspot_16_00158,synthetic,systolic,hotspot,16,16x16,synthetic_test
synthetic_systolic_wavefront_16_00159,synthetic,systolic,wavefront,16,16x16,synthetic_test
synthetic_systolic_wavefront_16_00160,synthetic,systolic,wavefront,16,16x16,synthetic_val
synthetic_systolic_hotspot_16_00161,synthetic,systolic,hotspot,16,16x16,synthetic_val
synthetic_systolic_checkerboard_16_00162,synthetic,systolic,checkerboard,16,16x16,synthetic_train
synthetic_systolic_banded_16_00163,synthetic,systolic,banded,16,16x16,synthetic_train
synthetic_systolic_checkerboard_16_00164,synthetic,systolic,checkerboard,16,16x16,synthetic_val
synthetic_systolic_wavefront_16_00165,synthetic,systolic,wavefront,16,16x16,synthetic_train
synthetic_systolic_wavefront_16_00166,synthetic,systolic,wavefront,16,16x16,synthetic_test
synthetic_systolic_checkerboard_16_00167,synthetic,systolic,checkerboard,16,16x16,synthetic_train
synthetic_systolic_wavefront_16_00168,synthetic,systolic,wavefront,16,16x16,synthetic_test
synthetic_systolic_banded_16_00169,synthetic,systolic,banded,16,16x16,synthetic_train
synthetic_systolic_wavefront_16_00170,synthetic,systolic,wavefront,16,16x16,synthetic_test
synthetic_systolic_wavefront_16_00171,synthetic,systolic,wavefront,16,16x16,synthetic_train
synthetic_systolic_hotspot_16_00172,synthetic,systolic,hotspot,16,16x16,synthetic_train
synthetic_systolic_uniform_16_00173,synthetic,systolic,uniform,16,16x16,synthetic_val
synthetic_systolic_hotspot_16_00174,synthetic,systolic,hotspot,16,16x16,synthetic_train
synthetic_systolic_hotspot_16_00175,synthetic,systolic,hotspot,16,16x16,synthetic_train
synthetic_systolic_checkerboard_16_00176,synthetic,systolic,checkerboard,16,16x16,synthetic_train
synthetic_systolic_uniform_16_00177,synthetic,systolic,uniform,16,16x16,synthetic_train
synthetic_systolic_hotspot_16_00178,synthetic,systolic,hotspot,16,16x16,synthetic_test
synthetic_systolic_banded_16_00179,synthetic,systolic,banded,16,16x16,synthetic_train
synthetic_systolic_checkerboard_16_00180,synthetic,systolic,checkerboard,16,16x16,synthetic_train
synthetic_systolic_uniform_16_00181,synthetic,systolic,uniform,16,16x16,synthetic_train
synthetic_systolic_checkerboard_16_00182,synthetic,systolic,checkerboard,16,16x16,synthetic_test
synthetic_systolic_checkerboard_16_00183,synthetic,systolic,checkerboard,16,16x16,synthetic_train
synthetic_systolic_hotspot_16_00184,synthetic,systolic,hotspot,16,16x16,synthetic_train
synthetic_systolic_banded_16_00185,synthetic,systolic,banded,16,16x16,synthetic_train
synthetic_systolic_banded_16_00186,synthetic,systolic,banded,16,16x16,synthetic_test
synthetic_systolic_checkerboard_16_00187,synthetic,systolic,checkerboard,16,16x16,synthetic_train
synthetic_systolic_checkerboard_16_00188,synthetic,systolic,checkerboard,16,16x16,synthetic_test
synthetic_systolic_uniform_16_00189,synthetic,systolic,uniform,16,16x16,synthetic_test
synthetic_systolic_uniform_16_00190,synthetic,systolic,uniform,16,16x16,synthetic_train
synthetic_systolic_uniform_16_00191,synthetic,systolic,uniform,16,16x16,synthetic_val
synthetic_systolic_checkerboard_16_00192,synthetic,systolic,checkerboard,16,16x16,synthetic_train
synthetic_systolic_uniform_16_00193,synthetic,systolic,uniform,16,16x16,synthetic_test
synthetic_systolic_banded_16_00194,synthetic,systolic,banded,16,16x16,synthetic_train
synthetic_systolic_uniform_16_00195,synthetic,systolic,uniform,16,16x16,synthetic_test
synthetic_systolic_banded_16_00196,synthetic,systolic,banded,16,16x16,synthetic_val
synthetic_systolic_uniform_16_00197,synthetic,systolic,uniform,16,16x16,synthetic_val
synthetic_systolic_hotspot_16_00198,synthetic,systolic,hotspot,16,16x16,synthetic_train
synthetic_systolic_banded_16_00199,synthetic,systolic,banded,16,16x16,synthetic_train
synthetic_systolic_checkerboard_16_00200,synthetic,systolic,checkerboard,16,16x16,synthetic_train
synthetic_systolic_hotspot_16_00201,synthetic,systolic,hotspot,16,16x16,synthetic_train
synthetic_systolic_banded_16_00202,synthetic,systolic,banded,16,16x16,synthetic_train
synthetic_systolic_wavefront_16_00203,synthetic,systolic,wavefront,16,16x16,synthetic_train
synthetic_systolic_checkerboard_16_00204,synthetic,systolic,checkerboard,16,16x16,synthetic_test
synthetic_systolic_wavefront_16_00205,synthetic,systolic,wavefront,16,16x16,synthetic_train
synthetic_systolic_wavefront_16_00206,synthetic,systolic,wavefront,16,16x16,synthetic_val
synthetic_systolic_hotspot_16_00207,synthetic,systolic,hotspot,16,16x16,synthetic_test
synthetic_systolic_hotspot_16_00208,synthetic,systolic,hotspot,16,16x16,synthetic_train
synthetic_systolic_hotspot_16_00209,synthetic,systolic,hotspot,16,16x16,synthetic_train
synthetic_systolic_banded_16_00210,synthetic,systolic,banded,16,16x16,synthetic_test
synthetic_systolic_checkerboard_16_00211,synthetic,systolic,checkerboard,16,16x16,synthetic_val
synthetic_systolic_uniform_16_00212,synthetic,systolic,uniform,16,16x16,synthetic_test
synthetic_systolic_checkerboard_16_00213,synthetic,systolic,checkerboard,16,16x16,synthetic_train
synthetic_systolic_checkerboard_16_00214,synthetic,systolic,checkerboard,16,16x16,synthetic_train
synthetic_systolic_hotspot_16_00215,synthetic,systolic,hotspot,16,16x16,synthetic_test
synthetic_systolic_banded_16_00216,synthetic,systolic,banded,16,16x16,synthetic_train
synthetic_systolic_uniform_16_00217,synthetic,systolic,uniform,16,16x16,synthetic_train
synthetic_systolic_uniform_16_00218,synthetic,systolic,uniform,16,16x16,synthetic_train
synthetic_systolic_checkerboard_16_00219,synthetic,systolic,checkerboard,16,16x16,synthetic_train
synthetic_systolic_hotspot_16_00220,synthetic,systolic,hotspot,16,16x16,synthetic_train
synthetic_systolic_checkerboard_16_00221,synthetic,systolic,checkerboard,16,16x16,synthetic_train
synthetic_systolic_hotspot_16_00222,synthetic,systolic,hotspot,16,16x16,synthetic_test
synthetic_systolic_hotspot_16_00223,synthetic,systolic,hotspot,16,16x16,synthetic_test
synthetic_systolic_hotspot_16_00224,synthetic,systolic,hotspot,16,16x16,synthetic_test
synthetic_systolic_hotspot_16_00225,synthetic,systolic,hotspot,16,16x16,synthetic_train
synthetic_systolic_hotspot_16_00226,synthetic,systolic,hotspot,16,16x16,synthetic_train
synthetic_systolic_banded_16_00227,synthetic,systolic,banded,16,16x16,synthetic_train
synthetic_systolic_uniform_16_00228,synthetic,systolic,uniform,16,16x16,synthetic_train
synthetic_systolic_uniform_16_00229,synthetic,systolic,uniform,16,16x16,synthetic_train
synthetic_systolic_checkerboard_16_00230,synthetic,systolic,checkerboard,16,16x16,synthetic_val
synthetic_systolic_hotspot_16_00231,synthetic,systolic,hotspot,16,16x16,synthetic_train
synthetic_systolic_hotspot_16_00232,synthetic,systolic,hotspot,16,16x16,synthetic_train
synthetic_systolic_hotspot_16_00233,synthetic,systolic,hotspot,16,16x16,synthetic_train
synthetic_systolic_uniform_16_00234,synthetic,systolic,uniform,16,16x16,synthetic_train
synthetic_systolic_hotspot_16_00235,synthetic,systolic,hotspot,16,16x16,synthetic_train
synthetic_systolic_hotspot_16_00236,synthetic,systolic,hotspot,16,16x16,synthetic_train
synthetic_systolic_hotspot_16_00237,synthetic,systolic,hotspot,16,16x16,synthetic_train
synthetic_systolic_uniform_16_00238,synthetic,systolic,uniform,16,16x16,synthetic_train
synthetic_systolic_uniform_16_00239,synthetic,systolic,uniform,16,16x16,synthetic_val
synthetic_systolic_checkerboard_16_00240,synthetic,systolic,checkerboard,16,16x16,synthetic_test
synthetic_systolic_checkerboard_16_00241,synthetic,systolic,checkerboard,16,16x16,synthetic_val
synthetic_systolic_uniform_16_00242,synthetic,systolic,uniform,16,16x16,synthetic_val
synthetic_systolic_wavefront_16_00243,synthetic,systolic,wavefront,16,16x16,synthetic_test
synthetic_systolic_uniform_16_00244,synthetic,systolic,uniform,16,16x16,synthetic_train
synthetic_systolic_hotspot_16_00245,synthetic,systolic,hotspot,16,16x16,synthetic_train
synthetic_systolic_wavefront_16_00246,synthetic,systolic,wavefront,16,16x16,synthetic_train
synthetic_systolic_checkerboard_16_00247,synthetic,systolic,checkerboard,16,16x16,synthetic_train
synthetic_systolic_hotspot_16_00248,synthetic,systolic,hotspot,16,16x16,synthetic_train
synthetic_systolic_hotspot_16_00249,synthetic,systolic,hotspot,16,16x16,synthetic_val
synthetic_standard_hotspot_32_00000,synthetic,standard,hotspot,32,32x32,synthetic_train
synthetic_standard_uniform_32_00001,synthetic,standard,uniform,32,32x32,synthetic_train
synthetic_standard_hotspot_32_00002,synthetic,standard,hotspot,32,32x32,synthetic_val
synthetic_standard_checkerboard_32_00003,synthetic,standard,checkerboard,32,32x32,synthetic_train
synthetic_standard_checkerboard_32_00004,synthetic,standard,checkerboard,32,32x32,synthetic_train
synthetic_standard_stripes_32_00005,synthetic,standard,stripes,32,32x32,synthetic_val
synthetic_standard_quadrant_32_00006,synthetic,standard,quadrant,32,32x32,synthetic_val
synthetic_standard_quadrant_32_00007,synthetic,standard,quadrant,32,32x32,synthetic_test
synthetic_standard_uniform_32_00008,synthetic,standard,uniform,32,32x32,synthetic_test
synthetic_standard_hotspot_32_00009,synthetic,standard,hotspot,32,32x32,synthetic_test
synthetic_standard_multihotspot_32_00010,synthetic,standard,multihotspot,32,32x32,synthetic_train
synthetic_standard_checkerboard_32_00011,synthetic,standard,checkerboard,32,32x32,synthetic_train
synthetic_standard_multihotspot_32_00012,synthetic,standard,multihotspot,32,32x32,synthetic_train
synthetic_standard_hotspot_32_00013,synthetic,standard,hotspot,32,32x32,synthetic_val
synthetic_standard_uniform_32_00014,synthetic,standard,uniform,32,32x32,synthetic_train
synthetic_standard_quadrant_32_00015,synthetic,standard,quadrant,32,32x32,synthetic_train
synthetic_standard_hotspot_32_00016,synthetic,standard,hotspot,32,32x32,synthetic_train
synthetic_standard_stripes_32_00017,synthetic,standard,stripes,32,32x32,synthetic_train
synthetic_standard_checkerboard_32_00018,synthetic,standard,checkerboard,32,32x32,synthetic_val
synthetic_standard_hotspot_32_00019,synthetic,standard,hotspot,32,32x32,synthetic_train
synthetic_standard_checkerboard_32_00020,synthetic,standard,checkerboard,32,32x32,synthetic_train
synthetic_standard_hotspot_32_00021,synthetic,standard,hotspot,32,32x32,synthetic_train
synthetic_standard_uniform_32_00022,synthetic,standard,uniform,32,32x32,synthetic_test
synthetic_standard_quadrant_32_00023,synthetic,standard,quadrant,32,32x32,synthetic_train
synthetic_standard_checkerboard_32_00024,synthetic,standard,checkerboard,32,32x32,synthetic_val
synthetic_standard_quadrant_32_00025,synthetic,standard,quadrant,32,32x32,synthetic_test
synthetic_standard_uniform_32_00026,synthetic,standard,uniform,32,32x32,synthetic_train
synthetic_standard_checkerboard_32_00027,synthetic,standard,checkerboard,32,32x32,synthetic_train
synthetic_standard_quadrant_32_00028,synthetic,standard,quadrant,32,32x32,synthetic_train
synthetic_standard_multihotspot_32_00029,synthetic,standard,multihotspot,32,32x32,synthetic_train
synthetic_standard_checkerboard_32_00030,synthetic,standard,checkerboard,32,32x32,synthetic_val
synthetic_standard_uniform_32_00031,synthetic,standard,uniform,32,32x32,synthetic_val
synthetic_standard_hotspot_32_00032,synthetic,standard,hotspot,32,32x32,synthetic_train
synthetic_standard_checkerboard_32_00033,synthetic,standard,checkerboard,32,32x32,synthetic_train
synthetic_standard_multihotspot_32_00034,synthetic,standard,multihotspot,32,32x32,synthetic_val
synthetic_standard_stripes_32_00035,synthetic,standard,stripes,32,32x32,synthetic_train
synthetic_standard_multihotspot_32_00036,synthetic,standard,multihotspot,32,32x32,synthetic_train
synthetic_standard_hotspot_32_00037,synthetic,standard,hotspot,32,32x32,synthetic_train
synthetic_standard_quadrant_32_00038,synthetic,standard,quadrant,32,32x32,synthetic_val
synthetic_standard_uniform_32_00039,synthetic,standard,uniform,32,32x32,synthetic_train
synthetic_standard_hotspot_32_00040,synthetic,standard,hotspot,32,32x32,synthetic_val
synthetic_standard_uniform_32_00041,synthetic,standard,uniform,32,32x32,synthetic_val
synthetic_standard_checkerboard_32_00042,synthetic,standard,checkerboard,32,32x32,synthetic_train
synthetic_standard_uniform_32_00043,synthetic,standard,uniform,32,32x32,synthetic_train
synthetic_standard_checkerboard_32_00044,synthetic,standard,checkerboard,32,32x32,synthetic_test
synthetic_standard_multihotspot_32_00045,synthetic,standard,multihotspot,32,32x32,synthetic_train
synthetic_standard_multihotspot_32_00046,synthetic,standard,multihotspot,32,32x32,synthetic_train
synthetic_standard_quadrant_32_00047,synthetic,standard,quadrant,32,32x32,synthetic_train
synthetic_standard_checkerboard_32_00048,synthetic,standard,checkerboard,32,32x32,synthetic_train
synthetic_standard_hotspot_32_00049,synthetic,standard,hotspot,32,32x32,synthetic_train
synthetic_standard_stripes_32_00050,synthetic,standard,stripes,32,32x32,synthetic_train
synthetic_standard_hotspot_32_00051,synthetic,standard,hotspot,32,32x32,synthetic_val
synthetic_standard_hotspot_32_00052,synthetic,standard,hotspot,32,32x32,synthetic_train
synthetic_standard_hotspot_32_00053,synthetic,standard,hotspot,32,32x32,synthetic_train
synthetic_standard_hotspot_32_00054,synthetic,standard,hotspot,32,32x32,synthetic_train
synthetic_standard_uniform_32_00055,synthetic,standard,uniform,32,32x32,synthetic_train
synthetic_standard_stripes_32_00056,synthetic,standard,stripes,32,32x32,synthetic_train
synthetic_standard_multihotspot_32_00057,synthetic,standard,multihotspot,32,32x32,synthetic_train
synthetic_standard_hotspot_32_00058,synthetic,standard,hotspot,32,32x32,synthetic_train
synthetic_standard_quadrant_32_00059,synthetic,standard,quadrant,32,32x32,synthetic_test
synthetic_standard_checkerboard_32_00060,synthetic,standard,checkerboard,32,32x32,synthetic_train
synthetic_standard_hotspot_32_00061,synthetic,standard,hotspot,32,32x32,synthetic_val
synthetic_standard_multihotspot_32_00062,synthetic,standard,multihotspot,32,32x32,synthetic_train
synthetic_standard_quadrant_32_00063,synthetic,standard,quadrant,32,32x32,synthetic_train
synthetic_standard_hotspot_32_00064,synthetic,standard,hotspot,32,32x32,synthetic_train
synthetic_standard_hotspot_32_00065,synthetic,standard,hotspot,32,32x32,synthetic_test
synthetic_standard_uniform_32_00066,synthetic,standard,uniform,32,32x32,synthetic_train
synthetic_standard_multihotspot_32_00067,synthetic,standard,multihotspot,32,32x32,synthetic_test
synthetic_standard_stripes_32_00068,synthetic,standard,stripes,32,32x32,synthetic_val
synthetic_standard_checkerboard_32_00069,synthetic,standard,checkerboard,32,32x32,synthetic_train
synthetic_standard_hotspot_32_00070,synthetic,standard,hotspot,32,32x32,synthetic_train
synthetic_standard_uniform_32_00071,synthetic,standard,uniform,32,32x32,synthetic_train
synthetic_standard_uniform_32_00072,synthetic,standard,uniform,32,32x32,synthetic_train
synthetic_standard_quadrant_32_00073,synthetic,standard,quadrant,32,32x32,synthetic_train
synthetic_standard_multihotspot_32_00074,synthetic,standard,multihotspot,32,32x32,synthetic_train
synthetic_standard_hotspot_32_00075,synthetic,standard,hotspot,32,32x32,synthetic_train
synthetic_standard_uniform_32_00076,synthetic,standard,uniform,32,32x32,synthetic_train
synthetic_standard_uniform_32_00077,synthetic,standard,uniform,32,32x32,synthetic_train
synthetic_standard_uniform_32_00078,synthetic,standard,uniform,32,32x32,synthetic_train
synthetic_standard_hotspot_32_00079,synthetic,standard,hotspot,32,32x32,synthetic_test
synthetic_standard_hotspot_32_00080,synthetic,standard,hotspot,32,32x32,synthetic_train
synthetic_standard_uniform_32_00081,synthetic,standard,uniform,32,32x32,synthetic_train
synthetic_standard_uniform_32_00082,synthetic,standard,uniform,32,32x32,synthetic_train
synthetic_standard_hotspot_32_00083,synthetic,standard,hotspot,32,32x32,synthetic_test
synthetic_standard_checkerboard_32_00084,synthetic,standard,checkerboard,32,32x32,synthetic_train
synthetic_standard_hotspot_32_00085,synthetic,standard,hotspot,32,32x32,synthetic_val
synthetic_standard_uniform_32_00086,synthetic,standard,uniform,32,32x32,synthetic_train
synthetic_standard_hotspot_32_00087,synthetic,standard,hotspot,32,32x32,synthetic_train
synthetic_standard_hotspot_32_00088,synthetic,standard,hotspot,32,32x32,synthetic_train
synthetic_standard_stripes_32_00089,synthetic,standard,stripes,32,32x32,synthetic_val
synthetic_standard_stripes_32_00090,synthetic,standard,stripes,32,32x32,synthetic_train
synthetic_standard_hotspot_32_00091,synthetic,standard,hotspot,32,32x32,synthetic_val
synthetic_standard_uniform_32_00092,synthetic,standard,uniform,32,32x32,synthetic_test
synthetic_standard_hotspot_32_00093,synthetic,standard,hotspot,32,32x32,synthetic_train
synthetic_standard_hotspot_32_00094,synthetic,standard,hotspot,32,32x32,synthetic_val
synthetic_standard_hotspot_32_00095,synthetic,standard,hotspot,32,32x32,synthetic_train
synthetic_standard_multihotspot_32_00096,synthetic,standard,multihotspot,32,32x32,synthetic_train
synthetic_standard_hotspot_32_00097,synthetic,standard,hotspot,32,32x32,synthetic_test
synthetic_standard_stripes_32_00098,synthetic,standard,stripes,32,32x32,synthetic_val
synthetic_standard_quadrant_32_00099,synthetic,standard,quadrant,32,32x32,synthetic_train
synthetic_standard_hotspot_32_00100,synthetic,standard,hotspot,32,32x32,synthetic_train
synthetic_standard_multihotspot_32_00101,synthetic,standard,multihotspot,32,32x32,synthetic_train
synthetic_standard_multihotspot_32_00102,synthetic,standard,multihotspot,32,32x32,synthetic_val
synthetic_standard_multihotspot_32_00103,synthetic,standard,multihotspot,32,32x32,synthetic_train
synthetic_standard_checkerboard_32_00104,synthetic,standard,checkerboard,32,32x32,synthetic_train
synthetic_standard_checkerboard_32_00105,synthetic,standard,checkerboard,32,32x32,synthetic_train
synthetic_standard_stripes_32_00106,synthetic,standard,stripes,32,32x32,synthetic_train
synthetic_standard_checkerboard_32_00107,synthetic,standard,checkerboard,32,32x32,synthetic_val
synthetic_standard_stripes_32_00108,synthetic,standard,stripes,32,32x32,synthetic_train
synthetic_standard_multihotspot_32_00109,synthetic,standard,multihotspot,32,32x32,synthetic_train
synthetic_standard_quadrant_32_00110,synthetic,standard,quadrant,32,32x32,synthetic_train
synthetic_standard_hotspot_32_00111,synthetic,standard,hotspot,32,32x32,synthetic_test
synthetic_standard_uniform_32_00112,synthetic,standard,uniform,32,32x32,synthetic_train
synthetic_standard_quadrant_32_00113,synthetic,standard,quadrant,32,32x32,synthetic_train
synthetic_standard_stripes_32_00114,synthetic,standard,stripes,32,32x32,synthetic_test
synthetic_standard_uniform_32_00115,synthetic,standard,uniform,32,32x32,synthetic_train
synthetic_standard_multihotspot_32_00116,synthetic,standard,multihotspot,32,32x32,synthetic_val
synthetic_standard_stripes_32_00117,synthetic,standard,stripes,32,32x32,synthetic_train
synthetic_standard_uniform_32_00118,synthetic,standard,uniform,32,32x32,synthetic_val
synthetic_standard_hotspot_32_00119,synthetic,standard,hotspot,32,32x32,synthetic_train
synthetic_standard_hotspot_32_00120,synthetic,standard,hotspot,32,32x32,synthetic_train
synthetic_standard_multihotspot_32_00121,synthetic,standard,multihotspot,32,32x32,synthetic_test
synthetic_standard_checkerboard_32_00122,synthetic,standard,checkerboard,32,32x32,synthetic_train
synthetic_standard_stripes_32_00123,synthetic,standard,stripes,32,32x32,synthetic_train
synthetic_standard_checkerboard_32_00124,synthetic,standard,checkerboard,32,32x32,synthetic_train
synthetic_standard_uniform_32_00125,synthetic,standard,uniform,32,32x32,synthetic_train
synthetic_standard_uniform_32_00126,synthetic,standard,uniform,32,32x32,synthetic_train
synthetic_standard_hotspot_32_00127,synthetic,standard,hotspot,32,32x32,synthetic_train
synthetic_standard_multihotspot_32_00128,synthetic,standard,multihotspot,32,32x32,synthetic_train
synthetic_standard_hotspot_32_00129,synthetic,standard,hotspot,32,32x32,synthetic_train
synthetic_standard_quadrant_32_00130,synthetic,standard,quadrant,32,32x32,synthetic_train
synthetic_standard_stripes_32_00131,synthetic,standard,stripes,32,32x32,synthetic_train
synthetic_standard_checkerboard_32_00132,synthetic,standard,checkerboard,32,32x32,synthetic_train
synthetic_standard_hotspot_32_00133,synthetic,standard,hotspot,32,32x32,synthetic_train
synthetic_standard_uniform_32_00134,synthetic,standard,uniform,32,32x32,synthetic_train
synthetic_standard_hotspot_32_00135,synthetic,standard,hotspot,32,32x32,synthetic_train
synthetic_standard_multihotspot_32_00136,synthetic,standard,multihotspot,32,32x32,synthetic_train
synthetic_standard_hotspot_32_00137,synthetic,standard,hotspot,32,32x32,synthetic_train
synthetic_standard_checkerboard_32_00138,synthetic,standard,checkerboard,32,32x32,synthetic_train
synthetic_standard_checkerboard_32_00139,synthetic,standard,checkerboard,32,32x32,synthetic_test
synthetic_standard_quadrant_32_00140,synthetic,standard,quadrant,32,32x32,synthetic_train
synthetic_standard_hotspot_32_00141,synthetic,standard,hotspot,32,32x32,synthetic_train
synthetic_standard_hotspot_32_00142,synthetic,standard,hotspot,32,32x32,synthetic_train
synthetic_standard_checkerboard_32_00143,synthetic,standard,checkerboard,32,32x32,synthetic_val
synthetic_standard_quadrant_32_00144,synthetic,standard,quadrant,32,32x32,synthetic_test
synthetic_standard_checkerboard_32_00145,synthetic,standard,checkerboard,32,32x32,synthetic_train
synthetic_standard_uniform_32_00146,synthetic,standard,uniform,32,32x32,synthetic_val
synthetic_standard_quadrant_32_00147,synthetic,standard,quadrant,32,32x32,synthetic_train
synthetic_standard_stripes_32_00148,synthetic,standard,stripes,32,32x32,synthetic_train
synthetic_standard_hotspot_32_00149,synthetic,standard,hotspot,32,32x32,synthetic_train
synthetic_standard_checkerboard_32_00150,synthetic,standard,checkerboard,32,32x32,synthetic_train
synthetic_standard_hotspot_32_00151,synthetic,standard,hotspot,32,32x32,synthetic_train
synthetic_standard_quadrant_32_00152,synthetic,standard,quadrant,32,32x32,synthetic_train
synthetic_standard_quadrant_32_00153,synthetic,standard,quadrant,32,32x32,synthetic_test
synthetic_standard_hotspot_32_00154,synthetic,standard,hotspot,32,32x32,synthetic_train
synthetic_standard_multihotspot_32_00155,synthetic,standard,multihotspot,32,32x32,synthetic_train
synthetic_standard_checkerboard_32_00156,synthetic,standard,checkerboard,32,32x32,synthetic_val
synthetic_standard_multihotspot_32_00157,synthetic,standard,multihotspot,32,32x32,synthetic_test
synthetic_standard_checkerboard_32_00158,synthetic,standard,checkerboard,32,32x32,synthetic_train
synthetic_standard_uniform_32_00159,synthetic,standard,uniform,32,32x32,synthetic_test
synthetic_standard_hotspot_32_00160,synthetic,standard,hotspot,32,32x32,synthetic_train
synthetic_standard_multihotspot_32_00161,synthetic,standard,multihotspot,32,32x32,synthetic_train
synthetic_standard_checkerboard_32_00162,synthetic,standard,checkerboard,32,32x32,synthetic_train
synthetic_standard_multihotspot_32_00163,synthetic,standard,multihotspot,32,32x32,synthetic_train
synthetic_standard_quadrant_32_00164,synthetic,standard,quadrant,32,32x32,synthetic_train
synthetic_standard_hotspot_32_00165,synthetic,standard,hotspot,32,32x32,synthetic_test
synthetic_standard_uniform_32_00166,synthetic,standard,uniform,32,32x32,synthetic_train
synthetic_standard_multihotspot_32_00167,synthetic,standard,multihotspot,32,32x32,synthetic_train
synthetic_standard_quadrant_32_00168,synthetic,standard,quadrant,32,32x32,synthetic_train
synthetic_standard_hotspot_32_00169,synthetic,standard,hotspot,32,32x32,synthetic_train
synthetic_standard_checkerboard_32_00170,synthetic,standard,checkerboard,32,32x32,synthetic_test
synthetic_standard_checkerboard_32_00171,synthetic,standard,checkerboard,32,32x32,synthetic_train
synthetic_standard_multihotspot_32_00172,synthetic,standard,multihotspot,32,32x32,synthetic_train
synthetic_standard_multihotspot_32_00173,synthetic,standard,multihotspot,32,32x32,synthetic_train
synthetic_standard_uniform_32_00174,synthetic,standard,uniform,32,32x32,synthetic_test
synthetic_standard_checkerboard_32_00175,synthetic,standard,checkerboard,32,32x32,synthetic_test
synthetic_standard_hotspot_32_00176,synthetic,standard,hotspot,32,32x32,synthetic_val
synthetic_standard_multihotspot_32_00177,synthetic,standard,multihotspot,32,32x32,synthetic_train
synthetic_standard_hotspot_32_00178,synthetic,standard,hotspot,32,32x32,synthetic_train
synthetic_standard_stripes_32_00179,synthetic,standard,stripes,32,32x32,synthetic_test
synthetic_standard_uniform_32_00180,synthetic,standard,uniform,32,32x32,synthetic_test
synthetic_standard_uniform_32_00181,synthetic,standard,uniform,32,32x32,synthetic_val
synthetic_standard_multihotspot_32_00182,synthetic,standard,multihotspot,32,32x32,synthetic_test
synthetic_standard_hotspot_32_00183,synthetic,standard,hotspot,32,32x32,synthetic_train
synthetic_standard_stripes_32_00184,synthetic,standard,stripes,32,32x32,synthetic_train
synthetic_standard_uniform_32_00185,synthetic,standard,uniform,32,32x32,synthetic_train
synthetic_standard_hotspot_32_00186,synthetic,standard,hotspot,32,32x32,synthetic_val
synthetic_standard_quadrant_32_00187,synthetic,standard,quadrant,32,32x32,synthetic_train
synthetic_standard_hotspot_32_00188,synthetic,standard,hotspot,32,32x32,synthetic_train
synthetic_standard_quadrant_32_00189,synthetic,standard,quadrant,32,32x32,synthetic_val
synthetic_standard_uniform_32_00190,synthetic,standard,uniform,32,32x32,synthetic_test
synthetic_standard_stripes_32_00191,synthetic,standard,stripes,32,32x32,synthetic_train
synthetic_standard_stripes_32_00192,synthetic,standard,stripes,32,32x32,synthetic_train
synthetic_standard_hotspot_32_00193,synthetic,standard,hotspot,32,32x32,synthetic_test
synthetic_standard_stripes_32_00194,synthetic,standard,stripes,32,32x32,synthetic_train
synthetic_standard_stripes_32_00195,synthetic,standard,stripes,32,32x32,synthetic_test
synthetic_standard_stripes_32_00196,synthetic,standard,stripes,32,32x32,synthetic_train
synthetic_standard_quadrant_32_00197,synthetic,standard,quadrant,32,32x32,synthetic_val
synthetic_standard_quadrant_32_00198,synthetic,standard,quadrant,32,32x32,synthetic_train
synthetic_standard_quadrant_32_00199,synthetic,standard,quadrant,32,32x32,synthetic_test
synthetic_standard_quadrant_32_00200,synthetic,standard,quadrant,32,32x32,synthetic_train
synthetic_standard_stripes_32_00201,synthetic,standard,stripes,32,32x32,synthetic_test
synthetic_standard_checkerboard_32_00202,synthetic,standard,checkerboard,32,32x32,synthetic_test
synthetic_standard_quadrant_32_00203,synthetic,standard,quadrant,32,32x32,synthetic_train
synthetic_standard_stripes_32_00204,synthetic,standard,stripes,32,32x32,synthetic_train
synthetic_standard_uniform_32_00205,synthetic,standard,uniform,32,32x32,synthetic_val
synthetic_standard_checkerboard_32_00206,synthetic,standard,checkerboard,32,32x32,synthetic_train
synthetic_standard_quadrant_32_00207,synthetic,standard,quadrant,32,32x32,synthetic_train
synthetic_standard_hotspot_32_00208,synthetic,standard,hotspot,32,32x32,synthetic_train
synthetic_standard_stripes_32_00209,synthetic,standard,stripes,32,32x32,synthetic_train
synthetic_standard_checkerboard_32_00210,synthetic,standard,checkerboard,32,32x32,synthetic_train
synthetic_standard_hotspot_32_00211,synthetic,standard,hotspot,32,32x32,synthetic_train
synthetic_standard_hotspot_32_00212,synthetic,standard,hotspot,32,32x32,synthetic_train
synthetic_standard_stripes_32_00213,synthetic,standard,stripes,32,32x32,synthetic_test
synthetic_standard_multihotspot_32_00214,synthetic,standard,multihotspot,32,32x32,synthetic_val
synthetic_standard_hotspot_32_00215,synthetic,standard,hotspot,32,32x32,synthetic_train
synthetic_standard_hotspot_32_00216,synthetic,standard,hotspot,32,32x32,synthetic_train
synthetic_standard_stripes_32_00217,synthetic,standard,stripes,32,32x32,synthetic_test
synthetic_standard_multihotspot_32_00218,synthetic,standard,multihotspot,32,32x32,synthetic_train
synthetic_standard_stripes_32_00219,synthetic,standard,stripes,32,32x32,synthetic_train
synthetic_standard_uniform_32_00220,synthetic,standard,uniform,32,32x32,synthetic_test
synthetic_standard_checkerboard_32_00221,synthetic,standard,checkerboard,32,32x32,synthetic_train
synthetic_standard_multihotspot_32_00222,synthetic,standard,multihotspot,32,32x32,synthetic_test
synthetic_standard_hotspot_32_00223,synthetic,standard,hotspot,32,32x32,synthetic_train
synthetic_standard_hotspot_32_00224,synthetic,standard,hotspot,32,32x32,synthetic_train
synthetic_standard_uniform_32_00225,synthetic,standard,uniform,32,32x32,synthetic_train
synthetic_standard_quadrant_32_00226,synthetic,standard,quadrant,32,32x32,synthetic_train
synthetic_standard_checkerboard_32_00227,synthetic,standard,checkerboard,32,32x32,synthetic_train
synthetic_standard_hotspot_32_00228,synthetic,standard,hotspot,32,32x32,synthetic_test
synthetic_standard_uniform_32_00229,synthetic,standard,uniform,32,32x32,synthetic_train
synthetic_standard_multihotspot_32_00230,synthetic,standard,multihotspot,32,32x32,synthetic_val
synthetic_standard_checkerboard_32_00231,synthetic,standard,checkerboard,32,32x32,synthetic_test
synthetic_standard_uniform_32_00232,synthetic,standard,uniform,32,32x32,synthetic_train
synthetic_standard_multihotspot_32_00233,synthetic,standard,multihotspot,32,32x32,synthetic_test
synthetic_standard_hotspot_32_00234,synthetic,standard,hotspot,32,32x32,synthetic_train
synthetic_standard_uniform_32_00235,synthetic,standard,uniform,32,32x32,synthetic_train
synthetic_standard_hotspot_32_00236,synthetic,standard,hotspot,32,32x32,synthetic_train
synthetic_standard_uniform_32_00237,synthetic,standard,uniform,32,32x32,synthetic_train
synthetic_standard_hotspot_32_00238,synthetic,standard,hotspot,32,32x32,synthetic_test
synthetic_standard_stripes_32_00239,synthetic,standard,stripes,32,32x32,synthetic_train
synthetic_standard_multihotspot_32_00240,synthetic,standard,multihotspot,32,32x32,synthetic_train
synthetic_standard_hotspot_32_00241,synthetic,standard,hotspot,32,32x32,synthetic_test
synthetic_standard_hotspot_32_00242,synthetic,standard,hotspot,32,32x32,synthetic_train
synthetic_standard_uniform_32_00243,synthetic,standard,uniform,32,32x32,synthetic_train
synthetic_standard_stripes_32_00244,synthetic,standard,stripes,32,32x32,synthetic_train
synthetic_standard_checkerboard_32_00245,synthetic,standard,checkerboard,32,32x32,synthetic_train
synthetic_standard_checkerboard_32_00246,synthetic,standard,checkerboard,32,32x32,synthetic_train
synthetic_standard_hotspot_32_00247,synthetic,standard,hotspot,32,32x32,synthetic_train
synthetic_standard_uniform_32_00248,synthetic,standard,uniform,32,32x32,synthetic_train
synthetic_standard_uniform_32_00249,synthetic,standard,uniform,32,32x32,synthetic_train
synthetic_systolic_uniform_32_00000,synthetic,systolic,uniform,32,32x32,synthetic_train
synthetic_systolic_hotspot_32_00001,synthetic,systolic,hotspot,32,32x32,synthetic_train
synthetic_systolic_hotspot_32_00002,synthetic,systolic,hotspot,32,32x32,synthetic_test
synthetic_systolic_uniform_32_00003,synthetic,systolic,uniform,32,32x32,synthetic_train
synthetic_systolic_wavefront_32_00004,synthetic,systolic,wavefront,32,32x32,synthetic_test
synthetic_systolic_checkerboard_32_00005,synthetic,systolic,checkerboard,32,32x32,synthetic_train
synthetic_systolic_checkerboard_32_00006,synthetic,systolic,checkerboard,32,32x32,synthetic_train
synthetic_systolic_banded_32_00007,synthetic,systolic,banded,32,32x32,synthetic_val
synthetic_systolic_checkerboard_32_00008,synthetic,systolic,checkerboard,32,32x32,synthetic_train
synthetic_systolic_hotspot_32_00009,synthetic,systolic,hotspot,32,32x32,synthetic_train
synthetic_systolic_uniform_32_00010,synthetic,systolic,uniform,32,32x32,synthetic_train
synthetic_systolic_hotspot_32_00011,synthetic,systolic,hotspot,32,32x32,synthetic_train
synthetic_systolic_checkerboard_32_00012,synthetic,systolic,checkerboard,32,32x32,synthetic_train
synthetic_systolic_banded_32_00013,synthetic,systolic,banded,32,32x32,synthetic_train
synthetic_systolic_uniform_32_00014,synthetic,systolic,uniform,32,32x32,synthetic_val
synthetic_systolic_uniform_32_00015,synthetic,systolic,uniform,32,32x32,synthetic_train
synthetic_systolic_banded_32_00016,synthetic,systolic,banded,32,32x32,synthetic_train
synthetic_systolic_wavefront_32_00017,synthetic,systolic,wavefront,32,32x32,synthetic_test
synthetic_systolic_uniform_32_00018,synthetic,systolic,uniform,32,32x32,synthetic_train
synthetic_systolic_wavefront_32_00019,synthetic,systolic,wavefront,32,32x32,synthetic_train
synthetic_systolic_banded_32_00020,synthetic,systolic,banded,32,32x32,synthetic_val
synthetic_systolic_banded_32_00021,synthetic,systolic,banded,32,32x32,synthetic_test
synthetic_systolic_uniform_32_00022,synthetic,systolic,uniform,32,32x32,synthetic_train
synthetic_systolic_checkerboard_32_00023,synthetic,systolic,checkerboard,32,32x32,synthetic_train
synthetic_systolic_uniform_32_00024,synthetic,systolic,uniform,32,32x32,synthetic_train
synthetic_systolic_banded_32_00025,synthetic,systolic,banded,32,32x32,synthetic_test
synthetic_systolic_hotspot_32_00026,synthetic,systolic,hotspot,32,32x32,synthetic_train
synthetic_systolic_checkerboard_32_00027,synthetic,systolic,checkerboard,32,32x32,synthetic_train
synthetic_systolic_checkerboard_32_00028,synthetic,systolic,checkerboard,32,32x32,synthetic_test
synthetic_systolic_hotspot_32_00029,synthetic,systolic,hotspot,32,32x32,synthetic_train
synthetic_systolic_hotspot_32_00030,synthetic,systolic,hotspot,32,32x32,synthetic_train
synthetic_systolic_hotspot_32_00031,synthetic,systolic,hotspot,32,32x32,synthetic_train
synthetic_systolic_uniform_32_00032,synthetic,systolic,uniform,32,32x32,synthetic_train
synthetic_systolic_uniform_32_00033,synthetic,systolic,uniform,32,32x32,synthetic_train
synthetic_systolic_hotspot_32_00034,synthetic,systolic,hotspot,32,32x32,synthetic_train
synthetic_systolic_uniform_32_00035,synthetic,systolic,uniform,32,32x32,synthetic_test
synthetic_systolic_uniform_32_00036,synthetic,systolic,uniform,32,32x32,synthetic_val
synthetic_systolic_checkerboard_32_00037,synthetic,systolic,checkerboard,32,32x32,synthetic_train
synthetic_systolic_uniform_32_00038,synthetic,systolic,uniform,32,32x32,synthetic_test
synthetic_systolic_hotspot_32_00039,synthetic,systolic,hotspot,32,32x32,synthetic_train
synthetic_systolic_uniform_32_00040,synthetic,systolic,uniform,32,32x32,synthetic_train
synthetic_systolic_banded_32_00041,synthetic,systolic,banded,32,32x32,synthetic_train
synthetic_systolic_banded_32_00042,synthetic,systolic,banded,32,32x32,synthetic_train
synthetic_systolic_hotspot_32_00043,synthetic,systolic,hotspot,32,32x32,synthetic_train
synthetic_systolic_wavefront_32_00044,synthetic,systolic,wavefront,32,32x32,synthetic_train
synthetic_systolic_banded_32_00045,synthetic,systolic,banded,32,32x32,synthetic_train
synthetic_systolic_wavefront_32_00046,synthetic,systolic,wavefront,32,32x32,synthetic_train
synthetic_systolic_checkerboard_32_00047,synthetic,systolic,checkerboard,32,32x32,synthetic_train
synthetic_systolic_hotspot_32_00048,synthetic,systolic,hotspot,32,32x32,synthetic_train
synthetic_systolic_checkerboard_32_00049,synthetic,systolic,checkerboard,32,32x32,synthetic_train
synthetic_systolic_uniform_32_00050,synthetic,systolic,uniform,32,32x32,synthetic_train
synthetic_systolic_uniform_32_00051,synthetic,systolic,uniform,32,32x32,synthetic_train
synthetic_systolic_hotspot_32_00052,synthetic,systolic,hotspot,32,32x32,synthetic_train
synthetic_systolic_wavefront_32_00053,synthetic,systolic,wavefront,32,32x32,synthetic_test
synthetic_systolic_checkerboard_32_00054,synthetic,systolic,checkerboard,32,32x32,synthetic_test
synthetic_systolic_uniform_32_00055,synthetic,systolic,uniform,32,32x32,synthetic_test
synthetic_systolic_uniform_32_00056,synthetic,systolic,uniform,32,32x32,synthetic_train
synthetic_systolic_hotspot_32_00057,synthetic,systolic,hotspot,32,32x32,synthetic_test
synthetic_systolic_hotspot_32_00058,synthetic,systolic,hotspot,32,32x32,synthetic_test
synthetic_systolic_hotspot_32_00059,synthetic,systolic,hotspot,32,32x32,synthetic_train
synthetic_systolic_hotspot_32_00060,synthetic,systolic,hotspot,32,32x32,synthetic_test
synthetic_systolic_wavefront_32_00061,synthetic,systolic,wavefront,32,32x32,synthetic_test
synthetic_systolic_hotspot_32_00062,synthetic,systolic,hotspot,32,32x32,synthetic_train
synthetic_systolic_uniform_32_00063,synthetic,systolic,uniform,32,32x32,synthetic_test
synthetic_systolic_uniform_32_00064,synthetic,systolic,uniform,32,32x32,synthetic_train
synthetic_systolic_hotspot_32_00065,synthetic,systolic,hotspot,32,32x32,synthetic_test
synthetic_systolic_checkerboard_32_00066,synthetic,systolic,checkerboard,32,32x32,synthetic_train
synthetic_systolic_banded_32_00067,synthetic,systolic,banded,32,32x32,synthetic_train
synthetic_systolic_checkerboard_32_00068,synthetic,systolic,checkerboard,32,32x32,synthetic_val
synthetic_systolic_uniform_32_00069,synthetic,systolic,uniform,32,32x32,synthetic_train
synthetic_systolic_uniform_32_00070,synthetic,systolic,uniform,32,32x32,synthetic_train
synthetic_systolic_uniform_32_00071,synthetic,systolic,uniform,32,32x32,synthetic_val
synthetic_systolic_hotspot_32_00072,synthetic,systolic,hotspot,32,32x32,synthetic_train
synthetic_systolic_banded_32_00073,synthetic,systolic,banded,32,32x32,synthetic_train
synthetic_systolic_checkerboard_32_00074,synthetic,systolic,checkerboard,32,32x32,synthetic_train
synthetic_systolic_hotspot_32_00075,synthetic,systolic,hotspot,32,32x32,synthetic_train
synthetic_systolic_wavefront_32_00076,synthetic,systolic,wavefront,32,32x32,synthetic_train
synthetic_systolic_banded_32_00077,synthetic,systolic,banded,32,32x32,synthetic_train
synthetic_systolic_checkerboard_32_00078,synthetic,systolic,checkerboard,32,32x32,synthetic_train
synthetic_systolic_hotspot_32_00079,synthetic,systolic,hotspot,32,32x32,synthetic_test
synthetic_systolic_hotspot_32_00080,synthetic,systolic,hotspot,32,32x32,synthetic_train
synthetic_systolic_hotspot_32_00081,synthetic,systolic,hotspot,32,32x32,synthetic_train
synthetic_systolic_hotspot_32_00082,synthetic,systolic,hotspot,32,32x32,synthetic_train
synthetic_systolic_uniform_32_00083,synthetic,systolic,uniform,32,32x32,synthetic_train
synthetic_systolic_uniform_32_00084,synthetic,systolic,uniform,32,32x32,synthetic_test
synthetic_systolic_checkerboard_32_00085,synthetic,systolic,checkerboard,32,32x32,synthetic_test
synthetic_systolic_hotspot_32_00086,synthetic,systolic,hotspot,32,32x32,synthetic_val
synthetic_systolic_banded_32_00087,synthetic,systolic,banded,32,32x32,synthetic_test
synthetic_systolic_wavefront_32_00088,synthetic,systolic,wavefront,32,32x32,synthetic_train
synthetic_systolic_checkerboard_32_00089,synthetic,systolic,checkerboard,32,32x32,synthetic_train
synthetic_systolic_hotspot_32_00090,synthetic,systolic,hotspot,32,32x32,synthetic_val
synthetic_systolic_banded_32_00091,synthetic,systolic,banded,32,32x32,synthetic_train
synthetic_systolic_uniform_32_00092,synthetic,systolic,uniform,32,32x32,synthetic_train
synthetic_systolic_uniform_32_00093,synthetic,systolic,uniform,32,32x32,synthetic_val
synthetic_systolic_hotspot_32_00094,synthetic,systolic,hotspot,32,32x32,synthetic_train
synthetic_systolic_banded_32_00095,synthetic,systolic,banded,32,32x32,synthetic_train
synthetic_systolic_banded_32_00096,synthetic,systolic,banded,32,32x32,synthetic_test
synthetic_systolic_checkerboard_32_00097,synthetic,systolic,checkerboard,32,32x32,synthetic_val
synthetic_systolic_hotspot_32_00098,synthetic,systolic,hotspot,32,32x32,synthetic_train
synthetic_systolic_uniform_32_00099,synthetic,systolic,uniform,32,32x32,synthetic_train
synthetic_systolic_banded_32_00100,synthetic,systolic,banded,32,32x32,synthetic_val
synthetic_systolic_hotspot_32_00101,synthetic,systolic,hotspot,32,32x32,synthetic_train
synthetic_systolic_banded_32_00102,synthetic,systolic,banded,32,32x32,synthetic_train
synthetic_systolic_checkerboard_32_00103,synthetic,systolic,checkerboard,32,32x32,synthetic_train
synthetic_systolic_banded_32_00104,synthetic,systolic,banded,32,32x32,synthetic_train
synthetic_systolic_hotspot_32_00105,synthetic,systolic,hotspot,32,32x32,synthetic_train
synthetic_systolic_uniform_32_00106,synthetic,systolic,uniform,32,32x32,synthetic_val
synthetic_systolic_banded_32_00107,synthetic,systolic,banded,32,32x32,synthetic_train
synthetic_systolic_wavefront_32_00108,synthetic,systolic,wavefront,32,32x32,synthetic_val
synthetic_systolic_checkerboard_32_00109,synthetic,systolic,checkerboard,32,32x32,synthetic_train
synthetic_systolic_hotspot_32_00110,synthetic,systolic,hotspot,32,32x32,synthetic_train
synthetic_systolic_banded_32_00111,synthetic,systolic,banded,32,32x32,synthetic_train
synthetic_systolic_uniform_32_00112,synthetic,systolic,uniform,32,32x32,synthetic_test
synthetic_systolic_checkerboard_32_00113,synthetic,systolic,checkerboard,32,32x32,synthetic_train
synthetic_systolic_wavefront_32_00114,synthetic,systolic,wavefront,32,32x32,synthetic_train
synthetic_systolic_hotspot_32_00115,synthetic,systolic,hotspot,32,32x32,synthetic_train
synthetic_systolic_uniform_32_00116,synthetic,systolic,uniform,32,32x32,synthetic_val
synthetic_systolic_uniform_32_00117,synthetic,systolic,uniform,32,32x32,synthetic_train
synthetic_systolic_uniform_32_00118,synthetic,systolic,uniform,32,32x32,synthetic_val
synthetic_systolic_banded_32_00119,synthetic,systolic,banded,32,32x32,synthetic_train
synthetic_systolic_hotspot_32_00120,synthetic,systolic,hotspot,32,32x32,synthetic_train
synthetic_systolic_hotspot_32_00121,synthetic,systolic,hotspot,32,32x32,synthetic_train
synthetic_systolic_hotspot_32_00122,synthetic,systolic,hotspot,32,32x32,synthetic_train
synthetic_systolic_hotspot_32_00123,synthetic,systolic,hotspot,32,32x32,synthetic_test
synthetic_systolic_hotspot_32_00124,synthetic,systolic,hotspot,32,32x32,synthetic_train
synthetic_systolic_wavefront_32_00125,synthetic,systolic,wavefront,32,32x32,synthetic_train
synthetic_systolic_wavefront_32_00126,synthetic,systolic,wavefront,32,32x32,synthetic_train
synthetic_systolic_hotspot_32_00127,synthetic,systolic,hotspot,32,32x32,synthetic_test
synthetic_systolic_hotspot_32_00128,synthetic,systolic,hotspot,32,32x32,synthetic_train
synthetic_systolic_hotspot_32_00129,synthetic,systolic,hotspot,32,32x32,synthetic_train
synthetic_systolic_hotspot_32_00130,synthetic,systolic,hotspot,32,32x32,synthetic_test
synthetic_systolic_wavefront_32_00131,synthetic,systolic,wavefront,32,32x32,synthetic_val
synthetic_systolic_checkerboard_32_00132,synthetic,systolic,checkerboard,32,32x32,synthetic_train
synthetic_systolic_banded_32_00133,synthetic,systolic,banded,32,32x32,synthetic_train
synthetic_systolic_checkerboard_32_00134,synthetic,systolic,checkerboard,32,32x32,synthetic_train
synthetic_systolic_banded_32_00135,synthetic,systolic,banded,32,32x32,synthetic_train
synthetic_systolic_banded_32_00136,synthetic,systolic,banded,32,32x32,synthetic_train
synthetic_systolic_hotspot_32_00137,synthetic,systolic,hotspot,32,32x32,synthetic_val
synthetic_systolic_hotspot_32_00138,synthetic,systolic,hotspot,32,32x32,synthetic_train
synthetic_systolic_hotspot_32_00139,synthetic,systolic,hotspot,32,32x32,synthetic_val
synthetic_systolic_uniform_32_00140,synthetic,systolic,uniform,32,32x32,synthetic_train
synthetic_systolic_hotspot_32_00141,synthetic,systolic,hotspot,32,32x32,synthetic_val
synthetic_systolic_uniform_32_00142,synthetic,systolic,uniform,32,32x32,synthetic_train
synthetic_systolic_checkerboard_32_00143,synthetic,systolic,checkerboard,32,32x32,synthetic_train
synthetic_systolic_uniform_32_00144,synthetic,systolic,uniform,32,32x32,synthetic_train
synthetic_systolic_wavefront_32_00145,synthetic,systolic,wavefront,32,32x32,synthetic_train
synthetic_systolic_uniform_32_00146,synthetic,systolic,uniform,32,32x32,synthetic_train
synthetic_systolic_hotspot_32_00147,synthetic,systolic,hotspot,32,32x32,synthetic_test
synthetic_systolic_checkerboard_32_00148,synthetic,systolic,checkerboard,32,32x32,synthetic_train
synthetic_systolic_hotspot_32_00149,synthetic,systolic,hotspot,32,32x32,synthetic_train
synthetic_systolic_uniform_32_00150,synthetic,systolic,uniform,32,32x32,synthetic_train
synthetic_systolic_banded_32_00151,synthetic,systolic,banded,32,32x32,synthetic_val
synthetic_systolic_checkerboard_32_00152,synthetic,systolic,checkerboard,32,32x32,synthetic_train
synthetic_systolic_uniform_32_00153,synthetic,systolic,uniform,32,32x32,synthetic_train
synthetic_systolic_wavefront_32_00154,synthetic,systolic,wavefront,32,32x32,synthetic_train
synthetic_systolic_hotspot_32_00155,synthetic,systolic,hotspot,32,32x32,synthetic_train
synthetic_systolic_hotspot_32_00156,synthetic,systolic,hotspot,32,32x32,synthetic_train
synthetic_systolic_wavefront_32_00157,synthetic,systolic,wavefront,32,32x32,synthetic_train
synthetic_systolic_uniform_32_00158,synthetic,systolic,uniform,32,32x32,synthetic_train
synthetic_systolic_uniform_32_00159,synthetic,systolic,uniform,32,32x32,synthetic_test
synthetic_systolic_hotspot_32_00160,synthetic,systolic,hotspot,32,32x32,synthetic_val
synthetic_systolic_checkerboard_32_00161,synthetic,systolic,checkerboard,32,32x32,synthetic_val
synthetic_systolic_uniform_32_00162,synthetic,systolic,uniform,32,32x32,synthetic_val
synthetic_systolic_uniform_32_00163,synthetic,systolic,uniform,32,32x32,synthetic_train
synthetic_systolic_wavefront_32_00164,synthetic,systolic,wavefront,32,32x32,synthetic_train
synthetic_systolic_checkerboard_32_00165,synthetic,systolic,checkerboard,32,32x32,synthetic_val
synthetic_systolic_wavefront_32_00166,synthetic,systolic,wavefront,32,32x32,synthetic_val
synthetic_systolic_uniform_32_00167,synthetic,systolic,uniform,32,32x32,synthetic_train
synthetic_systolic_hotspot_32_00168,synthetic,systolic,hotspot,32,32x32,synthetic_test
synthetic_systolic_uniform_32_00169,synthetic,systolic,uniform,32,32x32,synthetic_train
synthetic_systolic_banded_32_00170,synthetic,systolic,banded,32,32x32,synthetic_train
synthetic_systolic_wavefront_32_00171,synthetic,systolic,wavefront,32,32x32,synthetic_test
synthetic_systolic_banded_32_00172,synthetic,systolic,banded,32,32x32,synthetic_train
synthetic_systolic_checkerboard_32_00173,synthetic,systolic,checkerboard,32,32x32,synthetic_test
synthetic_systolic_wavefront_32_00174,synthetic,systolic,wavefront,32,32x32,synthetic_train
synthetic_systolic_wavefront_32_00175,synthetic,systolic,wavefront,32,32x32,synthetic_train
synthetic_systolic_hotspot_32_00176,synthetic,systolic,hotspot,32,32x32,synthetic_train
synthetic_systolic_hotspot_32_00177,synthetic,systolic,hotspot,32,32x32,synthetic_train
synthetic_systolic_hotspot_32_00178,synthetic,systolic,hotspot,32,32x32,synthetic_val
synthetic_systolic_uniform_32_00179,synthetic,systolic,uniform,32,32x32,synthetic_train
synthetic_systolic_wavefront_32_00180,synthetic,systolic,wavefront,32,32x32,synthetic_train
synthetic_systolic_uniform_32_00181,synthetic,systolic,uniform,32,32x32,synthetic_train
synthetic_systolic_checkerboard_32_00182,synthetic,systolic,checkerboard,32,32x32,synthetic_test
synthetic_systolic_wavefront_32_00183,synthetic,systolic,wavefront,32,32x32,synthetic_train
synthetic_systolic_banded_32_00184,synthetic,systolic,banded,32,32x32,synthetic_test
synthetic_systolic_banded_32_00185,synthetic,systolic,banded,32,32x32,synthetic_train
synthetic_systolic_checkerboard_32_00186,synthetic,systolic,checkerboard,32,32x32,synthetic_train
synthetic_systolic_banded_32_00187,synthetic,systolic,banded,32,32x32,synthetic_val
synthetic_systolic_uniform_32_00188,synthetic,systolic,uniform,32,32x32,synthetic_train
synthetic_systolic_hotspot_32_00189,synthetic,systolic,hotspot,32,32x32,synthetic_val
synthetic_systolic_checkerboard_32_00190,synthetic,systolic,checkerboard,32,32x32,synthetic_train
synthetic_systolic_uniform_32_00191,synthetic,systolic,uniform,32,32x32,synthetic_train
synthetic_systolic_uniform_32_00192,synthetic,systolic,uniform,32,32x32,synthetic_train
synthetic_systolic_uniform_32_00193,synthetic,systolic,uniform,32,32x32,synthetic_train
synthetic_systolic_checkerboard_32_00194,synthetic,systolic,checkerboard,32,32x32,synthetic_train
synthetic_systolic_wavefront_32_00195,synthetic,systolic,wavefront,32,32x32,synthetic_train
synthetic_systolic_hotspot_32_00196,synthetic,systolic,hotspot,32,32x32,synthetic_train
synthetic_systolic_hotspot_32_00197,synthetic,systolic,hotspot,32,32x32,synthetic_train
synthetic_systolic_wavefront_32_00198,synthetic,systolic,wavefront,32,32x32,synthetic_train
synthetic_systolic_wavefront_32_00199,synthetic,systolic,wavefront,32,32x32,synthetic_train
synthetic_systolic_uniform_32_00200,synthetic,systolic,uniform,32,32x32,synthetic_train
synthetic_systolic_checkerboard_32_00201,synthetic,systolic,checkerboard,32,32x32,synthetic_train
synthetic_systolic_uniform_32_00202,synthetic,systolic,uniform,32,32x32,synthetic_train
synthetic_systolic_uniform_32_00203,synthetic,systolic,uniform,32,32x32,synthetic_test
synthetic_systolic_hotspot_32_00204,synthetic,systolic,hotspot,32,32x32,synthetic_val
synthetic_systolic_hotspot_32_00205,synthetic,systolic,hotspot,32,32x32,synthetic_train
synthetic_systolic_uniform_32_00206,synthetic,systolic,uniform,32,32x32,synthetic_train
synthetic_systolic_hotspot_32_00207,synthetic,systolic,hotspot,32,32x32,synthetic_val
synthetic_systolic_checkerboard_32_00208,synthetic,systolic,checkerboard,32,32x32,synthetic_val
synthetic_systolic_hotspot_32_00209,synthetic,systolic,hotspot,32,32x32,synthetic_train
synthetic_systolic_checkerboard_32_00210,synthetic,systolic,checkerboard,32,32x32,synthetic_train
synthetic_systolic_checkerboard_32_00211,synthetic,systolic,checkerboard,32,32x32,synthetic_test
synthetic_systolic_hotspot_32_00212,synthetic,systolic,hotspot,32,32x32,synthetic_train
synthetic_systolic_checkerboard_32_00213,synthetic,systolic,checkerboard,32,32x32,synthetic_test
synthetic_systolic_hotspot_32_00214,synthetic,systolic,hotspot,32,32x32,synthetic_train
synthetic_systolic_uniform_32_00215,synthetic,systolic,uniform,32,32x32,synthetic_val
synthetic_systolic_hotspot_32_00216,synthetic,systolic,hotspot,32,32x32,synthetic_train
synthetic_systolic_hotspot_32_00217,synthetic,systolic,hotspot,32,32x32,synthetic_test
synthetic_systolic_hotspot_32_00218,synthetic,systolic,hotspot,32,32x32,synthetic_train
synthetic_systolic_hotspot_32_00219,synthetic,systolic,hotspot,32,32x32,synthetic_train
synthetic_systolic_uniform_32_00220,synthetic,systolic,uniform,32,32x32,synthetic_train
synthetic_systolic_wavefront_32_00221,synthetic,systolic,wavefront,32,32x32,synthetic_train
synthetic_systolic_checkerboard_32_00222,synthetic,systolic,checkerboard,32,32x32,synthetic_train
synthetic_systolic_uniform_32_00223,synthetic,systolic,uniform,32,32x32,synthetic_test
synthetic_systolic_banded_32_00224,synthetic,systolic,banded,32,32x32,synthetic_train
synthetic_systolic_banded_32_00225,synthetic,systolic,banded,32,32x32,synthetic_train
synthetic_systolic_uniform_32_00226,synthetic,systolic,uniform,32,32x32,synthetic_train
synthetic_systolic_uniform_32_00227,synthetic,systolic,uniform,32,32x32,synthetic_train
synthetic_systolic_checkerboard_32_00228,synthetic,systolic,checkerboard,32,32x32,synthetic_train
synthetic_systolic_uniform_32_00229,synthetic,systolic,uniform,32,32x32,synthetic_train
synthetic_systolic_checkerboard_32_00230,synthetic,systolic,checkerboard,32,32x32,synthetic_test
synthetic_systolic_uniform_32_00231,synthetic,systolic,uniform,32,32x32,synthetic_test
synthetic_systolic_checkerboard_32_00232,synthetic,systolic,checkerboard,32,32x32,synthetic_train
synthetic_systolic_hotspot_32_00233,synthetic,systolic,hotspot,32,32x32,synthetic_train
synthetic_systolic_hotspot_32_00234,synthetic,systolic,hotspot,32,32x32,synthetic_train
synthetic_systolic_hotspot_32_00235,synthetic,systolic,hotspot,32,32x32,synthetic_train
synthetic_systolic_banded_32_00236,synthetic,systolic,banded,32,32x32,synthetic_train
synthetic_systolic_checkerboard_32_00237,synthetic,systolic,checkerboard,32,32x32,synthetic_val
synthetic_systolic_hotspot_32_00238,synthetic,systolic,hotspot,32,32x32,synthetic_train
synthetic_systolic_banded_32_00239,synthetic,systolic,banded,32,32x32,synthetic_train
synthetic_systolic_checkerboard_32_00240,synthetic,systolic,checkerboard,32,32x32,synthetic_train
synthetic_systolic_checkerboard_32_00241,synthetic,systolic,checkerboard,32,32x32,synthetic_train
synthetic_systolic_wavefront_32_00242,synthetic,systolic,wavefront,32,32x32,synthetic_train
synthetic_systolic_checkerboard_32_00243,synthetic,systolic,checkerboard,32,32x32,synthetic_val
synthetic_systolic_hotspot_32_00244,synthetic,systolic,hotspot,32,32x32,synthetic_train
synthetic_systolic_checkerboard_32_00245,synthetic,systolic,checkerboard,32,32x32,synthetic_train
synthetic_systolic_wavefront_32_00246,synthetic,systolic,wavefront,32,32x32,synthetic_val
synthetic_systolic_checkerboard_32_00247,synthetic,systolic,checkerboard,32,32x32,synthetic_train
synthetic_systolic_banded_32_00248,synthetic,systolic,banded,32,32x32,synthetic_test
synthetic_systolic_checkerboard_32_00249,synthetic,systolic,checkerboard,32,32x32,synthetic_train
synthetic_standard_multihotspot_64_00000,synthetic,standard,multihotspot,64,64x64,synthetic_test
synthetic_standard_hotspot_64_00001,synthetic,standard,hotspot,64,64x64,synthetic_test
synthetic_standard_multihotspot_64_00002,synthetic,standard,multihotspot,64,64x64,synthetic_val
synthetic_standard_multihotspot_64_00003,synthetic,standard,multihotspot,64,64x64,synthetic_test
synthetic_standard_hotspot_64_00004,synthetic,standard,hotspot,64,64x64,synthetic_train
synthetic_standard_uniform_64_00005,synthetic,standard,uniform,64,64x64,synthetic_test
synthetic_standard_hotspot_64_00006,synthetic,standard,hotspot,64,64x64,synthetic_test
synthetic_standard_hotspot_64_00007,synthetic,standard,hotspot,64,64x64,synthetic_train
synthetic_standard_multihotspot_64_00008,synthetic,standard,multihotspot,64,64x64,synthetic_train
synthetic_standard_uniform_64_00009,synthetic,standard,uniform,64,64x64,synthetic_train
synthetic_standard_uniform_64_00010,synthetic,standard,uniform,64,64x64,synthetic_train
synthetic_standard_checkerboard_64_00011,synthetic,standard,checkerboard,64,64x64,synthetic_test
synthetic_standard_stripes_64_00012,synthetic,standard,stripes,64,64x64,synthetic_train
synthetic_standard_stripes_64_00013,synthetic,standard,stripes,64,64x64,synthetic_val
synthetic_standard_hotspot_64_00014,synthetic,standard,hotspot,64,64x64,synthetic_train
synthetic_standard_uniform_64_00015,synthetic,standard,uniform,64,64x64,synthetic_test
synthetic_standard_hotspot_64_00016,synthetic,standard,hotspot,64,64x64,synthetic_train
synthetic_standard_checkerboard_64_00017,synthetic,standard,checkerboard,64,64x64,synthetic_train
synthetic_standard_uniform_64_00018,synthetic,standard,uniform,64,64x64,synthetic_val
synthetic_standard_hotspot_64_00019,synthetic,standard,hotspot,64,64x64,synthetic_train
synthetic_standard_uniform_64_00020,synthetic,standard,uniform,64,64x64,synthetic_train
synthetic_standard_hotspot_64_00021,synthetic,standard,hotspot,64,64x64,synthetic_train
synthetic_standard_checkerboard_64_00022,synthetic,standard,checkerboard,64,64x64,synthetic_test
synthetic_standard_uniform_64_00023,synthetic,standard,uniform,64,64x64,synthetic_test
synthetic_standard_uniform_64_00024,synthetic,standard,uniform,64,64x64,synthetic_train
synthetic_standard_quadrant_64_00025,synthetic,standard,quadrant,64,64x64,synthetic_test
synthetic_standard_uniform_64_00026,synthetic,standard,uniform,64,64x64,synthetic_train
synthetic_standard_quadrant_64_00027,synthetic,standard,quadrant,64,64x64,synthetic_train
synthetic_standard_checkerboard_64_00028,synthetic,standard,checkerboard,64,64x64,synthetic_val
synthetic_standard_quadrant_64_00029,synthetic,standard,quadrant,64,64x64,synthetic_val
synthetic_standard_uniform_64_00030,synthetic,standard,uniform,64,64x64,synthetic_train
synthetic_standard_stripes_64_00031,synthetic,standard,stripes,64,64x64,synthetic_test
synthetic_standard_uniform_64_00032,synthetic,standard,uniform,64,64x64,synthetic_train
synthetic_standard_checkerboard_64_00033,synthetic,standard,checkerboard,64,64x64,synthetic_test
synthetic_standard_stripes_64_00034,synthetic,standard,stripes,64,64x64,synthetic_train
synthetic_standard_multihotspot_64_00035,synthetic,standard,multihotspot,64,64x64,synthetic_train
synthetic_standard_quadrant_64_00036,synthetic,standard,quadrant,64,64x64,synthetic_train
synthetic_standard_stripes_64_00037,synthetic,standard,stripes,64,64x64,synthetic_train
synthetic_standard_multihotspot_64_00038,synthetic,standard,multihotspot,64,64x64,synthetic_train
synthetic_standard_stripes_64_00039,synthetic,standard,stripes,64,64x64,synthetic_train
synthetic_standard_hotspot_64_00040,synthetic,standard,hotspot,64,64x64,synthetic_train
synthetic_standard_checkerboard_64_00041,synthetic,standard,checkerboard,64,64x64,synthetic_train
synthetic_standard_checkerboard_64_00042,synthetic,standard,checkerboard,64,64x64,synthetic_train
synthetic_standard_hotspot_64_00043,synthetic,standard,hotspot,64,64x64,synthetic_test
synthetic_standard_multihotspot_64_00044,synthetic,standard,multihotspot,64,64x64,synthetic_val
synthetic_standard_hotspot_64_00045,synthetic,standard,hotspot,64,64x64,synthetic_train
synthetic_standard_quadrant_64_00046,synthetic,standard,quadrant,64,64x64,synthetic_train
synthetic_standard_checkerboard_64_00047,synthetic,standard,checkerboard,64,64x64,synthetic_train
synthetic_standard_uniform_64_00048,synthetic,standard,uniform,64,64x64,synthetic_train
synthetic_standard_checkerboard_64_00049,synthetic,standard,checkerboard,64,64x64,synthetic_train
synthetic_standard_checkerboard_64_00050,synthetic,standard,checkerboard,64,64x64,synthetic_train
synthetic_standard_hotspot_64_00051,synthetic,standard,hotspot,64,64x64,synthetic_test
synthetic_standard_multihotspot_64_00052,synthetic,standard,multihotspot,64,64x64,synthetic_train
synthetic_standard_hotspot_64_00053,synthetic,standard,hotspot,64,64x64,synthetic_train
synthetic_standard_checkerboard_64_00054,synthetic,standard,checkerboard,64,64x64,synthetic_test
synthetic_standard_hotspot_64_00055,synthetic,standard,hotspot,64,64x64,synthetic_test
synthetic_standard_multihotspot_64_00056,synthetic,standard,multihotspot,64,64x64,synthetic_train
synthetic_standard_checkerboard_64_00057,synthetic,standard,checkerboard,64,64x64,synthetic_train
synthetic_standard_quadrant_64_00058,synthetic,standard,quadrant,64,64x64,synthetic_train
synthetic_standard_checkerboard_64_00059,synthetic,standard,checkerboard,64,64x64,synthetic_val
synthetic_standard_checkerboard_64_00060,synthetic,standard,checkerboard,64,64x64,synthetic_train
synthetic_standard_checkerboard_64_00061,synthetic,standard,checkerboard,64,64x64,synthetic_train
synthetic_standard_multihotspot_64_00062,synthetic,standard,multihotspot,64,64x64,synthetic_train
synthetic_standard_quadrant_64_00063,synthetic,standard,quadrant,64,64x64,synthetic_test
synthetic_standard_checkerboard_64_00064,synthetic,standard,checkerboard,64,64x64,synthetic_train
synthetic_standard_multihotspot_64_00065,synthetic,standard,multihotspot,64,64x64,synthetic_test
synthetic_standard_multihotspot_64_00066,synthetic,standard,multihotspot,64,64x64,synthetic_train
synthetic_standard_checkerboard_64_00067,synthetic,standard,checkerboard,64,64x64,synthetic_train
synthetic_standard_uniform_64_00068,synthetic,standard,uniform,64,64x64,synthetic_train
synthetic_standard_uniform_64_00069,synthetic,standard,uniform,64,64x64,synthetic_train
synthetic_standard_checkerboard_64_00070,synthetic,standard,checkerboard,64,64x64,synthetic_test
synthetic_standard_checkerboard_64_00071,synthetic,standard,checkerboard,64,64x64,synthetic_train
synthetic_standard_hotspot_64_00072,synthetic,standard,hotspot,64,64x64,synthetic_val
synthetic_standard_hotspot_64_00073,synthetic,standard,hotspot,64,64x64,synthetic_train
synthetic_standard_stripes_64_00074,synthetic,standard,stripes,64,64x64,synthetic_train
synthetic_standard_checkerboard_64_00075,synthetic,standard,checkerboard,64,64x64,synthetic_train
synthetic_standard_hotspot_64_00076,synthetic,standard,hotspot,64,64x64,synthetic_train
synthetic_standard_uniform_64_00077,synthetic,standard,uniform,64,64x64,synthetic_test
synthetic_standard_quadrant_64_00078,synthetic,standard,quadrant,64,64x64,synthetic_train
synthetic_standard_quadrant_64_00079,synthetic,standard,quadrant,64,64x64,synthetic_val
synthetic_standard_hotspot_64_00080,synthetic,standard,hotspot,64,64x64,synthetic_train
synthetic_standard_checkerboard_64_00081,synthetic,standard,checkerboard,64,64x64,synthetic_train
synthetic_standard_uniform_64_00082,synthetic,standard,uniform,64,64x64,synthetic_train
synthetic_standard_multihotspot_64_00083,synthetic,standard,multihotspot,64,64x64,synthetic_train
synthetic_standard_uniform_64_00084,synthetic,standard,uniform,64,64x64,synthetic_train
synthetic_standard_quadrant_64_00085,synthetic,standard,quadrant,64,64x64,synthetic_train
synthetic_standard_uniform_64_00086,synthetic,standard,uniform,64,64x64,synthetic_val
synthetic_standard_checkerboard_64_00087,synthetic,standard,checkerboard,64,64x64,synthetic_train
synthetic_standard_stripes_64_00088,synthetic,standard,stripes,64,64x64,synthetic_train
synthetic_standard_multihotspot_64_00089,synthetic,standard,multihotspot,64,64x64,synthetic_train
synthetic_standard_hotspot_64_00090,synthetic,standard,hotspot,64,64x64,synthetic_val
synthetic_standard_hotspot_64_00091,synthetic,standard,hotspot,64,64x64,synthetic_train
synthetic_standard_checkerboard_64_00092,synthetic,standard,checkerboard,64,64x64,synthetic_test
synthetic_standard_quadrant_64_00093,synthetic,standard,quadrant,64,64x64,synthetic_val
synthetic_standard_uniform_64_00094,synthetic,standard,uniform,64,64x64,synthetic_val
synthetic_standard_quadrant_64_00095,synthetic,standard,quadrant,64,64x64,synthetic_train
synthetic_standard_quadrant_64_00096,synthetic,standard,quadrant,64,64x64,synthetic_test
synthetic_standard_checkerboard_64_00097,synthetic,standard,checkerboard,64,64x64,synthetic_train
synthetic_standard_multihotspot_64_00098,synthetic,standard,multihotspot,64,64x64,synthetic_test
synthetic_standard_checkerboard_64_00099,synthetic,standard,checkerboard,64,64x64,synthetic_train
synthetic_standard_checkerboard_64_00100,synthetic,standard,checkerboard,64,64x64,synthetic_val
synthetic_standard_hotspot_64_00101,synthetic,standard,hotspot,64,64x64,synthetic_train
synthetic_standard_quadrant_64_00102,synthetic,standard,quadrant,64,64x64,synthetic_train
synthetic_standard_hotspot_64_00103,synthetic,standard,hotspot,64,64x64,synthetic_train
synthetic_standard_hotspot_64_00104,synthetic,standard,hotspot,64,64x64,synthetic_val
synthetic_standard_uniform_64_00105,synthetic,standard,uniform,64,64x64,synthetic_train
synthetic_standard_stripes_64_00106,synthetic,standard,stripes,64,64x64,synthetic_train
synthetic_standard_stripes_64_00107,synthetic,standard,stripes,64,64x64,synthetic_test
synthetic_standard_uniform_64_00108,synthetic,standard,uniform,64,64x64,synthetic_train
synthetic_standard_quadrant_64_00109,synthetic,standard,quadrant,64,64x64,synthetic_train
synthetic_standard_hotspot_64_00110,synthetic,standard,hotspot,64,64x64,synthetic_test
synthetic_standard_hotspot_64_00111,synthetic,standard,hotspot,64,64x64,synthetic_train
synthetic_standard_uniform_64_00112,synthetic,standard,uniform,64,64x64,synthetic_train
synthetic_standard_multihotspot_64_00113,synthetic,standard,multihotspot,64,64x64,synthetic_train
synthetic_standard_checkerboard_64_00114,synthetic,standard,checkerboard,64,64x64,synthetic_train
synthetic_standard_hotspot_64_00115,synthetic,standard,hotspot,64,64x64,synthetic_train
synthetic_standard_checkerboard_64_00116,synthetic,standard,checkerboard,64,64x64,synthetic_train
synthetic_standard_uniform_64_00117,synthetic,standard,uniform,64,64x64,synthetic_val
synthetic_standard_multihotspot_64_00118,synthetic,standard,multihotspot,64,64x64,synthetic_val
synthetic_standard_checkerboard_64_00119,synthetic,standard,checkerboard,64,64x64,synthetic_test
synthetic_standard_checkerboard_64_00120,synthetic,standard,checkerboard,64,64x64,synthetic_train
synthetic_standard_hotspot_64_00121,synthetic,standard,hotspot,64,64x64,synthetic_train
synthetic_standard_uniform_64_00122,synthetic,standard,uniform,64,64x64,synthetic_train
synthetic_standard_hotspot_64_00123,synthetic,standard,hotspot,64,64x64,synthetic_test
synthetic_standard_quadrant_64_00124,synthetic,standard,quadrant,64,64x64,synthetic_train
synthetic_standard_uniform_64_00125,synthetic,standard,uniform,64,64x64,synthetic_train
synthetic_standard_multihotspot_64_00126,synthetic,standard,multihotspot,64,64x64,synthetic_train
synthetic_standard_multihotspot_64_00127,synthetic,standard,multihotspot,64,64x64,synthetic_train
synthetic_standard_hotspot_64_00128,synthetic,standard,hotspot,64,64x64,synthetic_val
synthetic_standard_checkerboard_64_00129,synthetic,standard,checkerboard,64,64x64,synthetic_train
synthetic_standard_hotspot_64_00130,synthetic,standard,hotspot,64,64x64,synthetic_train
synthetic_standard_hotspot_64_00131,synthetic,standard,hotspot,64,64x64,synthetic_train
synthetic_standard_quadrant_64_00132,synthetic,standard,quadrant,64,64x64,synthetic_train
synthetic_standard_stripes_64_00133,synthetic,standard,stripes,64,64x64,synthetic_train
synthetic_standard_uniform_64_00134,synthetic,standard,uniform,64,64x64,synthetic_train
synthetic_standard_uniform_64_00135,synthetic,standard,uniform,64,64x64,synthetic_val
synthetic_standard_quadrant_64_00136,synthetic,standard,quadrant,64,64x64,synthetic_train
synthetic_standard_quadrant_64_00137,synthetic,standard,quadrant,64,64x64,synthetic_train
synthetic_standard_multihotspot_64_00138,synthetic,standard,multihotspot,64,64x64,synthetic_train
synthetic_standard_quadrant_64_00139,synthetic,standard,quadrant,64,64x64,synthetic_train
synthetic_standard_hotspot_64_00140,synthetic,standard,hotspot,64,64x64,synthetic_train
synthetic_standard_multihotspot_64_00141,synthetic,standard,multihotspot,64,64x64,synthetic_train
synthetic_standard_hotspot_64_00142,synthetic,standard,hotspot,64,64x64,synthetic_train
synthetic_standard_stripes_64_00143,synthetic,standard,stripes,64,64x64,synthetic_test
synthetic_standard_uniform_64_00144,synthetic,standard,uniform,64,64x64,synthetic_train
synthetic_standard_uniform_64_00145,synthetic,standard,uniform,64,64x64,synthetic_train
synthetic_standard_quadrant_64_00146,synthetic,standard,quadrant,64,64x64,synthetic_train
synthetic_standard_checkerboard_64_00147,synthetic,standard,checkerboard,64,64x64,synthetic_train
synthetic_standard_multihotspot_64_00148,synthetic,standard,multihotspot,64,64x64,synthetic_val
synthetic_standard_quadrant_64_00149,synthetic,standard,quadrant,64,64x64,synthetic_train
synthetic_standard_checkerboard_64_00150,synthetic,standard,checkerboard,64,64x64,synthetic_val
synthetic_standard_checkerboard_64_00151,synthetic,standard,checkerboard,64,64x64,synthetic_val
synthetic_standard_quadrant_64_00152,synthetic,standard,quadrant,64,64x64,synthetic_train
synthetic_standard_hotspot_64_00153,synthetic,standard,hotspot,64,64x64,synthetic_train
synthetic_standard_quadrant_64_00154,synthetic,standard,quadrant,64,64x64,synthetic_test
synthetic_standard_quadrant_64_00155,synthetic,standard,quadrant,64,64x64,synthetic_train
synthetic_standard_quadrant_64_00156,synthetic,standard,quadrant,64,64x64,synthetic_test
synthetic_standard_uniform_64_00157,synthetic,standard,uniform,64,64x64,synthetic_train
synthetic_standard_checkerboard_64_00158,synthetic,standard,checkerboard,64,64x64,synthetic_train
synthetic_standard_stripes_64_00159,synthetic,standard,stripes,64,64x64,synthetic_train
synthetic_standard_quadrant_64_00160,synthetic,standard,quadrant,64,64x64,synthetic_train
synthetic_standard_quadrant_64_00161,synthetic,standard,quadrant,64,64x64,synthetic_train
synthetic_standard_multihotspot_64_00162,synthetic,standard,multihotspot,64,64x64,synthetic_test
synthetic_standard_hotspot_64_00163,synthetic,standard,hotspot,64,64x64,synthetic_train
synthetic_standard_uniform_64_00164,synthetic,standard,uniform,64,64x64,synthetic_test
synthetic_standard_quadrant_64_00165,synthetic,standard,quadrant,64,64x64,synthetic_train
synthetic_standard_hotspot_64_00166,synthetic,standard,hotspot,64,64x64,synthetic_test
synthetic_standard_multihotspot_64_00167,synthetic,standard,multihotspot,64,64x64,synthetic_train
synthetic_standard_quadrant_64_00168,synthetic,standard,quadrant,64,64x64,synthetic_val
synthetic_standard_stripes_64_00169,synthetic,standard,stripes,64,64x64,synthetic_train
synthetic_standard_hotspot_64_00170,synthetic,standard,hotspot,64,64x64,synthetic_train
synthetic_standard_hotspot_64_00171,synthetic,standard,hotspot,64,64x64,synthetic_val
synthetic_standard_multihotspot_64_00172,synthetic,standard,multihotspot,64,64x64,synthetic_train
synthetic_standard_checkerboard_64_00173,synthetic,standard,checkerboard,64,64x64,synthetic_train
synthetic_standard_checkerboard_64_00174,synthetic,standard,checkerboard,64,64x64,synthetic_train
synthetic_standard_stripes_64_00175,synthetic,standard,stripes,64,64x64,synthetic_train
synthetic_standard_quadrant_64_00176,synthetic,standard,quadrant,64,64x64,synthetic_train
synthetic_standard_hotspot_64_00177,synthetic,standard,hotspot,64,64x64,synthetic_train
synthetic_standard_quadrant_64_00178,synthetic,standard,quadrant,64,64x64,synthetic_train
synthetic_standard_hotspot_64_00179,synthetic,standard,hotspot,64,64x64,synthetic_val
synthetic_standard_quadrant_64_00180,synthetic,standard,quadrant,64,64x64,synthetic_test
synthetic_standard_hotspot_64_00181,synthetic,standard,hotspot,64,64x64,synthetic_train
synthetic_standard_multihotspot_64_00182,synthetic,standard,multihotspot,64,64x64,synthetic_train
synthetic_standard_hotspot_64_00183,synthetic,standard,hotspot,64,64x64,synthetic_train
synthetic_standard_uniform_64_00184,synthetic,standard,uniform,64,64x64,synthetic_train
synthetic_standard_hotspot_64_00185,synthetic,standard,hotspot,64,64x64,synthetic_train
synthetic_standard_hotspot_64_00186,synthetic,standard,hotspot,64,64x64,synthetic_train
synthetic_standard_hotspot_64_00187,synthetic,standard,hotspot,64,64x64,synthetic_train
synthetic_standard_stripes_64_00188,synthetic,standard,stripes,64,64x64,synthetic_val
synthetic_standard_stripes_64_00189,synthetic,standard,stripes,64,64x64,synthetic_train
synthetic_standard_hotspot_64_00190,synthetic,standard,hotspot,64,64x64,synthetic_val
synthetic_standard_multihotspot_64_00191,synthetic,standard,multihotspot,64,64x64,synthetic_train
synthetic_standard_uniform_64_00192,synthetic,standard,uniform,64,64x64,synthetic_test
synthetic_standard_hotspot_64_00193,synthetic,standard,hotspot,64,64x64,synthetic_train
synthetic_standard_hotspot_64_00194,synthetic,standard,hotspot,64,64x64,synthetic_train
synthetic_standard_stripes_64_00195,synthetic,standard,stripes,64,64x64,synthetic_test
synthetic_standard_hotspot_64_00196,synthetic,standard,hotspot,64,64x64,synthetic_train
synthetic_standard_hotspot_64_00197,synthetic,standard,hotspot,64,64x64,synthetic_train
synthetic_standard_multihotspot_64_00198,synthetic,standard,multihotspot,64,64x64,synthetic_train
synthetic_standard_uniform_64_00199,synthetic,standard,uniform,64,64x64,synthetic_train
synthetic_systolic_wavefront_64_00000,synthetic,systolic,wavefront,64,64x64,synthetic_val
synthetic_systolic_banded_64_00001,synthetic,systolic,banded,64,64x64,synthetic_train
synthetic_systolic_wavefront_64_00002,synthetic,systolic,wavefront,64,64x64,synthetic_val
synthetic_systolic_checkerboard_64_00003,synthetic,systolic,checkerboard,64,64x64,synthetic_val
synthetic_systolic_wavefront_64_00004,synthetic,systolic,wavefront,64,64x64,synthetic_train
synthetic_systolic_checkerboard_64_00005,synthetic,systolic,checkerboard,64,64x64,synthetic_train
synthetic_systolic_uniform_64_00006,synthetic,systolic,uniform,64,64x64,synthetic_val
synthetic_systolic_wavefront_64_00007,synthetic,systolic,wavefront,64,64x64,synthetic_train
synthetic_systolic_checkerboard_64_00008,synthetic,systolic,checkerboard,64,64x64,synthetic_train
synthetic_systolic_wavefront_64_00009,synthetic,systolic,wavefront,64,64x64,synthetic_train
synthetic_systolic_checkerboard_64_00010,synthetic,systolic,checkerboard,64,64x64,synthetic_test
synthetic_systolic_checkerboard_64_00011,synthetic,systolic,checkerboard,64,64x64,synthetic_test
synthetic_systolic_uniform_64_00012,synthetic,systolic,uniform,64,64x64,synthetic_train
synthetic_systolic_checkerboard_64_00013,synthetic,systolic,checkerboard,64,64x64,synthetic_train
synthetic_systolic_hotspot_64_00014,synthetic,systolic,hotspot,64,64x64,synthetic_train
synthetic_systolic_checkerboard_64_00015,synthetic,systolic,checkerboard,64,64x64,synthetic_train
synthetic_systolic_uniform_64_00016,synthetic,systolic,uniform,64,64x64,synthetic_train
synthetic_systolic_wavefront_64_00017,synthetic,systolic,wavefront,64,64x64,synthetic_train
synthetic_systolic_wavefront_64_00018,synthetic,systolic,wavefront,64,64x64,synthetic_train
synthetic_systolic_hotspot_64_00019,synthetic,systolic,hotspot,64,64x64,synthetic_val
synthetic_systolic_banded_64_00020,synthetic,systolic,banded,64,64x64,synthetic_train
synthetic_systolic_uniform_64_00021,synthetic,systolic,uniform,64,64x64,synthetic_val
synthetic_systolic_checkerboard_64_00022,synthetic,systolic,checkerboard,64,64x64,synthetic_val
synthetic_systolic_hotspot_64_00023,synthetic,systolic,hotspot,64,64x64,synthetic_test
synthetic_systolic_uniform_64_00024,synthetic,systolic,uniform,64,64x64,synthetic_train
synthetic_systolic_wavefront_64_00025,synthetic,systolic,wavefront,64,64x64,synthetic_train
synthetic_systolic_uniform_64_00026,synthetic,systolic,uniform,64,64x64,synthetic_test
synthetic_systolic_hotspot_64_00027,synthetic,systolic,hotspot,64,64x64,synthetic_train
synthetic_systolic_uniform_64_00028,synthetic,systolic,uniform,64,64x64,synthetic_train
synthetic_systolic_hotspot_64_00029,synthetic,systolic,hotspot,64,64x64,synthetic_train
synthetic_systolic_checkerboard_64_00030,synthetic,systolic,checkerboard,64,64x64,synthetic_val
synthetic_systolic_wavefront_64_00031,synthetic,systolic,wavefront,64,64x64,synthetic_train
synthetic_systolic_checkerboard_64_00032,synthetic,systolic,checkerboard,64,64x64,synthetic_train
synthetic_systolic_hotspot_64_00033,synthetic,systolic,hotspot,64,64x64,synthetic_test
synthetic_systolic_hotspot_64_00034,synthetic,systolic,hotspot,64,64x64,synthetic_train
synthetic_systolic_hotspot_64_00035,synthetic,systolic,hotspot,64,64x64,synthetic_train
synthetic_systolic_wavefront_64_00036,synthetic,systolic,wavefront,64,64x64,synthetic_train
synthetic_systolic_banded_64_00037,synthetic,systolic,banded,64,64x64,synthetic_train
synthetic_systolic_banded_64_00038,synthetic,systolic,banded,64,64x64,synthetic_train
synthetic_systolic_uniform_64_00039,synthetic,systolic,uniform,64,64x64,synthetic_val
synthetic_systolic_hotspot_64_00040,synthetic,systolic,hotspot,64,64x64,synthetic_train
synthetic_systolic_uniform_64_00041,synthetic,systolic,uniform,64,64x64,synthetic_train
synthetic_systolic_wavefront_64_00042,synthetic,systolic,wavefront,64,64x64,synthetic_test
synthetic_systolic_uniform_64_00043,synthetic,systolic,uniform,64,64x64,synthetic_val
synthetic_systolic_checkerboard_64_00044,synthetic,systolic,checkerboard,64,64x64,synthetic_train
synthetic_systolic_uniform_64_00045,synthetic,systolic,uniform,64,64x64,synthetic_train
synthetic_systolic_checkerboard_64_00046,synthetic,systolic,checkerboard,64,64x64,synthetic_train
synthetic_systolic_hotspot_64_00047,synthetic,systolic,hotspot,64,64x64,synthetic_test
synthetic_systolic_hotspot_64_00048,synthetic,systolic,hotspot,64,64x64,synthetic_train
synthetic_systolic_checkerboard_64_00049,synthetic,systolic,checkerboard,64,64x64,synthetic_val
synthetic_systolic_banded_64_00050,synthetic,systolic,banded,64,64x64,synthetic_train
synthetic_systolic_wavefront_64_00051,synthetic,systolic,wavefront,64,64x64,synthetic_test
synthetic_systolic_wavefront_64_00052,synthetic,systolic,wavefront,64,64x64,synthetic_train
synthetic_systolic_uniform_64_00053,synthetic,systolic,uniform,64,64x64,synthetic_train
synthetic_systolic_uniform_64_00054,synthetic,systolic,uniform,64,64x64,synthetic_train
synthetic_systolic_wavefront_64_00055,synthetic,systolic,wavefront,64,64x64,synthetic_train
synthetic_systolic_banded_64_00056,synthetic,systolic,banded,64,64x64,synthetic_train
synthetic_systolic_banded_64_00057,synthetic,systolic,banded,64,64x64,synthetic_test
synthetic_systolic_wavefront_64_00058,synthetic,systolic,wavefront,64,64x64,synthetic_train
synthetic_systolic_banded_64_00059,synthetic,systolic,banded,64,64x64,synthetic_test
synthetic_systolic_banded_64_00060,synthetic,systolic,banded,64,64x64,synthetic_train
synthetic_systolic_uniform_64_00061,synthetic,systolic,uniform,64,64x64,synthetic_test
synthetic_systolic_hotspot_64_00062,synthetic,systolic,hotspot,64,64x64,synthetic_train
synthetic_systolic_uniform_64_00063,synthetic,systolic,uniform,64,64x64,synthetic_val
synthetic_systolic_hotspot_64_00064,synthetic,systolic,hotspot,64,64x64,synthetic_train
synthetic_systolic_hotspot_64_00065,synthetic,systolic,hotspot,64,64x64,synthetic_train
synthetic_systolic_checkerboard_64_00066,synthetic,systolic,checkerboard,64,64x64,synthetic_val
synthetic_systolic_checkerboard_64_00067,synthetic,systolic,checkerboard,64,64x64,synthetic_train
synthetic_systolic_checkerboard_64_00068,synthetic,systolic,checkerboard,64,64x64,synthetic_train
synthetic_systolic_wavefront_64_00069,synthetic,systolic,wavefront,64,64x64,synthetic_train
synthetic_systolic_hotspot_64_00070,synthetic,systolic,hotspot,64,64x64,synthetic_val
synthetic_systolic_hotspot_64_00071,synthetic,systolic,hotspot,64,64x64,synthetic_val
synthetic_systolic_banded_64_00072,synthetic,systolic,banded,64,64x64,synthetic_val
synthetic_systolic_wavefront_64_00073,synthetic,systolic,wavefront,64,64x64,synthetic_train
synthetic_systolic_wavefront_64_00074,synthetic,systolic,wavefront,64,64x64,synthetic_val
synthetic_systolic_banded_64_00075,synthetic,systolic,banded,64,64x64,synthetic_train
synthetic_systolic_hotspot_64_00076,synthetic,systolic,hotspot,64,64x64,synthetic_val
synthetic_systolic_checkerboard_64_00077,synthetic,systolic,checkerboard,64,64x64,synthetic_train
synthetic_systolic_banded_64_00078,synthetic,systolic,banded,64,64x64,synthetic_val
synthetic_systolic_uniform_64_00079,synthetic,systolic,uniform,64,64x64,synthetic_train
synthetic_systolic_hotspot_64_00080,synthetic,systolic,hotspot,64,64x64,synthetic_train
synthetic_systolic_checkerboard_64_00081,synthetic,systolic,checkerboard,64,64x64,synthetic_test
synthetic_systolic_uniform_64_00082,synthetic,systolic,uniform,64,64x64,synthetic_train
synthetic_systolic_hotspot_64_00083,synthetic,systolic,hotspot,64,64x64,synthetic_train
synthetic_systolic_uniform_64_00084,synthetic,systolic,uniform,64,64x64,synthetic_train
synthetic_systolic_checkerboard_64_00085,synthetic,systolic,checkerboard,64,64x64,synthetic_train
synthetic_systolic_banded_64_00086,synthetic,systolic,banded,64,64x64,synthetic_train
synthetic_systolic_hotspot_64_00087,synthetic,systolic,hotspot,64,64x64,synthetic_test
synthetic_systolic_wavefront_64_00088,synthetic,systolic,wavefront,64,64x64,synthetic_train
synthetic_systolic_wavefront_64_00089,synthetic,systolic,wavefront,64,64x64,synthetic_train
synthetic_systolic_checkerboard_64_00090,synthetic,systolic,checkerboard,64,64x64,synthetic_train
synthetic_systolic_wavefront_64_00091,synthetic,systolic,wavefront,64,64x64,synthetic_val
synthetic_systolic_hotspot_64_00092,synthetic,systolic,hotspot,64,64x64,synthetic_test
synthetic_systolic_wavefront_64_00093,synthetic,systolic,wavefront,64,64x64,synthetic_train
synthetic_systolic_checkerboard_64_00094,synthetic,systolic,checkerboard,64,64x64,synthetic_train
synthetic_systolic_hotspot_64_00095,synthetic,systolic,hotspot,64,64x64,synthetic_test
synthetic_systolic_checkerboard_64_00096,synthetic,systolic,checkerboard,64,64x64,synthetic_train
synthetic_systolic_uniform_64_00097,synthetic,systolic,uniform,64,64x64,synthetic_train
synthetic_systolic_checkerboard_64_00098,synthetic,systolic,checkerboard,64,64x64,synthetic_train
synthetic_systolic_checkerboard_64_00099,synthetic,systolic,checkerboard,64,64x64,synthetic_train
synthetic_systolic_checkerboard_64_00100,synthetic,systolic,checkerboard,64,64x64,synthetic_train
synthetic_systolic_uniform_64_00101,synthetic,systolic,uniform,64,64x64,synthetic_train
synthetic_systolic_hotspot_64_00102,synthetic,systolic,hotspot,64,64x64,synthetic_train
synthetic_systolic_checkerboard_64_00103,synthetic,systolic,checkerboard,64,64x64,synthetic_train
synthetic_systolic_hotspot_64_00104,synthetic,systolic,hotspot,64,64x64,synthetic_val
synthetic_systolic_banded_64_00105,synthetic,systolic,banded,64,64x64,synthetic_train
synthetic_systolic_wavefront_64_00106,synthetic,systolic,wavefront,64,64x64,synthetic_train
synthetic_systolic_uniform_64_00107,synthetic,systolic,uniform,64,64x64,synthetic_test
synthetic_systolic_hotspot_64_00108,synthetic,systolic,hotspot,64,64x64,synthetic_train
synthetic_systolic_uniform_64_00109,synthetic,systolic,uniform,64,64x64,synthetic_train
synthetic_systolic_checkerboard_64_00110,synthetic,systolic,checkerboard,64,64x64,synthetic_train
synthetic_systolic_wavefront_64_00111,synthetic,systolic,wavefront,64,64x64,synthetic_train
synthetic_systolic_uniform_64_00112,synthetic,systolic,uniform,64,64x64,synthetic_train
synthetic_systolic_hotspot_64_00113,synthetic,systolic,hotspot,64,64x64,synthetic_val
synthetic_systolic_banded_64_00114,synthetic,systolic,banded,64,64x64,synthetic_train
synthetic_systolic_checkerboard_64_00115,synthetic,systolic,checkerboard,64,64x64,synthetic_test
synthetic_systolic_checkerboard_64_00116,synthetic,systolic,checkerboard,64,64x64,synthetic_train
synthetic_systolic_hotspot_64_00117,synthetic,systolic,hotspot,64,64x64,synthetic_train
synthetic_systolic_banded_64_00118,synthetic,systolic,banded,64,64x64,synthetic_test
synthetic_systolic_checkerboard_64_00119,synthetic,systolic,checkerboard,64,64x64,synthetic_train
synthetic_systolic_banded_64_00120,synthetic,systolic,banded,64,64x64,synthetic_train
synthetic_systolic_wavefront_64_00121,synthetic,systolic,wavefront,64,64x64,synthetic_test
synthetic_systolic_hotspot_64_00122,synthetic,systolic,hotspot,64,64x64,synthetic_train
synthetic_systolic_uniform_64_00123,synthetic,systolic,uniform,64,64x64,synthetic_test
synthetic_systolic_hotspot_64_00124,synthetic,systolic,hotspot,64,64x64,synthetic_train
synthetic_systolic_banded_64_00125,synthetic,systolic,banded,64,64x64,synthetic_train
synthetic_systolic_checkerboard_64_00126,synthetic,systolic,checkerboard,64,64x64,synthetic_val
synthetic_systolic_uniform_64_00127,synthetic,systolic,uniform,64,64x64,synthetic_train
synthetic_systolic_wavefront_64_00128,synthetic,systolic,wavefront,64,64x64,synthetic_train
synthetic_systolic_checkerboard_64_00129,synthetic,systolic,checkerboard,64,64x64,synthetic_train
synthetic_systolic_checkerboard_64_00130,synthetic,systolic,checkerboard,64,64x64,synthetic_train
synthetic_systolic_banded_64_00131,synthetic,systolic,banded,64,64x64,synthetic_train
synthetic_systolic_banded_64_00132,synthetic,systolic,banded,64,64x64,synthetic_val
synthetic_systolic_hotspot_64_00133,synthetic,systolic,hotspot,64,64x64,synthetic_train
synthetic_systolic_hotspot_64_00134,synthetic,systolic,hotspot,64,64x64,synthetic_train
synthetic_systolic_checkerboard_64_00135,synthetic,systolic,checkerboard,64,64x64,synthetic_train
synthetic_systolic_uniform_64_00136,synthetic,systolic,uniform,64,64x64,synthetic_train
synthetic_systolic_checkerboard_64_00137,synthetic,systolic,checkerboard,64,64x64,synthetic_train
synthetic_systolic_banded_64_00138,synthetic,systolic,banded,64,64x64,synthetic_train
synthetic_systolic_wavefront_64_00139,synthetic,systolic,wavefront,64,64x64,synthetic_test
synthetic_systolic_checkerboard_64_00140,synthetic,systolic,checkerboard,64,64x64,synthetic_train
synthetic_systolic_wavefront_64_00141,synthetic,systolic,wavefront,64,64x64,synthetic_test
synthetic_systolic_hotspot_64_00142,synthetic,systolic,hotspot,64,64x64,synthetic_test
synthetic_systolic_banded_64_00143,synthetic,systolic,banded,64,64x64,synthetic_train
synthetic_systolic_checkerboard_64_00144,synthetic,systolic,checkerboard,64,64x64,synthetic_train
synthetic_systolic_banded_64_00145,synthetic,systolic,banded,64,64x64,synthetic_train
synthetic_systolic_hotspot_64_00146,synthetic,systolic,hotspot,64,64x64,synthetic_train
synthetic_systolic_uniform_64_00147,synthetic,systolic,uniform,64,64x64,synthetic_train
synthetic_systolic_wavefront_64_00148,synthetic,systolic,wavefront,64,64x64,synthetic_train
synthetic_systolic_hotspot_64_00149,synthetic,systolic,hotspot,64,64x64,synthetic_train
synthetic_systolic_uniform_64_00150,synthetic,systolic,uniform,64,64x64,synthetic_test
synthetic_systolic_uniform_64_00151,synthetic,systolic,uniform,64,64x64,synthetic_train
synthetic_systolic_checkerboard_64_00152,synthetic,systolic,checkerboard,64,64x64,synthetic_test
synthetic_systolic_hotspot_64_00153,synthetic,systolic,hotspot,64,64x64,synthetic_train
synthetic_systolic_wavefront_64_00154,synthetic,systolic,wavefront,64,64x64,synthetic_train
synthetic_systolic_wavefront_64_00155,synthetic,systolic,wavefront,64,64x64,synthetic_test
synthetic_systolic_banded_64_00156,synthetic,systolic,banded,64,64x64,synthetic_train
synthetic_systolic_hotspot_64_00157,synthetic,systolic,hotspot,64,64x64,synthetic_train
synthetic_systolic_checkerboard_64_00158,synthetic,systolic,checkerboard,64,64x64,synthetic_train
synthetic_systolic_hotspot_64_00159,synthetic,systolic,hotspot,64,64x64,synthetic_train
synthetic_systolic_wavefront_64_00160,synthetic,systolic,wavefront,64,64x64,synthetic_train
synthetic_systolic_hotspot_64_00161,synthetic,systolic,hotspot,64,64x64,synthetic_test
synthetic_systolic_banded_64_00162,synthetic,systolic,banded,64,64x64,synthetic_test
synthetic_systolic_hotspot_64_00163,synthetic,systolic,hotspot,64,64x64,synthetic_val
synthetic_systolic_hotspot_64_00164,synthetic,systolic,hotspot,64,64x64,synthetic_train
synthetic_systolic_uniform_64_00165,synthetic,systolic,uniform,64,64x64,synthetic_train
synthetic_systolic_banded_64_00166,synthetic,systolic,banded,64,64x64,synthetic_train
synthetic_systolic_banded_64_00167,synthetic,systolic,banded,64,64x64,synthetic_val
synthetic_systolic_hotspot_64_00168,synthetic,systolic,hotspot,64,64x64,synthetic_train
synthetic_systolic_banded_64_00169,synthetic,systolic,banded,64,64x64,synthetic_train
synthetic_systolic_banded_64_00170,synthetic,systolic,banded,64,64x64,synthetic_train
synthetic_systolic_checkerboard_64_00171,synthetic,systolic,checkerboard,64,64x64,synthetic_train
synthetic_systolic_checkerboard_64_00172,synthetic,systolic,checkerboard,64,64x64,synthetic_train
synthetic_systolic_uniform_64_00173,synthetic,systolic,uniform,64,64x64,synthetic_train
synthetic_systolic_hotspot_64_00174,synthetic,systolic,hotspot,64,64x64,synthetic_train
synthetic_systolic_uniform_64_00175,synthetic,systolic,uniform,64,64x64,synthetic_train
synthetic_systolic_checkerboard_64_00176,synthetic,systolic,checkerboard,64,64x64,synthetic_test
synthetic_systolic_uniform_64_00177,synthetic,systolic,uniform,64,64x64,synthetic_train
synthetic_systolic_uniform_64_00178,synthetic,systolic,uniform,64,64x64,synthetic_train
synthetic_systolic_uniform_64_00179,synthetic,systolic,uniform,64,64x64,synthetic_train
synthetic_systolic_uniform_64_00180,synthetic,systolic,uniform,64,64x64,synthetic_train
synthetic_systolic_banded_64_00181,synthetic,systolic,banded,64,64x64,synthetic_val
synthetic_systolic_hotspot_64_00182,synthetic,systolic,hotspot,64,64x64,synthetic_train
synthetic_systolic_hotspot_64_00183,synthetic,systolic,hotspot,64,64x64,synthetic_train
synthetic_systolic_uniform_64_00184,synthetic,systolic,uniform,64,64x64,synthetic_test
synthetic_systolic_wavefront_64_00185,synthetic,systolic,wavefront,64,64x64,synthetic_train
synthetic_systolic_wavefront_64_00186,synthetic,systolic,wavefront,64,64x64,synthetic_train
synthetic_systolic_wavefront_64_00187,synthetic,systolic,wavefront,64,64x64,synthetic_train
synthetic_systolic_wavefront_64_00188,synthetic,systolic,wavefront,64,64x64,synthetic_val
synthetic_systolic_wavefront_64_00189,synthetic,systolic,wavefront,64,64x64,synthetic_test
synthetic_systolic_banded_64_00190,synthetic,systolic,banded,64,64x64,synthetic_test
synthetic_systolic_hotspot_64_00191,synthetic,systolic,hotspot,64,64x64,synthetic_train
synthetic_systolic_uniform_64_00192,synthetic,systolic,uniform,64,64x64,synthetic_test
synthetic_systolic_hotspot_64_00193,synthetic,systolic,hotspot,64,64x64,synthetic_train
synthetic_systolic_banded_64_00194,synthetic,systolic,banded,64,64x64,synthetic_test
synthetic_systolic_banded_64_00195,synthetic,systolic,banded,64,64x64,synthetic_train
synthetic_systolic_banded_64_00196,synthetic,systolic,banded,64,64x64,synthetic_train
synthetic_systolic_hotspot_64_00197,synthetic,systolic,hotspot,64,64x64,synthetic_train
synthetic_systolic_wavefront_64_00198,synthetic,systolic,wavefront,64,64x64,synthetic_train
synthetic_systolic_checkerboard_64_00199,synthetic,systolic,checkerboard,64,64x64,synthetic_test
case_02250,anchor_real,standard,checkerboard,2,2x2,anchor_eval
case_02251,anchor_real,standard,hotspot,2,2x2,anchor_eval
case_02252,anchor_real,standard,uniform,2,2x2,anchor_eval
case_02253,anchor_real,systolic,checkerboard,2,2x2,anchor_eval
case_02254,anchor_real,systolic,hotspot,2,2x2,anchor_eval
case_02255,anchor_real,systolic,uniform,2,2x2,anchor_eval
case_02256,anchor_real,standard,checkerboard,4,4x4,anchor_eval
case_02257,anchor_real,standard,hotspot,4,4x4,anchor_eval
case_02258,anchor_real,standard,uniform,4,4x4,anchor_eval
case_02259,anchor_real,systolic,checkerboard,4,4x4,anchor_eval
case_02260,anchor_real,systolic,hotspot,4,4x4,anchor_eval
case_02261,anchor_real,systolic,uniform,4,4x4,anchor_eval
case_02262,anchor_real,standard,checkerboard,8,8x8,anchor_finetune
case_02263,anchor_real,standard,hotspot,8,8x8,anchor_finetune
case_02264,anchor_real,standard,uniform,8,8x8,anchor_finetune
case_02265,anchor_real,systolic,checkerboard,8,8x8,anchor_finetune
case_02266,anchor_real,systolic,hotspot,8,8x8,anchor_finetune
case_02267,anchor_real,systolic,uniform,8,8x8,anchor_finetune
case_02268,anchor_real,standard,checkerboard,16,16x16,anchor_finetune
case_02269,anchor_real,standard,hotspot,16,16x16,anchor_finetune
case_02270,anchor_real,standard,uniform,16,16x16,anchor_finetune
case_02271,anchor_real,systolic,checkerboard,16,16x16,anchor_finetune
case_02272,anchor_real,systolic,hotspot,16,16x16,anchor_finetune
case_02273,anchor_real,systolic,uniform,16,16x16,anchor_finetune
